[debug] [2026-01-30T13:51:53.798Z] ----------------------------------------------------------------------
[debug] [2026-01-30T13:51:53.801Z] Command:       C:\Program Files\nodejs\node.exe C:\Users\offic\AppData\Roaming\npm\node_modules\firebase-tools\lib\bin\firebase.js deploy --only hosting
[debug] [2026-01-30T13:51:53.802Z] CLI Version:   15.5.1
[debug] [2026-01-30T13:51:53.802Z] Platform:      win32
[debug] [2026-01-30T13:51:53.802Z] Node Version:  v22.20.0
[debug] [2026-01-30T13:51:53.802Z] Time:          Fri Jan 30 2026 19:21:53 GMT+0530 (India Standard Time)
[debug] [2026-01-30T13:51:53.803Z] ----------------------------------------------------------------------
[debug] 
[debug] [2026-01-30T13:51:53.805Z] >>> [apiv2][query] GET https://firebase-public.firebaseio.com/cli.json [none]
[debug] [2026-01-30T13:51:55.469Z] > command requires scopes: ["email","openid","https://www.googleapis.com/auth/cloudplatformprojects.readonly","https://www.googleapis.com/auth/firebase","https://www.googleapis.com/auth/cloud-platform"]
[debug] [2026-01-30T13:51:55.470Z] > authorizing via signed-in user (official.shiva1612@gmail.com)
[debug] [2026-01-30T13:51:55.470Z] [iam] checking project heritage-35f8a for permissions ["firebase.projects.get","firebasehosting.sites.update"]
[debug] [2026-01-30T13:51:55.470Z] Checked if tokens are valid: false, expires at: 1767617993652
[debug] [2026-01-30T13:51:55.470Z] Checked if tokens are valid: false, expires at: 1767617993652
[debug] [2026-01-30T13:51:55.471Z] > refreshing access token with scopes: []
[debug] [2026-01-30T13:51:55.471Z] >>> [apiv2][query] POST https://www.googleapis.com/oauth2/v3/token [none]
[debug] [2026-01-30T13:51:55.472Z] >>> [apiv2][body] POST https://www.googleapis.com/oauth2/v3/token [omitted]
[debug] [2026-01-30T13:51:55.805Z] <<< [apiv2][status] POST https://www.googleapis.com/oauth2/v3/token 200
[debug] [2026-01-30T13:51:55.805Z] <<< [apiv2][body] POST https://www.googleapis.com/oauth2/v3/token [omitted]
[debug] [2026-01-30T13:51:55.819Z] >>> [apiv2][query] POST https://cloudresourcemanager.googleapis.com/v1/projects/heritage-35f8a:testIamPermissions [none]
[debug] [2026-01-30T13:51:55.820Z] >>> [apiv2][(partial)header] POST https://cloudresourcemanager.googleapis.com/v1/projects/heritage-35f8a:testIamPermissions  x-goog-user-project=heritage-35f8a
[debug] [2026-01-30T13:51:55.820Z] >>> [apiv2][body] POST https://cloudresourcemanager.googleapis.com/v1/projects/heritage-35f8a:testIamPermissions {"permissions":["firebase.projects.get","firebasehosting.sites.update"]}
[debug] [2026-01-30T13:51:56.166Z] <<< [apiv2][status] GET https://firebase-public.firebaseio.com/cli.json 200
[debug] [2026-01-30T13:51:56.166Z] <<< [apiv2][body] GET https://firebase-public.firebaseio.com/cli.json {"cloudBuildErrorAfter":1594252800000,"cloudBuildWarnAfter":1590019200000,"defaultNode10After":1594252800000,"minVersion":"3.0.5","node8DeploysDisabledAfter":1613390400000,"node8RuntimeDisabledAfter":1615809600000,"node8WarnAfter":1600128000000}
[debug] [2026-01-30T13:51:57.416Z] <<< [apiv2][status] POST https://cloudresourcemanager.googleapis.com/v1/projects/heritage-35f8a:testIamPermissions 200
[debug] [2026-01-30T13:51:57.416Z] <<< [apiv2][body] POST https://cloudresourcemanager.googleapis.com/v1/projects/heritage-35f8a:testIamPermissions {"permissions":["firebase.projects.get","firebasehosting.sites.update"]}
[debug] [2026-01-30T13:51:57.417Z] Checked if tokens are valid: true, expires at: 1769784714805
[debug] [2026-01-30T13:51:57.417Z] Checked if tokens are valid: true, expires at: 1769784714805
[debug] [2026-01-30T13:51:57.418Z] >>> [apiv2][query] GET https://firebase.googleapis.com/v1beta1/projects/heritage-35f8a [none]
[debug] [2026-01-30T13:51:57.987Z] <<< [apiv2][status] GET https://firebase.googleapis.com/v1beta1/projects/heritage-35f8a 200
[debug] [2026-01-30T13:51:57.987Z] <<< [apiv2][body] GET https://firebase.googleapis.com/v1beta1/projects/heritage-35f8a {"projectId":"heritage-35f8a","projectNumber":"498926610639","displayName":"heritage","name":"projects/heritage-35f8a","resources":{"hostingSite":"heritage-35f8a","realtimeDatabaseInstance":"heritage-35f8a-default-rtdb"},"state":"ACTIVE","etag":"1_d45c83de-5cb9-4799-ab7d-f8557abb59a6"}
[info] 
[info] === Deploying to 'heritage-35f8a'...
[info] 
[info] i  deploying hosting 
[debug] [2026-01-30T13:51:57.997Z] Checked if tokens are valid: true, expires at: 1769784714805
[debug] [2026-01-30T13:51:57.998Z] Checked if tokens are valid: true, expires at: 1769784714805
[debug] [2026-01-30T13:51:57.998Z] >>> [apiv2][query] POST https://firebasehosting.googleapis.com/v1beta1/projects/-/sites/heritage-35f8a/versions [none]
[debug] [2026-01-30T13:51:57.998Z] >>> [apiv2][body] POST https://firebasehosting.googleapis.com/v1beta1/projects/-/sites/heritage-35f8a/versions {"status":"CREATED","labels":{"deployment-tool":"cli-firebase"}}
[debug] [2026-01-30T13:52:00.494Z] <<< [apiv2][status] POST https://firebasehosting.googleapis.com/v1beta1/projects/-/sites/heritage-35f8a/versions 200
[debug] [2026-01-30T13:52:00.495Z] <<< [apiv2][body] POST https://firebasehosting.googleapis.com/v1beta1/projects/-/sites/heritage-35f8a/versions {"name":"projects/498926610639/sites/heritage-35f8a/versions/ad45a5e75656e34f","status":"CREATED","config":{},"labels":{"deployment-tool":"cli-firebase"}}
[info] i  hosting[heritage-35f8a]: beginning deploy... 
[info] i  hosting[heritage-35f8a]: found 33 files in dist 
[debug] [2026-01-30T13:52:00.520Z] [hosting] uploading with 200 concurrency
[debug] [2026-01-30T13:52:00.521Z] [hosting] hash cache [ZGlzdA] not populated
[debug] [2026-01-30T13:52:02.453Z] Checked if tokens are valid: true, expires at: 1769784714805
[debug] [2026-01-30T13:52:02.454Z] Checked if tokens are valid: true, expires at: 1769784714805
[debug] [2026-01-30T13:52:02.457Z] [hosting] hash cache [ZGlzdA] stored for 33 files
[debug] [2026-01-30T13:52:02.457Z] [hosting][hash queue][FINAL] {"max":1928,"min":16,"avg":85.78787878787878,"active":0,"complete":33,"success":33,"errored":0,"retried":0,"total":33,"elapsed":1934}
[debug] [2026-01-30T13:52:02.458Z] >>> [apiv2][query] POST https://firebasehosting.googleapis.com/v1beta1/projects/498926610639/sites/heritage-35f8a/versions/ad45a5e75656e34f:populateFiles [none]
[debug] [2026-01-30T13:52:02.458Z] >>> [apiv2][body] POST https://firebasehosting.googleapis.com/v1beta1/projects/498926610639/sites/heritage-35f8a/versions/ad45a5e75656e34f:populateFiles {"files":{"/vite.svg":"699a02e0e68a579f687d364bbbe7633161244f35af068220aee37b1b33dfb3c7","/unesco-sites.json":"3fc2a337eda907bbdf8fba8089fec361b04cb2e3642de85dc8dafc7fb10d44b1","/index.html":"596d53fe90c0f49b10334df46040383ff13f2907f6a63b5eb35ede9eee11a61c","/assets/index-BbRNkwVF.css":"fe957f5b57be6bec38825fe2f6ea893a1c680656e9ba55f937b92e3f0a96e5cf","/assets/Taj Mahal-CIO8kqnl.jpg":"750cf933766ac624871123cdb61610099f1792e4233832870599e37f70040567","/assets/download (2)-BlM4I93h.jpg":"59dbb0f40717ee2b7374781c6ace5902aeae91a0bc7813299dbd9ed24fcfa6bf","/assets/download (1)-BiCNf-0L.jpg":"2b6eb8b01aefae2de996766ce83e99e0687936678486bba2c372d55270d472bb","/assets/Temples Tour of Khajuraho-SLjgF3eM.jpg":"a2d1fd88ec44540291070a74c7f403cd6dbb7af6eb09045d0f3d2a4dcaa948c6","/assets/Redfort-A01QVW58.jpeg":"ae03ef5744050a2d617a430476c970bfed443674bdddf2dcee5412631ba93882","/assets/Taj Mahal Sunrise Tour from Delhi by Akbran Tours Company_-BEsiv9UU.jpg":"c3fb8c4048fc70e463007977820a9fbec11b141f408d103f1d69a0b2314e8c09","/assets/Qutubminar1-Bo9aXqlA.jpeg":"df4a1ef59217cd19a6f664e7a75dad6ab996c352141cd808cb3ffe3f68c29840","/assets/logo-CgwT5vnv.png":"1a4326547198cbebe29c475041d1d33d1c05432fd9a598863710fd3cacb10f83","/assets/First time in New Delhi_ How to survive (and have a good time)-CXXiEI3Q.jpg":"d2b0230ccbd7813da88caf569e989dcb59a82404730fee90aff5b2d05849f520","/assets/The best time to visit Hampi-CC--2c3Z.jpg":"0e1a3f4cbb04238734e7f6822ac0835ee6bd52b944466b5088c74b5396222933","/assets/Sanchi-Dh6StY2-.jpg":"ecc3c9d5e255728171b491f7031daae96e8b593432cdad29c4be495935f3c7c3","/assets/Sachi Stupa.jpg-K1SfCAcr.jpeg":"66b8c1723bc264bbdbf3d585ea91ff8863ddc0ea6f324b7d943d396576bf0351","/assets/kaziranga_main-Cv8iXAGz.jpg":"06925cf5d462ce5b510ab6d348f272f104eb582364c9af04e564723ac7b271b7","/assets/Konark sun temple (2)-BQL9gRk2.jpg":"498417810a28ac655090e5b08a3b0de910ecfe4510a772bf0e05a9641c31f297","/assets/Humpi.jpg-DTiwYlyG.jpeg":"ea75e7d319ccf84959865354f17cda993cd5b0b478b97a696c10cb2c648d5cfc","/assets/download (3)-khnBLXAo.jpg":"22d6c001628a0f17e99a9e38ff4bb83a1159e73be30b507bc112709eec2fa0b6","/assets/The Ellora Caves Complex-U3KiLDQU.jpg":"294de6df528957d5fb44bee72ac1d7b1128a39ffc66e35c90a1ea11e3d7e161f","/assets/Qutub Minar and Complex-Cbnnhl0W.jpg":"067d74ae53356275511ad77ce61091a6504577b0c4ab46b3075fde54d5858245","/assets/Khajurao1-CdddXvq8.jpeg":"2def03265c8430cfc5b4a6658ecd18480367fa51e0705c763b6aa1b0cf44f395","/assets/Ajanta Caves-D57ZJvJy.jpg":"5bdff5d11653ff9542f303b01a0c016149b4147eaee72590f70357b0d26de533","/assets/tajmahal1-DuqRtAnY.jpeg":"7514a5b3027f0128a1de8ba2b73820beb006c5d234410bf2cce86594fa019898","/assets/Ajanta Caves_ Maharashtra-DQHKkKhN.jpg":"ec9ac65dc5c0271482df1fb4c174fad0e1ef3604f65cb2b932ae092e56f03db6","/assets/kaziranga 2.jpg-BH3lbtqx.jpeg":"e0d8e9b91c9041911ce27fdccbf40e30e4c52cdcf4d83c9f9f2cc83f9251462e","/assets/Kailash Temple_ Ellora Caves_ India-BoE9Vv6D.jpg":"1cb4be4e01e7016e5a2a81852fe16dc73730f4f7f55fe3ad0157822316643470","/assets/KonarkSuntemple1-BSz9cNv9.jpeg":"1424ab48678db111fe596b90910230041d75e0fbe3ce3d812ba8bc868ae088fb","/assets/ElloraCaves-67jS4cwJ.jpeg":"4aba719cba7858e30f9ad97e7c94a705151761f321148a64bc979403fe93eacd","/assets/AjantaCaves1-JUny0p0R.jpeg":"f10f9f350628d1ef4a3155108b648a647cc0fc0872a05325ba934e29244da857","/assets/index-DFO3tAf_.js":"ddb2060372d87381f71521b924ee887b4df36855d06b06a003cc0f39074c99da","/monuments.mp4":"51b83b173dc66bb6642357bed94523c24deddb9265b566c1811b14f703f43d65"}}
[debug] [2026-01-30T13:52:02.929Z] <<< [apiv2][status] POST https://firebasehosting.googleapis.com/v1beta1/projects/498926610639/sites/heritage-35f8a/versions/ad45a5e75656e34f:populateFiles 200
[debug] [2026-01-30T13:52:02.930Z] <<< [apiv2][body] POST https://firebasehosting.googleapis.com/v1beta1/projects/498926610639/sites/heritage-35f8a/versions/ad45a5e75656e34f:populateFiles {"uploadRequiredHashes":["4aba719cba7858e30f9ad97e7c94a705151761f321148a64bc979403fe93eacd","7514a5b3027f0128a1de8ba2b73820beb006c5d234410bf2cce86594fa019898","5bdff5d11653ff9542f303b01a0c016149b4147eaee72590f70357b0d26de533","ea75e7d319ccf84959865354f17cda993cd5b0b478b97a696c10cb2c648d5cfc","df4a1ef59217cd19a6f664e7a75dad6ab996c352141cd808cb3ffe3f68c29840","c3fb8c4048fc70e463007977820a9fbec11b141f408d103f1d69a0b2314e8c09","596d53fe90c0f49b10334df46040383ff13f2907f6a63b5eb35ede9eee11a61c","d2b0230ccbd7813da88caf569e989dcb59a82404730fee90aff5b2d05849f520","ecc3c9d5e255728171b491f7031daae96e8b593432cdad29c4be495935f3c7c3","0e1a3f4cbb04238734e7f6822ac0835ee6bd52b944466b5088c74b5396222933","ec9ac65dc5c0271482df1fb4c174fad0e1ef3604f65cb2b932ae092e56f03db6","06925cf5d462ce5b510ab6d348f272f104eb582364c9af04e564723ac7b271b7","2b6eb8b01aefae2de996766ce83e99e0687936678486bba2c372d55270d472bb","699a02e0e68a579f687d364bbbe7633161244f35af068220aee37b1b33dfb3c7","a2d1fd88ec44540291070a74c7f403cd6dbb7af6eb09045d0f3d2a4dcaa948c6","498417810a28ac655090e5b08a3b0de910ecfe4510a772bf0e05a9641c31f297","e0d8e9b91c9041911ce27fdccbf40e30e4c52cdcf4d83c9f9f2cc83f9251462e","ae03ef5744050a2d617a430476c970bfed443674bdddf2dcee5412631ba93882","ddb2060372d87381f71521b924ee887b4df36855d06b06a003cc0f39074c99da","f10f9f350628d1ef4a3155108b648a647cc0fc0872a05325ba934e29244da857","1424ab48678db111fe596b90910230041d75e0fbe3ce3d812ba8bc868ae088fb","22d6c001628a0f17e99a9e38ff4bb83a1159e73be30b507bc112709eec2fa0b6","59dbb0f40717ee2b7374781c6ace5902aeae91a0bc7813299dbd9ed24fcfa6bf","1a4326547198cbebe29c475041d1d33d1c05432fd9a598863710fd3cacb10f83","1cb4be4e01e7016e5a2a81852fe16dc73730f4f7f55fe3ad0157822316643470","750cf933766ac624871123cdb61610099f1792e4233832870599e37f70040567","3fc2a337eda907bbdf8fba8089fec361b04cb2e3642de85dc8dafc7fb10d44b1","2def03265c8430cfc5b4a6658ecd18480367fa51e0705c763b6aa1b0cf44f395","51b83b173dc66bb6642357bed94523c24deddb9265b566c1811b14f703f43d65","067d74ae53356275511ad77ce61091a6504577b0c4ab46b3075fde54d5858245","fe957f5b57be6bec38825fe2f6ea893a1c680656e9ba55f937b92e3f0a96e5cf","66b8c1723bc264bbdbf3d585ea91ff8863ddc0ea6f324b7d943d396576bf0351","294de6df528957d5fb44bee72ac1d7b1128a39ffc66e35c90a1ea11e3d7e161f"],"uploadUrl":"https://upload-firebasehosting.googleapis.com/upload/sites/heritage-35f8a/versions/ad45a5e75656e34f/files"}
[debug] [2026-01-30T13:52:02.932Z] Checked if tokens are valid: true, expires at: 1769784714805
[debug] [2026-01-30T13:52:02.932Z] Checked if tokens are valid: true, expires at: 1769784714805
[debug] [2026-01-30T13:52:02.932Z] Checked if tokens are valid: true, expires at: 1769784714805
[debug] [2026-01-30T13:52:02.932Z] Checked if tokens are valid: true, expires at: 1769784714805
[debug] [2026-01-30T13:52:02.932Z] Checked if tokens are valid: true, expires at: 1769784714805
[debug] [2026-01-30T13:52:02.932Z] Checked if tokens are valid: true, expires at: 1769784714805
[debug] [2026-01-30T13:52:02.932Z] Checked if tokens are valid: true, expires at: 1769784714805
[debug] [2026-01-30T13:52:02.932Z] Checked if tokens are valid: true, expires at: 1769784714805
[debug] [2026-01-30T13:52:02.933Z] Checked if tokens are valid: true, expires at: 1769784714805
[debug] [2026-01-30T13:52:02.933Z] Checked if tokens are valid: true, expires at: 1769784714805
[debug] [2026-01-30T13:52:02.933Z] Checked if tokens are valid: true, expires at: 1769784714805
[debug] [2026-01-30T13:52:02.933Z] Checked if tokens are valid: true, expires at: 1769784714805
[debug] [2026-01-30T13:52:02.933Z] Checked if tokens are valid: true, expires at: 1769784714805
[debug] [2026-01-30T13:52:02.934Z] Checked if tokens are valid: true, expires at: 1769784714805
[debug] [2026-01-30T13:52:02.934Z] Checked if tokens are valid: true, expires at: 1769784714805
[debug] [2026-01-30T13:52:02.934Z] Checked if tokens are valid: true, expires at: 1769784714805
[debug] [2026-01-30T13:52:02.934Z] Checked if tokens are valid: true, expires at: 1769784714805
[debug] [2026-01-30T13:52:02.934Z] Checked if tokens are valid: true, expires at: 1769784714805
[debug] [2026-01-30T13:52:02.934Z] Checked if tokens are valid: true, expires at: 1769784714805
[debug] [2026-01-30T13:52:02.934Z] Checked if tokens are valid: true, expires at: 1769784714805
[debug] [2026-01-30T13:52:02.934Z] Checked if tokens are valid: true, expires at: 1769784714805
[debug] [2026-01-30T13:52:02.934Z] Checked if tokens are valid: true, expires at: 1769784714805
[debug] [2026-01-30T13:52:02.935Z] Checked if tokens are valid: true, expires at: 1769784714805
[debug] [2026-01-30T13:52:02.935Z] Checked if tokens are valid: true, expires at: 1769784714805
[debug] [2026-01-30T13:52:02.935Z] Checked if tokens are valid: true, expires at: 1769784714805
[debug] [2026-01-30T13:52:02.935Z] Checked if tokens are valid: true, expires at: 1769784714805
[debug] [2026-01-30T13:52:02.935Z] Checked if tokens are valid: true, expires at: 1769784714805
[debug] [2026-01-30T13:52:02.935Z] Checked if tokens are valid: true, expires at: 1769784714805
[debug] [2026-01-30T13:52:02.935Z] Checked if tokens are valid: true, expires at: 1769784714805
[debug] [2026-01-30T13:52:02.935Z] Checked if tokens are valid: true, expires at: 1769784714805
[debug] [2026-01-30T13:52:02.935Z] Checked if tokens are valid: true, expires at: 1769784714805
[debug] [2026-01-30T13:52:02.935Z] Checked if tokens are valid: true, expires at: 1769784714805
[debug] [2026-01-30T13:52:02.935Z] Checked if tokens are valid: true, expires at: 1769784714805
[debug] [2026-01-30T13:52:02.935Z] Checked if tokens are valid: true, expires at: 1769784714805
[debug] [2026-01-30T13:52:02.935Z] Checked if tokens are valid: true, expires at: 1769784714805
[debug] [2026-01-30T13:52:02.935Z] Checked if tokens are valid: true, expires at: 1769784714805
[debug] [2026-01-30T13:52:02.935Z] Checked if tokens are valid: true, expires at: 1769784714805
[debug] [2026-01-30T13:52:02.935Z] Checked if tokens are valid: true, expires at: 1769784714805
[debug] [2026-01-30T13:52:02.935Z] Checked if tokens are valid: true, expires at: 1769784714805
[debug] [2026-01-30T13:52:02.935Z] Checked if tokens are valid: true, expires at: 1769784714805
[debug] [2026-01-30T13:52:02.936Z] Checked if tokens are valid: true, expires at: 1769784714805
[debug] [2026-01-30T13:52:02.936Z] Checked if tokens are valid: true, expires at: 1769784714805
[debug] [2026-01-30T13:52:02.936Z] Checked if tokens are valid: true, expires at: 1769784714805
[debug] [2026-01-30T13:52:02.936Z] Checked if tokens are valid: true, expires at: 1769784714805
[debug] [2026-01-30T13:52:02.936Z] Checked if tokens are valid: true, expires at: 1769784714805
[debug] [2026-01-30T13:52:02.936Z] Checked if tokens are valid: true, expires at: 1769784714805
[debug] [2026-01-30T13:52:02.936Z] Checked if tokens are valid: true, expires at: 1769784714805
[debug] [2026-01-30T13:52:02.936Z] Checked if tokens are valid: true, expires at: 1769784714805
[debug] [2026-01-30T13:52:02.936Z] Checked if tokens are valid: true, expires at: 1769784714805
[debug] [2026-01-30T13:52:02.936Z] Checked if tokens are valid: true, expires at: 1769784714805
[debug] [2026-01-30T13:52:02.936Z] Checked if tokens are valid: true, expires at: 1769784714805
[debug] [2026-01-30T13:52:02.936Z] Checked if tokens are valid: true, expires at: 1769784714805
[debug] [2026-01-30T13:52:02.936Z] Checked if tokens are valid: true, expires at: 1769784714805
[debug] [2026-01-30T13:52:02.936Z] Checked if tokens are valid: true, expires at: 1769784714805
[debug] [2026-01-30T13:52:02.936Z] Checked if tokens are valid: true, expires at: 1769784714805
[debug] [2026-01-30T13:52:02.936Z] Checked if tokens are valid: true, expires at: 1769784714805
[debug] [2026-01-30T13:52:02.937Z] Checked if tokens are valid: true, expires at: 1769784714805
[debug] [2026-01-30T13:52:02.937Z] Checked if tokens are valid: true, expires at: 1769784714805
[debug] [2026-01-30T13:52:02.937Z] Checked if tokens are valid: true, expires at: 1769784714805
[debug] [2026-01-30T13:52:02.937Z] Checked if tokens are valid: true, expires at: 1769784714805
[debug] [2026-01-30T13:52:02.937Z] Checked if tokens are valid: true, expires at: 1769784714805
[debug] [2026-01-30T13:52:02.937Z] Checked if tokens are valid: true, expires at: 1769784714805
[debug] [2026-01-30T13:52:02.937Z] Checked if tokens are valid: true, expires at: 1769784714805
[debug] [2026-01-30T13:52:02.937Z] Checked if tokens are valid: true, expires at: 1769784714805
[debug] [2026-01-30T13:52:02.937Z] Checked if tokens are valid: true, expires at: 1769784714805
[debug] [2026-01-30T13:52:02.937Z] Checked if tokens are valid: true, expires at: 1769784714805
[debug] [2026-01-30T13:52:02.937Z] >>> [apiv2][query] POST https://upload-firebasehosting.googleapis.com/upload/sites/heritage-35f8a/versions/ad45a5e75656e34f/files/4aba719cba7858e30f9ad97e7c94a705151761f321148a64bc979403fe93eacd [none]
[debug] [2026-01-30T13:52:02.937Z] >>> [apiv2][body] POST https://upload-firebasehosting.googleapis.com/upload/sites/heritage-35f8a/versions/ad45a5e75656e34f/files/4aba719cba7858e30f9ad97e7c94a705151761f321148a64bc979403fe93eacd [stream]
[debug] [2026-01-30T13:52:02.944Z] >>> [apiv2][query] POST https://upload-firebasehosting.googleapis.com/upload/sites/heritage-35f8a/versions/ad45a5e75656e34f/files/7514a5b3027f0128a1de8ba2b73820beb006c5d234410bf2cce86594fa019898 [none]
[debug] [2026-01-30T13:52:02.944Z] >>> [apiv2][body] POST https://upload-firebasehosting.googleapis.com/upload/sites/heritage-35f8a/versions/ad45a5e75656e34f/files/7514a5b3027f0128a1de8ba2b73820beb006c5d234410bf2cce86594fa019898 [stream]
[debug] [2026-01-30T13:52:02.946Z] >>> [apiv2][query] POST https://upload-firebasehosting.googleapis.com/upload/sites/heritage-35f8a/versions/ad45a5e75656e34f/files/5bdff5d11653ff9542f303b01a0c016149b4147eaee72590f70357b0d26de533 [none]
[debug] [2026-01-30T13:52:02.946Z] >>> [apiv2][body] POST https://upload-firebasehosting.googleapis.com/upload/sites/heritage-35f8a/versions/ad45a5e75656e34f/files/5bdff5d11653ff9542f303b01a0c016149b4147eaee72590f70357b0d26de533 [stream]
[debug] [2026-01-30T13:52:02.947Z] >>> [apiv2][query] POST https://upload-firebasehosting.googleapis.com/upload/sites/heritage-35f8a/versions/ad45a5e75656e34f/files/ea75e7d319ccf84959865354f17cda993cd5b0b478b97a696c10cb2c648d5cfc [none]
[debug] [2026-01-30T13:52:02.948Z] >>> [apiv2][body] POST https://upload-firebasehosting.googleapis.com/upload/sites/heritage-35f8a/versions/ad45a5e75656e34f/files/ea75e7d319ccf84959865354f17cda993cd5b0b478b97a696c10cb2c648d5cfc [stream]
[debug] [2026-01-30T13:52:02.949Z] >>> [apiv2][query] POST https://upload-firebasehosting.googleapis.com/upload/sites/heritage-35f8a/versions/ad45a5e75656e34f/files/df4a1ef59217cd19a6f664e7a75dad6ab996c352141cd808cb3ffe3f68c29840 [none]
[debug] [2026-01-30T13:52:02.949Z] >>> [apiv2][body] POST https://upload-firebasehosting.googleapis.com/upload/sites/heritage-35f8a/versions/ad45a5e75656e34f/files/df4a1ef59217cd19a6f664e7a75dad6ab996c352141cd808cb3ffe3f68c29840 [stream]
[debug] [2026-01-30T13:52:02.950Z] >>> [apiv2][query] POST https://upload-firebasehosting.googleapis.com/upload/sites/heritage-35f8a/versions/ad45a5e75656e34f/files/c3fb8c4048fc70e463007977820a9fbec11b141f408d103f1d69a0b2314e8c09 [none]
[debug] [2026-01-30T13:52:02.950Z] >>> [apiv2][body] POST https://upload-firebasehosting.googleapis.com/upload/sites/heritage-35f8a/versions/ad45a5e75656e34f/files/c3fb8c4048fc70e463007977820a9fbec11b141f408d103f1d69a0b2314e8c09 [stream]
[debug] [2026-01-30T13:52:02.952Z] >>> [apiv2][query] POST https://upload-firebasehosting.googleapis.com/upload/sites/heritage-35f8a/versions/ad45a5e75656e34f/files/596d53fe90c0f49b10334df46040383ff13f2907f6a63b5eb35ede9eee11a61c [none]
[debug] [2026-01-30T13:52:02.952Z] >>> [apiv2][body] POST https://upload-firebasehosting.googleapis.com/upload/sites/heritage-35f8a/versions/ad45a5e75656e34f/files/596d53fe90c0f49b10334df46040383ff13f2907f6a63b5eb35ede9eee11a61c [stream]
[debug] [2026-01-30T13:52:02.953Z] >>> [apiv2][query] POST https://upload-firebasehosting.googleapis.com/upload/sites/heritage-35f8a/versions/ad45a5e75656e34f/files/d2b0230ccbd7813da88caf569e989dcb59a82404730fee90aff5b2d05849f520 [none]
[debug] [2026-01-30T13:52:02.954Z] >>> [apiv2][body] POST https://upload-firebasehosting.googleapis.com/upload/sites/heritage-35f8a/versions/ad45a5e75656e34f/files/d2b0230ccbd7813da88caf569e989dcb59a82404730fee90aff5b2d05849f520 [stream]
[debug] [2026-01-30T13:52:02.955Z] >>> [apiv2][query] POST https://upload-firebasehosting.googleapis.com/upload/sites/heritage-35f8a/versions/ad45a5e75656e34f/files/ecc3c9d5e255728171b491f7031daae96e8b593432cdad29c4be495935f3c7c3 [none]
[debug] [2026-01-30T13:52:02.955Z] >>> [apiv2][body] POST https://upload-firebasehosting.googleapis.com/upload/sites/heritage-35f8a/versions/ad45a5e75656e34f/files/ecc3c9d5e255728171b491f7031daae96e8b593432cdad29c4be495935f3c7c3 [stream]
[debug] [2026-01-30T13:52:02.957Z] >>> [apiv2][query] POST https://upload-firebasehosting.googleapis.com/upload/sites/heritage-35f8a/versions/ad45a5e75656e34f/files/0e1a3f4cbb04238734e7f6822ac0835ee6bd52b944466b5088c74b5396222933 [none]
[debug] [2026-01-30T13:52:02.957Z] >>> [apiv2][body] POST https://upload-firebasehosting.googleapis.com/upload/sites/heritage-35f8a/versions/ad45a5e75656e34f/files/0e1a3f4cbb04238734e7f6822ac0835ee6bd52b944466b5088c74b5396222933 [stream]
[debug] [2026-01-30T13:52:02.959Z] >>> [apiv2][query] POST https://upload-firebasehosting.googleapis.com/upload/sites/heritage-35f8a/versions/ad45a5e75656e34f/files/ec9ac65dc5c0271482df1fb4c174fad0e1ef3604f65cb2b932ae092e56f03db6 [none]
[debug] [2026-01-30T13:52:02.959Z] >>> [apiv2][body] POST https://upload-firebasehosting.googleapis.com/upload/sites/heritage-35f8a/versions/ad45a5e75656e34f/files/ec9ac65dc5c0271482df1fb4c174fad0e1ef3604f65cb2b932ae092e56f03db6 [stream]
[debug] [2026-01-30T13:52:02.960Z] >>> [apiv2][query] POST https://upload-firebasehosting.googleapis.com/upload/sites/heritage-35f8a/versions/ad45a5e75656e34f/files/06925cf5d462ce5b510ab6d348f272f104eb582364c9af04e564723ac7b271b7 [none]
[debug] [2026-01-30T13:52:02.960Z] >>> [apiv2][body] POST https://upload-firebasehosting.googleapis.com/upload/sites/heritage-35f8a/versions/ad45a5e75656e34f/files/06925cf5d462ce5b510ab6d348f272f104eb582364c9af04e564723ac7b271b7 [stream]
[debug] [2026-01-30T13:52:02.960Z] >>> [apiv2][query] POST https://upload-firebasehosting.googleapis.com/upload/sites/heritage-35f8a/versions/ad45a5e75656e34f/files/2b6eb8b01aefae2de996766ce83e99e0687936678486bba2c372d55270d472bb [none]
[debug] [2026-01-30T13:52:02.960Z] >>> [apiv2][body] POST https://upload-firebasehosting.googleapis.com/upload/sites/heritage-35f8a/versions/ad45a5e75656e34f/files/2b6eb8b01aefae2de996766ce83e99e0687936678486bba2c372d55270d472bb [stream]
[debug] [2026-01-30T13:52:02.961Z] >>> [apiv2][query] POST https://upload-firebasehosting.googleapis.com/upload/sites/heritage-35f8a/versions/ad45a5e75656e34f/files/699a02e0e68a579f687d364bbbe7633161244f35af068220aee37b1b33dfb3c7 [none]
[debug] [2026-01-30T13:52:02.961Z] >>> [apiv2][body] POST https://upload-firebasehosting.googleapis.com/upload/sites/heritage-35f8a/versions/ad45a5e75656e34f/files/699a02e0e68a579f687d364bbbe7633161244f35af068220aee37b1b33dfb3c7 [stream]
[debug] [2026-01-30T13:52:02.962Z] >>> [apiv2][query] POST https://upload-firebasehosting.googleapis.com/upload/sites/heritage-35f8a/versions/ad45a5e75656e34f/files/a2d1fd88ec44540291070a74c7f403cd6dbb7af6eb09045d0f3d2a4dcaa948c6 [none]
[debug] [2026-01-30T13:52:02.962Z] >>> [apiv2][body] POST https://upload-firebasehosting.googleapis.com/upload/sites/heritage-35f8a/versions/ad45a5e75656e34f/files/a2d1fd88ec44540291070a74c7f403cd6dbb7af6eb09045d0f3d2a4dcaa948c6 [stream]
[debug] [2026-01-30T13:52:02.963Z] >>> [apiv2][query] POST https://upload-firebasehosting.googleapis.com/upload/sites/heritage-35f8a/versions/ad45a5e75656e34f/files/498417810a28ac655090e5b08a3b0de910ecfe4510a772bf0e05a9641c31f297 [none]
[debug] [2026-01-30T13:52:02.963Z] >>> [apiv2][body] POST https://upload-firebasehosting.googleapis.com/upload/sites/heritage-35f8a/versions/ad45a5e75656e34f/files/498417810a28ac655090e5b08a3b0de910ecfe4510a772bf0e05a9641c31f297 [stream]
[debug] [2026-01-30T13:52:02.964Z] >>> [apiv2][query] POST https://upload-firebasehosting.googleapis.com/upload/sites/heritage-35f8a/versions/ad45a5e75656e34f/files/e0d8e9b91c9041911ce27fdccbf40e30e4c52cdcf4d83c9f9f2cc83f9251462e [none]
[debug] [2026-01-30T13:52:02.964Z] >>> [apiv2][body] POST https://upload-firebasehosting.googleapis.com/upload/sites/heritage-35f8a/versions/ad45a5e75656e34f/files/e0d8e9b91c9041911ce27fdccbf40e30e4c52cdcf4d83c9f9f2cc83f9251462e [stream]
[debug] [2026-01-30T13:52:02.964Z] >>> [apiv2][query] POST https://upload-firebasehosting.googleapis.com/upload/sites/heritage-35f8a/versions/ad45a5e75656e34f/files/ae03ef5744050a2d617a430476c970bfed443674bdddf2dcee5412631ba93882 [none]
[debug] [2026-01-30T13:52:02.964Z] >>> [apiv2][body] POST https://upload-firebasehosting.googleapis.com/upload/sites/heritage-35f8a/versions/ad45a5e75656e34f/files/ae03ef5744050a2d617a430476c970bfed443674bdddf2dcee5412631ba93882 [stream]
[debug] [2026-01-30T13:52:02.965Z] >>> [apiv2][query] POST https://upload-firebasehosting.googleapis.com/upload/sites/heritage-35f8a/versions/ad45a5e75656e34f/files/ddb2060372d87381f71521b924ee887b4df36855d06b06a003cc0f39074c99da [none]
[debug] [2026-01-30T13:52:02.965Z] >>> [apiv2][body] POST https://upload-firebasehosting.googleapis.com/upload/sites/heritage-35f8a/versions/ad45a5e75656e34f/files/ddb2060372d87381f71521b924ee887b4df36855d06b06a003cc0f39074c99da [stream]
[debug] [2026-01-30T13:52:02.965Z] >>> [apiv2][query] POST https://upload-firebasehosting.googleapis.com/upload/sites/heritage-35f8a/versions/ad45a5e75656e34f/files/f10f9f350628d1ef4a3155108b648a647cc0fc0872a05325ba934e29244da857 [none]
[debug] [2026-01-30T13:52:02.965Z] >>> [apiv2][body] POST https://upload-firebasehosting.googleapis.com/upload/sites/heritage-35f8a/versions/ad45a5e75656e34f/files/f10f9f350628d1ef4a3155108b648a647cc0fc0872a05325ba934e29244da857 [stream]
[debug] [2026-01-30T13:52:02.966Z] >>> [apiv2][query] POST https://upload-firebasehosting.googleapis.com/upload/sites/heritage-35f8a/versions/ad45a5e75656e34f/files/1424ab48678db111fe596b90910230041d75e0fbe3ce3d812ba8bc868ae088fb [none]
[debug] [2026-01-30T13:52:02.966Z] >>> [apiv2][body] POST https://upload-firebasehosting.googleapis.com/upload/sites/heritage-35f8a/versions/ad45a5e75656e34f/files/1424ab48678db111fe596b90910230041d75e0fbe3ce3d812ba8bc868ae088fb [stream]
[debug] [2026-01-30T13:52:02.967Z] >>> [apiv2][query] POST https://upload-firebasehosting.googleapis.com/upload/sites/heritage-35f8a/versions/ad45a5e75656e34f/files/22d6c001628a0f17e99a9e38ff4bb83a1159e73be30b507bc112709eec2fa0b6 [none]
[debug] [2026-01-30T13:52:02.967Z] >>> [apiv2][body] POST https://upload-firebasehosting.googleapis.com/upload/sites/heritage-35f8a/versions/ad45a5e75656e34f/files/22d6c001628a0f17e99a9e38ff4bb83a1159e73be30b507bc112709eec2fa0b6 [stream]
[debug] [2026-01-30T13:52:02.967Z] >>> [apiv2][query] POST https://upload-firebasehosting.googleapis.com/upload/sites/heritage-35f8a/versions/ad45a5e75656e34f/files/59dbb0f40717ee2b7374781c6ace5902aeae91a0bc7813299dbd9ed24fcfa6bf [none]
[debug] [2026-01-30T13:52:02.967Z] >>> [apiv2][body] POST https://upload-firebasehosting.googleapis.com/upload/sites/heritage-35f8a/versions/ad45a5e75656e34f/files/59dbb0f40717ee2b7374781c6ace5902aeae91a0bc7813299dbd9ed24fcfa6bf [stream]
[debug] [2026-01-30T13:52:02.968Z] >>> [apiv2][query] POST https://upload-firebasehosting.googleapis.com/upload/sites/heritage-35f8a/versions/ad45a5e75656e34f/files/1a4326547198cbebe29c475041d1d33d1c05432fd9a598863710fd3cacb10f83 [none]
[debug] [2026-01-30T13:52:02.968Z] >>> [apiv2][body] POST https://upload-firebasehosting.googleapis.com/upload/sites/heritage-35f8a/versions/ad45a5e75656e34f/files/1a4326547198cbebe29c475041d1d33d1c05432fd9a598863710fd3cacb10f83 [stream]
[debug] [2026-01-30T13:52:02.969Z] >>> [apiv2][query] POST https://upload-firebasehosting.googleapis.com/upload/sites/heritage-35f8a/versions/ad45a5e75656e34f/files/1cb4be4e01e7016e5a2a81852fe16dc73730f4f7f55fe3ad0157822316643470 [none]
[debug] [2026-01-30T13:52:02.969Z] >>> [apiv2][body] POST https://upload-firebasehosting.googleapis.com/upload/sites/heritage-35f8a/versions/ad45a5e75656e34f/files/1cb4be4e01e7016e5a2a81852fe16dc73730f4f7f55fe3ad0157822316643470 [stream]
[debug] [2026-01-30T13:52:02.970Z] >>> [apiv2][query] POST https://upload-firebasehosting.googleapis.com/upload/sites/heritage-35f8a/versions/ad45a5e75656e34f/files/750cf933766ac624871123cdb61610099f1792e4233832870599e37f70040567 [none]
[debug] [2026-01-30T13:52:02.970Z] >>> [apiv2][body] POST https://upload-firebasehosting.googleapis.com/upload/sites/heritage-35f8a/versions/ad45a5e75656e34f/files/750cf933766ac624871123cdb61610099f1792e4233832870599e37f70040567 [stream]
[debug] [2026-01-30T13:52:02.971Z] >>> [apiv2][query] POST https://upload-firebasehosting.googleapis.com/upload/sites/heritage-35f8a/versions/ad45a5e75656e34f/files/3fc2a337eda907bbdf8fba8089fec361b04cb2e3642de85dc8dafc7fb10d44b1 [none]
[debug] [2026-01-30T13:52:02.971Z] >>> [apiv2][body] POST https://upload-firebasehosting.googleapis.com/upload/sites/heritage-35f8a/versions/ad45a5e75656e34f/files/3fc2a337eda907bbdf8fba8089fec361b04cb2e3642de85dc8dafc7fb10d44b1 [stream]
[debug] [2026-01-30T13:52:02.972Z] >>> [apiv2][query] POST https://upload-firebasehosting.googleapis.com/upload/sites/heritage-35f8a/versions/ad45a5e75656e34f/files/2def03265c8430cfc5b4a6658ecd18480367fa51e0705c763b6aa1b0cf44f395 [none]
[debug] [2026-01-30T13:52:02.972Z] >>> [apiv2][body] POST https://upload-firebasehosting.googleapis.com/upload/sites/heritage-35f8a/versions/ad45a5e75656e34f/files/2def03265c8430cfc5b4a6658ecd18480367fa51e0705c763b6aa1b0cf44f395 [stream]
[debug] [2026-01-30T13:52:02.973Z] >>> [apiv2][query] POST https://upload-firebasehosting.googleapis.com/upload/sites/heritage-35f8a/versions/ad45a5e75656e34f/files/51b83b173dc66bb6642357bed94523c24deddb9265b566c1811b14f703f43d65 [none]
[debug] [2026-01-30T13:52:02.973Z] >>> [apiv2][body] POST https://upload-firebasehosting.googleapis.com/upload/sites/heritage-35f8a/versions/ad45a5e75656e34f/files/51b83b173dc66bb6642357bed94523c24deddb9265b566c1811b14f703f43d65 [stream]
[debug] [2026-01-30T13:52:02.974Z] >>> [apiv2][query] POST https://upload-firebasehosting.googleapis.com/upload/sites/heritage-35f8a/versions/ad45a5e75656e34f/files/067d74ae53356275511ad77ce61091a6504577b0c4ab46b3075fde54d5858245 [none]
[debug] [2026-01-30T13:52:02.974Z] >>> [apiv2][body] POST https://upload-firebasehosting.googleapis.com/upload/sites/heritage-35f8a/versions/ad45a5e75656e34f/files/067d74ae53356275511ad77ce61091a6504577b0c4ab46b3075fde54d5858245 [stream]
[debug] [2026-01-30T13:52:02.974Z] >>> [apiv2][query] POST https://upload-firebasehosting.googleapis.com/upload/sites/heritage-35f8a/versions/ad45a5e75656e34f/files/fe957f5b57be6bec38825fe2f6ea893a1c680656e9ba55f937b92e3f0a96e5cf [none]
[debug] [2026-01-30T13:52:02.975Z] >>> [apiv2][body] POST https://upload-firebasehosting.googleapis.com/upload/sites/heritage-35f8a/versions/ad45a5e75656e34f/files/fe957f5b57be6bec38825fe2f6ea893a1c680656e9ba55f937b92e3f0a96e5cf [stream]
[debug] [2026-01-30T13:52:02.975Z] >>> [apiv2][query] POST https://upload-firebasehosting.googleapis.com/upload/sites/heritage-35f8a/versions/ad45a5e75656e34f/files/66b8c1723bc264bbdbf3d585ea91ff8863ddc0ea6f324b7d943d396576bf0351 [none]
[debug] [2026-01-30T13:52:02.975Z] >>> [apiv2][body] POST https://upload-firebasehosting.googleapis.com/upload/sites/heritage-35f8a/versions/ad45a5e75656e34f/files/66b8c1723bc264bbdbf3d585ea91ff8863ddc0ea6f324b7d943d396576bf0351 [stream]
[debug] [2026-01-30T13:52:02.976Z] >>> [apiv2][query] POST https://upload-firebasehosting.googleapis.com/upload/sites/heritage-35f8a/versions/ad45a5e75656e34f/files/294de6df528957d5fb44bee72ac1d7b1128a39ffc66e35c90a1ea11e3d7e161f [none]
[debug] [2026-01-30T13:52:02.976Z] >>> [apiv2][body] POST https://upload-firebasehosting.googleapis.com/upload/sites/heritage-35f8a/versions/ad45a5e75656e34f/files/294de6df528957d5fb44bee72ac1d7b1128a39ffc66e35c90a1ea11e3d7e161f [stream]
[debug] [2026-01-30T13:52:02.977Z] [hosting][populate queue][FINAL] {"max":484,"min":484,"avg":484,"active":0,"complete":1,"success":1,"errored":0,"retried":0,"total":1,"elapsed":524}
[debug] [2026-01-30T13:52:02.977Z] [hosting] uploads queued: 33
[debug] [2026-01-30T13:52:05.218Z] <<< [apiv2][status] POST https://upload-firebasehosting.googleapis.com/upload/sites/heritage-35f8a/versions/ad45a5e75656e34f/files/596d53fe90c0f49b10334df46040383ff13f2907f6a63b5eb35ede9eee11a61c 200
[debug] [2026-01-30T13:52:05.219Z] <<< [apiv2][body] POST https://upload-firebasehosting.googleapis.com/upload/sites/heritage-35f8a/versions/ad45a5e75656e34f/files/596d53fe90c0f49b10334df46040383ff13f2907f6a63b5eb35ede9eee11a61c [stream]
[debug] [2026-01-30T13:52:05.246Z] <<< [apiv2][status] POST https://upload-firebasehosting.googleapis.com/upload/sites/heritage-35f8a/versions/ad45a5e75656e34f/files/699a02e0e68a579f687d364bbbe7633161244f35af068220aee37b1b33dfb3c7 200
[debug] [2026-01-30T13:52:05.247Z] <<< [apiv2][body] POST https://upload-firebasehosting.googleapis.com/upload/sites/heritage-35f8a/versions/ad45a5e75656e34f/files/699a02e0e68a579f687d364bbbe7633161244f35af068220aee37b1b33dfb3c7 [stream]
[debug] [2026-01-30T13:52:06.816Z] <<< [apiv2][status] POST https://upload-firebasehosting.googleapis.com/upload/sites/heritage-35f8a/versions/ad45a5e75656e34f/files/750cf933766ac624871123cdb61610099f1792e4233832870599e37f70040567 200
[debug] [2026-01-30T13:52:06.816Z] <<< [apiv2][body] POST https://upload-firebasehosting.googleapis.com/upload/sites/heritage-35f8a/versions/ad45a5e75656e34f/files/750cf933766ac624871123cdb61610099f1792e4233832870599e37f70040567 [stream]
[debug] [2026-01-30T13:52:07.033Z] <<< [apiv2][status] POST https://upload-firebasehosting.googleapis.com/upload/sites/heritage-35f8a/versions/ad45a5e75656e34f/files/3fc2a337eda907bbdf8fba8089fec361b04cb2e3642de85dc8dafc7fb10d44b1 200
[debug] [2026-01-30T13:52:07.033Z] <<< [apiv2][body] POST https://upload-firebasehosting.googleapis.com/upload/sites/heritage-35f8a/versions/ad45a5e75656e34f/files/3fc2a337eda907bbdf8fba8089fec361b04cb2e3642de85dc8dafc7fb10d44b1 [stream]
[debug] [2026-01-30T13:52:08.001Z] <<< [apiv2][status] POST https://upload-firebasehosting.googleapis.com/upload/sites/heritage-35f8a/versions/ad45a5e75656e34f/files/06925cf5d462ce5b510ab6d348f272f104eb582364c9af04e564723ac7b271b7 200
[debug] [2026-01-30T13:52:08.001Z] <<< [apiv2][body] POST https://upload-firebasehosting.googleapis.com/upload/sites/heritage-35f8a/versions/ad45a5e75656e34f/files/06925cf5d462ce5b510ab6d348f272f104eb582364c9af04e564723ac7b271b7 [stream]
[debug] [2026-01-30T13:52:08.577Z] <<< [apiv2][status] POST https://upload-firebasehosting.googleapis.com/upload/sites/heritage-35f8a/versions/ad45a5e75656e34f/files/fe957f5b57be6bec38825fe2f6ea893a1c680656e9ba55f937b92e3f0a96e5cf 200
[debug] [2026-01-30T13:52:08.577Z] <<< [apiv2][body] POST https://upload-firebasehosting.googleapis.com/upload/sites/heritage-35f8a/versions/ad45a5e75656e34f/files/fe957f5b57be6bec38825fe2f6ea893a1c680656e9ba55f937b92e3f0a96e5cf [stream]
[debug] [2026-01-30T13:52:10.484Z] <<< [apiv2][status] POST https://upload-firebasehosting.googleapis.com/upload/sites/heritage-35f8a/versions/ad45a5e75656e34f/files/c3fb8c4048fc70e463007977820a9fbec11b141f408d103f1d69a0b2314e8c09 200
[debug] [2026-01-30T13:52:10.485Z] <<< [apiv2][body] POST https://upload-firebasehosting.googleapis.com/upload/sites/heritage-35f8a/versions/ad45a5e75656e34f/files/c3fb8c4048fc70e463007977820a9fbec11b141f408d103f1d69a0b2314e8c09 [stream]
[debug] [2026-01-30T13:52:14.721Z] <<< [apiv2][status] POST https://upload-firebasehosting.googleapis.com/upload/sites/heritage-35f8a/versions/ad45a5e75656e34f/files/ae03ef5744050a2d617a430476c970bfed443674bdddf2dcee5412631ba93882 200
[debug] [2026-01-30T13:52:14.722Z] <<< [apiv2][body] POST https://upload-firebasehosting.googleapis.com/upload/sites/heritage-35f8a/versions/ad45a5e75656e34f/files/ae03ef5744050a2d617a430476c970bfed443674bdddf2dcee5412631ba93882 [stream]
[debug] [2026-01-30T13:52:14.912Z] <<< [apiv2][status] POST https://upload-firebasehosting.googleapis.com/upload/sites/heritage-35f8a/versions/ad45a5e75656e34f/files/498417810a28ac655090e5b08a3b0de910ecfe4510a772bf0e05a9641c31f297 200
[debug] [2026-01-30T13:52:14.912Z] <<< [apiv2][body] POST https://upload-firebasehosting.googleapis.com/upload/sites/heritage-35f8a/versions/ad45a5e75656e34f/files/498417810a28ac655090e5b08a3b0de910ecfe4510a772bf0e05a9641c31f297 [stream]
[debug] [2026-01-30T13:52:15.262Z] <<< [apiv2][status] POST https://upload-firebasehosting.googleapis.com/upload/sites/heritage-35f8a/versions/ad45a5e75656e34f/files/66b8c1723bc264bbdbf3d585ea91ff8863ddc0ea6f324b7d943d396576bf0351 200
[debug] [2026-01-30T13:52:15.263Z] <<< [apiv2][body] POST https://upload-firebasehosting.googleapis.com/upload/sites/heritage-35f8a/versions/ad45a5e75656e34f/files/66b8c1723bc264bbdbf3d585ea91ff8863ddc0ea6f324b7d943d396576bf0351 [stream]
[debug] [2026-01-30T13:52:15.776Z] <<< [apiv2][status] POST https://upload-firebasehosting.googleapis.com/upload/sites/heritage-35f8a/versions/ad45a5e75656e34f/files/df4a1ef59217cd19a6f664e7a75dad6ab996c352141cd808cb3ffe3f68c29840 200
[debug] [2026-01-30T13:52:15.777Z] <<< [apiv2][body] POST https://upload-firebasehosting.googleapis.com/upload/sites/heritage-35f8a/versions/ad45a5e75656e34f/files/df4a1ef59217cd19a6f664e7a75dad6ab996c352141cd808cb3ffe3f68c29840 [stream]
[debug] [2026-01-30T13:52:17.583Z] <<< [apiv2][status] POST https://upload-firebasehosting.googleapis.com/upload/sites/heritage-35f8a/versions/ad45a5e75656e34f/files/d2b0230ccbd7813da88caf569e989dcb59a82404730fee90aff5b2d05849f520 200
[debug] [2026-01-30T13:52:17.583Z] <<< [apiv2][body] POST https://upload-firebasehosting.googleapis.com/upload/sites/heritage-35f8a/versions/ad45a5e75656e34f/files/d2b0230ccbd7813da88caf569e989dcb59a82404730fee90aff5b2d05849f520 [stream]
[debug] [2026-01-30T13:52:19.628Z] <<< [apiv2][status] POST https://upload-firebasehosting.googleapis.com/upload/sites/heritage-35f8a/versions/ad45a5e75656e34f/files/7514a5b3027f0128a1de8ba2b73820beb006c5d234410bf2cce86594fa019898 200
[debug] [2026-01-30T13:52:19.628Z] <<< [apiv2][body] POST https://upload-firebasehosting.googleapis.com/upload/sites/heritage-35f8a/versions/ad45a5e75656e34f/files/7514a5b3027f0128a1de8ba2b73820beb006c5d234410bf2cce86594fa019898 [stream]
[debug] [2026-01-30T13:52:20.133Z] <<< [apiv2][status] POST https://upload-firebasehosting.googleapis.com/upload/sites/heritage-35f8a/versions/ad45a5e75656e34f/files/2b6eb8b01aefae2de996766ce83e99e0687936678486bba2c372d55270d472bb 200
[debug] [2026-01-30T13:52:20.134Z] <<< [apiv2][body] POST https://upload-firebasehosting.googleapis.com/upload/sites/heritage-35f8a/versions/ad45a5e75656e34f/files/2b6eb8b01aefae2de996766ce83e99e0687936678486bba2c372d55270d472bb [stream]
[debug] [2026-01-30T13:52:20.314Z] <<< [apiv2][status] POST https://upload-firebasehosting.googleapis.com/upload/sites/heritage-35f8a/versions/ad45a5e75656e34f/files/1a4326547198cbebe29c475041d1d33d1c05432fd9a598863710fd3cacb10f83 200
[debug] [2026-01-30T13:52:20.314Z] <<< [apiv2][body] POST https://upload-firebasehosting.googleapis.com/upload/sites/heritage-35f8a/versions/ad45a5e75656e34f/files/1a4326547198cbebe29c475041d1d33d1c05432fd9a598863710fd3cacb10f83 [stream]
[debug] [2026-01-30T13:52:20.467Z] <<< [apiv2][status] POST https://upload-firebasehosting.googleapis.com/upload/sites/heritage-35f8a/versions/ad45a5e75656e34f/files/59dbb0f40717ee2b7374781c6ace5902aeae91a0bc7813299dbd9ed24fcfa6bf 200
[debug] [2026-01-30T13:52:20.468Z] <<< [apiv2][body] POST https://upload-firebasehosting.googleapis.com/upload/sites/heritage-35f8a/versions/ad45a5e75656e34f/files/59dbb0f40717ee2b7374781c6ace5902aeae91a0bc7813299dbd9ed24fcfa6bf [stream]
[debug] [2026-01-30T13:52:20.595Z] <<< [apiv2][status] POST https://upload-firebasehosting.googleapis.com/upload/sites/heritage-35f8a/versions/ad45a5e75656e34f/files/ea75e7d319ccf84959865354f17cda993cd5b0b478b97a696c10cb2c648d5cfc 200
[debug] [2026-01-30T13:52:20.596Z] <<< [apiv2][body] POST https://upload-firebasehosting.googleapis.com/upload/sites/heritage-35f8a/versions/ad45a5e75656e34f/files/ea75e7d319ccf84959865354f17cda993cd5b0b478b97a696c10cb2c648d5cfc [stream]
[debug] [2026-01-30T13:52:20.706Z] <<< [apiv2][status] POST https://upload-firebasehosting.googleapis.com/upload/sites/heritage-35f8a/versions/ad45a5e75656e34f/files/294de6df528957d5fb44bee72ac1d7b1128a39ffc66e35c90a1ea11e3d7e161f 200
[debug] [2026-01-30T13:52:20.706Z] <<< [apiv2][body] POST https://upload-firebasehosting.googleapis.com/upload/sites/heritage-35f8a/versions/ad45a5e75656e34f/files/294de6df528957d5fb44bee72ac1d7b1128a39ffc66e35c90a1ea11e3d7e161f [stream]
[debug] [2026-01-30T13:52:22.362Z] <<< [apiv2][status] POST https://upload-firebasehosting.googleapis.com/upload/sites/heritage-35f8a/versions/ad45a5e75656e34f/files/a2d1fd88ec44540291070a74c7f403cd6dbb7af6eb09045d0f3d2a4dcaa948c6 200
[debug] [2026-01-30T13:52:22.363Z] <<< [apiv2][body] POST https://upload-firebasehosting.googleapis.com/upload/sites/heritage-35f8a/versions/ad45a5e75656e34f/files/a2d1fd88ec44540291070a74c7f403cd6dbb7af6eb09045d0f3d2a4dcaa948c6 [stream]
[debug] [2026-01-30T13:52:24.892Z] <<< [apiv2][status] POST https://upload-firebasehosting.googleapis.com/upload/sites/heritage-35f8a/versions/ad45a5e75656e34f/files/0e1a3f4cbb04238734e7f6822ac0835ee6bd52b944466b5088c74b5396222933 200
[debug] [2026-01-30T13:52:24.893Z] <<< [apiv2][body] POST https://upload-firebasehosting.googleapis.com/upload/sites/heritage-35f8a/versions/ad45a5e75656e34f/files/0e1a3f4cbb04238734e7f6822ac0835ee6bd52b944466b5088c74b5396222933 [stream]
[debug] [2026-01-30T13:52:25.007Z] <<< [apiv2][status] POST https://upload-firebasehosting.googleapis.com/upload/sites/heritage-35f8a/versions/ad45a5e75656e34f/files/5bdff5d11653ff9542f303b01a0c016149b4147eaee72590f70357b0d26de533 200
[debug] [2026-01-30T13:52:25.007Z] <<< [apiv2][body] POST https://upload-firebasehosting.googleapis.com/upload/sites/heritage-35f8a/versions/ad45a5e75656e34f/files/5bdff5d11653ff9542f303b01a0c016149b4147eaee72590f70357b0d26de533 [stream]
[debug] [2026-01-30T13:52:25.589Z] <<< [apiv2][status] POST https://upload-firebasehosting.googleapis.com/upload/sites/heritage-35f8a/versions/ad45a5e75656e34f/files/067d74ae53356275511ad77ce61091a6504577b0c4ab46b3075fde54d5858245 200
[debug] [2026-01-30T13:52:25.590Z] <<< [apiv2][body] POST https://upload-firebasehosting.googleapis.com/upload/sites/heritage-35f8a/versions/ad45a5e75656e34f/files/067d74ae53356275511ad77ce61091a6504577b0c4ab46b3075fde54d5858245 [stream]
[debug] [2026-01-30T13:52:25.873Z] <<< [apiv2][status] POST https://upload-firebasehosting.googleapis.com/upload/sites/heritage-35f8a/versions/ad45a5e75656e34f/files/2def03265c8430cfc5b4a6658ecd18480367fa51e0705c763b6aa1b0cf44f395 200
[debug] [2026-01-30T13:52:25.874Z] <<< [apiv2][body] POST https://upload-firebasehosting.googleapis.com/upload/sites/heritage-35f8a/versions/ad45a5e75656e34f/files/2def03265c8430cfc5b4a6658ecd18480367fa51e0705c763b6aa1b0cf44f395 [stream]
[debug] [2026-01-30T13:52:26.032Z] *** [apiv2] error from fetch(https://upload-firebasehosting.googleapis.com/upload/sites/heritage-35f8a/versions/ad45a5e75656e34f/files/ec9ac65dc5c0271482df1fb4c174fad0e1ef3604f65cb2b932ae092e56f03db6, {"headers":{},"method":"POST","signal":{"reason":""},"body":{"_writeState":{"0":0,"1":0},"_events":{"error":[null,null]},"_readableState":{"highWaterMark":16384,"buffer":[{"type":"Buffer","data":[142,152,83,179,210,196,185,51,57,28,163,40,128,120,59,178,251,87,180,117,141,119,240,220,176,89,193,36,24,68,90,141,152,205,92,139,218,131,10,152,49,107,196,112,67,158,221,35,151,16,42,57,13,201,181,156,44,19,218,226,41,152,40,52,252,11,70,100,254,13,19,239,144,184,216,50,43,23,245,10,69,1,79,41,81,13,106,218,144,61,114,177,123,250,26,12,255,224,35,175,147,4,39,134,145,142,127,139,92,168,87,250,94,55,34,238,131,180,241,67,11,1,7,205,40,26,117,198,166,112,187,177,199,224,193,237,201,189,140,171,91,144,38,227,80,168,77,167,53,141,23,102,166,24,237,166,163,123,18,143,226,125,180,61,27,122,177,166,13,79,195,203,104,180,207,27,146,184,151,250,5,164,137,227,30,57,106,243,77,156,141,29,54,69,31,157,14,216,254,184,98,74,102,202,250,197,78,163,94,236,82,108,188,224,255,2,10,64,245,191,240,98,72,17,96,122,111,198,223,206,16,6,29,168,242,39,146,95,25,200,218,133,12,236,29,134,178,26,22,181,43,181,254,254,242,244,159,96,3,125,117,142,0,70,119,111,55,219,206,40,227,32,5,52,156,126,62,49,164,184,58,68,56,80,96,214,243,94,133,54,15,87,249,114,140,79,194,7,88,105,225,254,120,194,136,90,80,194,6,150,180,248,134,26,82,56,71,195,103,103,9,225,205,154,144,160,120,133,231,239,22,219,112,108,40,87,142,79,214,92,99,210,10,118,38,159,89,104,33,180,7,224,231,227,40,8,99,223,247,142,30,23,128,220,224,92,70,213,116,247,121,115,207,157,60,123,31,198,20,233,194,168,119,137,232,220,140,252,113,188,47,224,67,71,128,236,241,138,6,206,214,253,35,117,76,136,186,245,0,60,167,30,240,168,13,230,66,111,134,251,252,227,191,164,29,35,254,228,211,124,182,107,255,0,185,108,82,26,26,190,183,142,46,162,187,26,208,143,59,206,56,118,73,87,70,232,240,243,143,226,46,208,223,18,78,182,255,0,38,62,101,40,114,15,38,125,155,253,226,29,4,232,241,9,37,237,245,55,130,113,21,98,133,56,151,142,86,188,100,69,81,92,61,228,54,239,159,140,86,194,252,34,84,116,89,121,245,150,93,43,176,112,175,11,68,249,202,167,218,88,9,205,230,126,241,39,148,7,137,226,245,226,230,168,46,155,39,134,241,227,141,128,8,88,43,205,77,96,217,72,149,7,9,120,90,245,239,10,254,138,212,18,68,215,29,118,15,140,102,13,46,7,100,218,127,188,185,53,9,45,221,240,139,199,251,130,160,30,5,182,248,94,141,125,227,136,0,18,157,242,42,119,141,246,141,8,176,154,105,247,135,91,139,3,148,104,79,252,184,210,152,196,236,10,17,114,124,245,241,137,84,133,193,174,145,248,234,13,200,210,50,208,9,225,255,0,184,195,134,97,178,9,181,228,113,247,31,72,197,98,39,152,235,168,228,41,168,170,71,98,145,60,157,195,88,110,36,67,33,90,58,209,73,111,156,243,148,95,33,47,27,129,254,96,176,116,165,78,131,135,41,213,158,238,35,221,233,67,163,124,144,111,206,92,84,161,24,96,91,235,169,247,139,187,0,189,52,150,174,221,26,249,206,58,195,88,120,74,94,142,196,220,202,76,113,226,48,168,205,47,167,250,97,34,10,45,186,232,189,157,76,106,76,22,169,217,150,60,94,39,121,166,188,148,210,96,155,63,124,76,144,68,237,200,43,20,68,1,199,56,11,1,213,66,65,32,190,157,248,194,131,24,235,65,82,241,110,186,158,240,41,80,147,122,80,225,182,242,220,98,32,83,8,11,117,174,219,246,100,209,66,82,49,162,164,208,159,214,109,66,22,36,55,108,59,103,124,97,209,68,140,62,5,8,59,212,76,74,74,3,118,237,79,83,28,113,1,4,137,86,115,236,237,252,100,18,7,71,97,96,72,120,243,222,47,151,36,165,233,245,199,172,141,86,183,18,169,119,243,241,148,56,181,72,94,90,127,233,214,37,40,209,9,213,13,112,111,247,49,253,13,2,109,105,178,167,55,134,227,176,132,1,18,138,11,64,119,59,55,25,72,210,140,228,42,80,222,249,252,230,186,44,201,183,94,236,52,112,226,56,100,164,47,37,115,179,78,186,205,44,170,218,207,200,24,14,123,194,154,75,237,71,61,186,128,239,157,225,56,67,98,160,178,11,249,61,230,148,87,50,36,232,240,95,239,16,99,145,119,53,241,143,40,202,195,158,38,188,147,140,76,59,122,3,77,200,108,245,227,59,178,19,244,242,185,227,158,112,76,141,136,95,43,200,42,60,96,217,80,24,206,102,182,31,47,212,197,0,32,1,16,235,138,119,27,151,15,113,12,89,196,192,91,7,184,2,112,186,63,207,140,0,75,182,182,244,115,66,252,228,244,4,160,60,39,59,231,47,91,228,24,141,219,75,123,190,240,119,197,64,196,210,37,167,143,121,79,81,107,1,243,21,52,87,131,10,85,154,116,116,226,120,253,224,178,36,215,7,100,209,222,183,252,98,154,170,73,66,109,40,9,103,231,30,213,66,129,45,249,38,94,47,0,46,238,255,0,121,207,19,40,5,7,151,52,160,16,78,252,231,138,10,14,203,203,140,242,84,74,47,249,134,176,173,157,195,207,188,12,141,68,195,60,235,167,137,139,27,230,153,94,132,154,63,195,5,231,52,160,115,162,110,120,199,8,18,216,228,14,139,167,113,243,135,196,145,166,215,100,121,18,56,218,241,20,80,251,198,209,38,197,219,173,47,19,121,55,98,10,61,193,80,251,113,168,48,49,40,216,48,47,155,182,225,31,118,234,114,77,155,66,161,63,180,44,74,16,142,198,184,140,132,89,120,50,164,104,25,21,233,29,143,51,39,154,142,128,116,193,117,243,197,227,1,86,243,240,106,79,88,70,145,155,125,21,58,187,49,227,250,40,30,146,115,167,7,128,49,51,77,235,214,109,132,245,235,101,112,151,59,212,78,237,254,25,22,68,46,129,224,34,166,159,140,208,207,36,97,40,149,17,207,109,185,104,165,96,1,182,236,115,252,98,73,95,83,110,108,78,13,239,17,37,80,50,29,77,247,39,62,49,74,49,68,53,208,7,252,228,30,131,172,140,7,144,223,63,140,237,173,11,128,172,223,62,166,242,212,56,182,214,244,146,198,175,198,31,155,133,5,229,191,71,16,114,173,227,155,200,73,199,28,99,46,81,17,96,114,39,207,226,231,41,90,114,31,3,227,254,231,8,114,250,98,185,36,57,115,243,143,85,171,41,176,157,126,190,176,181,22,3,77,238,220,124,121,205,126,8,162,178,132,229,171,196,175,139,150,196,116,188,60,167,147,205,232,152,183,26,39,145,44,223,223,188,35,17,229,54,116,215,179,240,24,42,228,212,179,113,81,160,236,187,62,243,125,214,99,134,16,157,176,223,199,216,19,106,173,174,46,136,171,106,140,247,131,140,156,130,25,46,138,241,239,22,15,105,228,231,96,127,73,241,135,145,49,5,15,9,154,125,28,224,155,137,35,43,223,16,133,188,230,250,216,84,165,34,105,241,228,184,155,13,216,81,98,206,111,249,198,110,120,173,176,115,173,84,136,224,202,17,17,181,8,27,225,206,191,121,168,248,85,232,155,179,143,206,8,1,111,172,28,134,213,238,224,117,129,201,245,183,152,250,219,138,213,45,113,246,116,9,174,247,79,188,208,30,31,34,206,202,74,93,83,24,171,192,149,64,170,73,225,75,245,154,173,218,16,122,67,211,231,243,140,136,116,18,206,244,254,240,0,10,33,222,141,77,56,13,247,214,66,134,171,240,131,121,0,248,59,185,238,175,50,101,182,114,3,38,179,98,138,68,47,42,226,117,141,104,244,14,74,118,166,184,186,153,170,153,59,201,217,39,157,239,143,121,192,186,73,187,4,87,96,24,239,6,255,0,41,232,71,208,222,147,91,200,212,64,4,14,35,175,159,120,195,118,106,150,46,249,214,167,206,82,180,16,11,177,5,92,18,119,124,15,100,117,124,226,84,145,9,118,107,64,214,107,214,14,250,64,7,4,161,86,107,143,140,80,197,52,162,234,147,245,138,145,15,214,133,86,228,68,235,197,59,209,190,186,195,76,68,1,29,159,95,198,9,38,77,212,58,143,38,242,229,37,242,195,112,154,125,223,172,137,21,75,178,64,196,0,157,55,231,42,136,54,196,252,206,81,172,145,80,26,13,183,157,231,68,66,164,9,120,240,247,245,179,8,11,123,46,27,220,131,55,60,101,219,231,226,239,48,249,192,202,238,208,58,1,33,239,206,67,39,130,15,251,120,188,102,21,36,240,158,242,152,42,136,242,255,0,221,96,188,70,6,213,60,158,113,17,135,198,231,214,19,235,27,68,119,167,157,127,57,74,218,50,195,217,183,188,120,149,236,90,76,6,62,146,189,195,118,119,46,43,100,38,155,253,244,212,242,98,15,243,14,146,79,27,248,222,65,62,2,84,242,116,7,157,113,49,192,208,40,71,203,165,154,255,0,114,80,108,105,36,61,236,249,192,207,29,153,188,231,151,102,3,29,141,32,97,102,94,94,10,114,241,201,117,102,64,48,108,163,157,135,66,111,7,54,144,150,184,45,178,208,148,221,199,120,8,169,102,10,6,157,73,175,198,113,33,140,56,246,118,255,0,220,215,87,9,6,236,63,141,120,201,180,5,118,159,135,207,206,45,109,5,27,94,248,218,112,10,111,36,120,169,201,232,206,0,174,97,93,62,79,247,25,33,64,212,163,209,233,223,57,222,176,20,241,95,103,140,11,182,7,71,26,147,146,39,89,203,227,52,237,239,11,36,249,47,200,254,48,156,238,17,79,65,123,214,36,40,100,224,74,119,86,223,23,54,168,74,27,20,226,28,77,235,21,238,133,98,29,250,74,83,198,19,46,27,251,228,218,115,145,44,243,105,19,228,61,31,156,152,133,116,61,13,254,143,140,81,32,12,57,221,119,29,93,226,104,0,118,145,13,3,207,129,191,214,23,133,3,66,223,47,28,153,206,205,233,66,10,220,212,122,169,146,68,233,34,43,9,231,110,53,199,156,109,216,99,137,25,195,159,146,62,110,16,94,87,45,139,186,39,132,102,29,53,88,218,56,52,81,235,125,147,2,105,137,90,178,202,111,146,225,8,67,102,20,170,244,93,125,158,176,46,186,5,161,118,120,21,88,120,197,213,202,42,242,234,253,25,199,198,25,100,196,168,32,138,27,49,224,187,196,38,135,167,20,42,103,3,97,209,172,210,124,174,8,60,23,157,203,252,98,47,176,209,224,59,8,183,116,223,51,140,53,167,152,173,225,138,122,243,172,118,78,36,81,198,201,31,135,126,49,3,129,104,249,11,154,39,14,75,121,47,107,129,0,225,241,211,235,27,25,211,85,192,82,45,215,52,199,78,115,72,155,75,74,239,189,116,203,234,181,147,194,13,229,4,223,189,100,143,155,144,120,68,239,141,253,249,194,80,128,100,81,37,176,110,113,207,120,58,138,20,6,145,52,98,112,110,235,188,125,178,105,155,91,96,161,241,214,74,129,215,184,108,108,83,193,173,243,172,106,198,226,133,115,102,224,27,209,50,94,213,208,111,163,147,243,134,248,30,61,138,250,61,203,112,50,16,105,146,241,213,215,120,4,196,209,5,66,17,226,125,62,176,157,146,142,120,3,66,239,90,231,47,101,132,88,128,107,87,84,67,2,184,123,160,142,118,108,227,229,194,115,192,101,17,220,110,247,219,146,101,109,255,0,212,119,155,203,23,37,141,191,89,33,212,21,174,187,102,229,254,243,119,144,168,78,91,36,147,90,111,90,205,71,45,0,237,224,249,57,106,157,66,168,109,211,102,157,21,199,134,133,233,35,201,58,81,179,157,227,51,95,128,25,40,249,249,231,12,0,133,65,101,148,255,0,113,77,145,67,24,241,244,123,199,220,123,32,42,111,170,157,14,157,56,90,179,32,186,103,59,59,193,191,206,91,97,96,9,41,183,95,57,69,93,29,70,150,48,255,0,38,6,219,101,126,152,57,152,185,142,26,232,240,237,250,193,91,98,16,83,70,209,94,252,92,221,25,121,51,157,225,94,7,69,57,249,198,0,240,161,244,227,206,25,138,94,80,237,126,31,214,110,119,140,11,125,252,252,121,193,240,56,183,31,79,47,25,170,97,0,4,127,222,166,35,114,71,138,222,97,231,1,9,109,7,102,16,40,200,142,223,189,204,242,87,137,46,205,110,246,255,0,152,196,28,139,25,28,188,243,193,250,192,208,158,149,103,79,151,57,183,202,164,73,232,126,120,199,65,176,54,108,91,179,240,199,100,114,136,131,107,189,239,206,241,226,1,245,1,169,2,251,223,93,224,51,128,169,224,20,165,169,198,184,194,165,30,74,195,73,162,193,196,93,116,27,224,1,122,157,124,96,65,32,212,42,232,231,111,90,48,197,208,128,65,161,14,71,214,27,194,200,8,134,248,209,161,92,30,236,42,201,225,84,15,219,12,226,17,233,180,107,67,161,175,88,39,130,141,187,108,247,138,5,73,240,58,249,194,37,29,128,29,29,62,207,25,77,206,179,104,35,87,176,11,139,193,185,74,186,230,225,234,7,106,233,60,79,251,156,234,203,12,210,63,251,92,100,82,99,21,156,39,247,134,168,133,20,162,245,251,113,28,84,36,131,92,211,146,130,134,187,198,7,100,2,137,193,235,193,239,12,5,0,188,135,91,20,248,238,227,195,199,184,42,79,227,29,34,132,249,69,130,241,18,251,61,227,212,80,196,157,214,11,103,91,218,97,51,192,182,141,20,158,103,158,240,242,201,0,89,104,129,183,87,124,111,39,169,3,149,162,157,204,225,215,223,35,125,76,28,93,154,224,124,126,55,132,13,196,88,53,173,168,44,139,58,169,176,193,184,121,14,30,117,227,54,221,10,67,252,19,248,50,56,209,40,60,16,80,111,231,241,148,140,171,68,131,35,205,26,116,39,206,23,172,2,37,65,193,32,35,127,59,197,28,166,38,79,15,15,30,57,49,41,144,25,164,154,109,160,233,235,158,140,55,26,64,137,196,32,64,68,157,96,198,17,196,69,8,129,193,82,245,188,68,208,46,18,161,211,63,31,46,90,164,116,67,236,105,127,147,5,31,113,33,240,14,195,206,71,83,68,138,7,118,19,151,119,121,85,213,33,59,229,73,199,235,156,124,66,80,57,1,132,222,175,74,96,196,160,213,58,81,233,203,142,118,249,198,202,170,132,148,77,186,58,251,28,212,226,163,27,37,179,71,191,24,109,37,129,29,209,194,12,58,184,4,36,137,217,129,218,199,70,141,246,100,235,48,49,156,177,30,198,164,189,100,154,87,80,23,83,185,122,156,108,193,209,9,8,206,108,181,202,3,248,200,242,107,41,102,193,176,27,176,144,231,13,51,109,11,29,61,114,221,101,176,92,104,101,65,249,245,246,229,80,250,2,167,93,107,223,24,60,32,150,130,115,174,25,207,159,172,16,9,53,232,55,85,151,255,0,184,100,192,19,138,182,235,206,40,100,58,130,15,7,56,17,100,213,247,40,20,103,214,56,190,16,22,38,154,24,254,242,93,109,102,246,151,124,176,125,111,172,0,2,80,234,112,160,7,60,97,112,80,112,92,81,226,201,138,140,230,144,28,183,241,227,163,11,233,68,223,186,162,215,30,14,243,87,86,151,101,67,175,39,28,101,164,150,71,137,189,183,245,201,129,28,97,210,121,41,195,172,93,93,170,210,208,189,159,188,27,4,184,242,134,13,35,239,56,101,245,181,123,28,229,144,160,86,164,254,250,126,240,192,212,147,66,120,241,227,3,115,35,74,37,41,207,253,172,81,97,116,122,159,121,0,108,36,57,255,0,204,124,249,65,134,241,25,170,191,33,29,31,71,245,129,38,204,38,212,217,151,184,160,147,103,58,122,196,202,85,14,143,59,30,113,35,19,60,95,214,105,133,236,90,250,206,4,183,149,124,127,206,48,4,41,54,77,197,18,23,135,23,2,17,12,190,119,228,75,175,51,23,221,116,209,92,34,77,241,133,18,19,212,144,242,122,114,19,219,124,109,214,209,157,201,222,11,12,176,215,210,118,60,124,224,173,166,80,180,123,81,124,246,243,28,145,162,150,149,187,215,109,53,231,198,46,244,176,157,28,151,125,169,156,92,169,189,232,238,79,239,17,229,20,128,27,69,199,194,58,202,34,77,100,2,84,31,46,253,101,153,87,8,22,39,158,176,152,48,144,160,75,223,163,190,243,66,176,133,132,32,65,46,9,131,30,157,190,123,192,33,189,95,158,31,156,118,207,25,51,222,230,8,224,81,126,135,12,239,169,241,142,109,211,59,95,142,3,37,44,170,8,215,81,39,81,231,252,198,194,76,111,27,224,214,246,96,251,2,115,23,127,15,120,131,161,77,68,108,124,61,220,216,114,170,161,240,139,204,222,24,248,75,104,249,21,120,189,146,83,58,114,110,20,59,245,55,163,37,42,210,176,124,136,241,60,227,26,34,18,107,38,164,135,187,146,1,221,201,5,233,190,1,241,245,134,135,212,140,36,35,141,50,190,114,32,225,21,215,118,71,28,227,168,60,192,34,251,43,127,9,167,120,128,24,219,33,2,232,225,169,191,140,98,100,43,149,118,250,53,207,156,238,28,195,134,194,126,190,247,132,221,53,190,132,22,162,146,188,99,119,219,81,56,180,104,94,83,172,2,230,154,38,234,83,243,49,142,178,134,131,174,52,221,94,112,146,97,62,247,42,189,86,135,249,145,10,77,38,187,47,32,15,151,2,41,108,30,139,85,68,150,62,113,201,72,141,40,154,131,222,191,140,31,136,135,113,212,88,156,125,229,175,180,202,12,166,218,147,133,197,94,149,64,48,230,130,138,179,29,176,38,64,134,149,117,172,44,24,141,91,28,45,110,26,47,50,123,194,116,227,157,167,51,162,140,231,209,137,253,193,90,131,99,25,33,127,89,63,150,92,217,80,64,212,6,246,185,105,54,247,223,92,45,158,60,56,83,66,142,133,52,175,44,164,157,230,232,156,68,158,142,113,225,183,214,44,161,161,192,59,104,191,61,153,211,33,33,99,182,60,109,226,191,56,177,232,21,155,165,16,89,121,235,6,108,156,108,197,93,160,150,248,191,120,57,54,109,84,242,3,219,188,28,108,210,147,160,37,121,252,100,37,232,112,146,14,66,70,154,239,8,86,193,72,132,55,107,29,55,156,114,24,66,107,210,108,211,124,209,184,49,201,33,72,42,207,30,253,101,45,12,164,4,129,123,217,133,171,102,213,158,131,249,200,161,32,2,42,243,220,53,3,199,92,99,119,227,115,14,219,162,146,105,239,28,88,205,181,174,169,95,129,222,79,66,138,134,180,158,86,125,96,9,35,74,1,167,255,0,77,119,138,234,166,244,19,123,33,57,245,167,156,71,182,37,171,134,118,251,50,70,116,137,93,33,156,58,240,254,115,110,40,200,30,147,229,190,241,153,8,218,228,121,166,254,113,63,148,148,237,211,107,157,190,194,132,28,33,215,249,158,87,17,3,234,113,206,105,52,221,70,57,27,198,49,1,186,72,43,183,142,55,135,65,107,132,95,227,53,42,142,71,166,247,145,29,173,71,67,138,117,1,90,103,110,45,200,37,134,209,241,231,140,115,98,192,210,87,180,172,116,224,203,210,82,158,195,206,29,60,34,54,119,199,31,60,96,4,142,35,83,214,36,43,52,66,176,238,127,219,198,148,208,84,9,231,157,56,125,54,114,80,122,135,127,120,238,72,26,51,100,141,141,238,247,155,2,66,144,244,95,56,58,15,145,66,51,91,242,251,192,17,11,64,137,211,126,159,25,207,221,69,27,70,243,179,135,7,29,240,131,59,4,47,159,123,193,20,22,254,78,80,225,171,210,121,152,192,72,155,22,164,77,142,246,40,250,112,185,160,1,37,63,214,189,231,14,162,9,27,160,88,206,186,198,237,209,28,149,186,53,239,118,221,101,105,93,108,37,84,72,111,196,195,179,209,69,205,186,212,39,253,206,34,128,238,173,246,50,111,50,221,135,193,239,16,146,205,133,63,209,39,188,176,144,11,8,14,13,89,206,79,149,27,210,253,61,97,233,56,112,19,151,121,182,201,63,96,35,214,121,134,194,129,107,14,127,251,143,65,20,71,65,243,234,97,177,158,118,14,89,214,185,193,91,118,177,233,145,225,47,247,156,99,1,0,15,207,86,235,235,23,134,180,110,163,119,207,206,63,237,185,218,119,193,70,238,242,122,198,20,108,160,254,54,104,168,205,224,233,192,38,1,119,171,203,237,235,22,54,94,232,10,104,173,139,190,112,91,9,158,158,219,65,119,121,232,199,69,37,85,60,11,219,190,109,185,72,106,83,203,99,56,223,120,165,104,217,186,218,30,83,20,158,4,196,114,187,218,239,83,14,164,96,149,84,143,226,207,227,29,66,150,213,235,61,153,186,106,34,137,198,222,186,62,156,35,146,168,248,124,121,191,140,164,16,144,136,2,205,140,230,47,135,20,114,131,91,145,209,244,145,214,243,159,23,253,30,17,117,134,18,189,74,174,161,118,235,79,28,250,198,17,192,35,209,3,125,53,198,242,158,39,36,150,104,38,154,252,109,112,151,36,172,108,143,200,122,175,58,214,12,199,22,208,70,148,162,122,94,114,235,208,164,158,59,102,156,114,69,152,202,18,147,83,85,62,45,60,225,45,212,174,243,119,153,200,242,247,142,15,33,210,180,10,232,190,78,49,208,59,241,2,102,156,20,231,21,195,12,200,205,3,60,36,116,224,250,136,34,150,227,231,151,243,147,87,140,217,122,160,120,152,76,117,181,138,105,190,155,223,141,239,45,185,133,0,23,96,255,0,77,96,83,210,211,234,41,7,238,77,224,48,166,12,118,20,20,59,231,16,13,125,33,168,186,131,117,204,197,59,100,21,53,232,96,132,137,119,193,206,115,136,1,27,121,85,217,121,62,112,242,86,127,102,64,43,211,232,12,127,79,88,12,129,162,31,211,92,57,112,133,35,124,182,56,9,154,146,188,2,64,73,198,182,204,212,219,88,93,13,26,215,178,249,49,85,33,243,19,144,155,14,125,220,36,232,43,136,113,78,188,251,200,145,21,44,1,248,50,115,178,212,173,237,229,251,203,74,43,116,60,247,186,100,9,13,192,72,104,228,57,215,6,65,14,80,222,28,165,183,82,153,205,235,216,14,132,120,112,59,11,65,74,59,247,141,139,164,65,20,38,184,205,223,69,210,46,7,74,101,103,105,152,187,219,167,201,157,154,20,138,116,29,31,188,174,213,225,54,142,104,128,22,27,127,188,38,198,38,156,123,49,192,128,196,123,91,221,239,52,145,20,47,113,236,193,27,192,186,79,80,202,34,141,148,89,236,145,189,230,169,137,8,117,194,119,206,12,100,143,152,0,209,227,169,155,138,18,198,200,138,20,227,140,104,183,73,77,203,189,235,172,136,202,181,42,31,207,227,36,13,34,234,33,87,14,178,115,174,155,56,233,43,160,124,225,187,53,45,93,161,189,253,1,130,209,84,30,143,78,18,3,161,199,69,129,187,247,231,22,201,74,128,226,3,233,227,110,44,4,144,19,161,19,191,157,254,112,59,193,37,134,162,145,39,21,187,143,204,18,26,16,223,220,178,177,223,175,156,82,160,26,17,12,241,166,246,123,205,140,200,6,215,143,135,27,254,242,118,138,176,160,157,51,231,47,7,219,53,13,27,159,199,188,239,79,248,75,189,147,91,60,106,226,224,149,186,16,167,61,123,192,43,50,1,15,10,110,223,151,188,102,186,64,200,94,55,118,96,245,134,32,216,254,14,103,247,139,141,228,161,18,242,124,107,23,73,55,163,228,243,245,243,133,85,176,111,173,102,238,4,151,59,156,122,198,129,194,5,65,118,105,182,46,190,113,189,105,215,40,157,247,235,11,205,202,221,183,13,20,38,141,235,241,133,148,239,53,247,243,235,140,72,138,214,50,169,17,37,215,241,135,234,71,153,13,83,174,120,202,226,58,14,164,38,160,223,203,13,155,2,200,64,141,239,129,215,90,92,16,37,134,161,98,34,240,190,126,253,220,134,129,91,245,126,93,76,129,123,108,8,133,47,214,21,172,32,113,229,48,60,232,16,244,122,7,169,219,251,192,98,131,109,178,26,107,97,62,252,102,251,66,149,228,225,226,235,69,249,237,168,168,205,147,219,223,174,114,116,179,161,90,17,237,200,181,251,200,72,101,57,131,2,109,111,124,119,222,19,9,133,249,92,137,100,241,206,43,74,218,11,109,55,110,251,195,172,8,7,81,243,243,129,126,165,151,200,59,244,57,160,209,29,68,103,92,248,252,224,189,222,208,122,103,62,218,247,251,194,75,237,232,138,117,9,68,63,63,24,165,243,107,214,247,206,137,61,211,27,87,72,108,103,27,199,7,8,33,53,190,165,231,16,21,36,181,94,27,108,13,121,159,56,57,171,0,27,242,42,169,9,214,242,4,160,132,19,220,30,101,223,183,5,141,30,80,54,82,236,22,187,194,81,5,184,42,32,38,159,159,115,6,207,218,130,51,90,4,228,33,250,193,4,24,100,121,33,199,159,198,241,92,3,118,92,52,38,185,233,241,129,208,201,235,250,189,144,250,107,12,123,83,107,68,246,207,231,57,188,48,41,7,8,14,172,52,96,59,205,220,57,78,144,76,175,143,148,219,119,190,101,224,232,222,56,33,26,163,92,233,132,227,161,58,241,141,194,164,149,2,4,140,113,54,226,209,47,0,202,222,66,214,248,100,71,216,220,4,82,241,251,191,56,168,79,97,20,213,128,116,204,49,61,70,67,106,185,95,57,168,11,182,137,67,216,110,105,193,93,69,142,71,200,7,125,92,152,34,239,215,41,124,155,250,197,122,134,59,212,211,247,136,5,145,149,246,100,212,76,51,144,115,255,0,204,127,178,157,163,132,120,255,0,114,185,14,221,163,68,20,233,253,98,55,155,21,128,104,141,219,57,197,95,17,64,18,193,52,171,227,2,83,169,20,163,239,253,203,133,177,55,214,248,202,141,93,223,33,198,111,57,49,121,159,14,114,199,152,235,225,254,24,94,138,82,114,224,200,130,1,228,44,243,217,198,16,136,74,244,62,99,231,22,164,90,140,128,242,124,63,120,147,128,130,237,222,255,0,81,197,174,157,9,175,233,125,99,60,160,29,85,203,183,111,103,172,102,93,189,14,203,123,189,107,9,126,0,59,27,52,238,239,213,195,4,213,40,237,32,243,222,71,27,244,75,235,239,183,156,40,217,100,36,123,119,199,120,66,61,152,205,124,246,127,120,228,241,217,83,108,107,143,51,214,47,5,144,117,226,175,223,125,228,246,57,54,30,44,176,190,126,112,210,128,192,167,13,32,108,62,206,112,85,99,67,174,240,79,28,205,119,235,34,36,240,192,20,134,188,231,46,122,203,192,221,7,56,136,21,128,186,123,56,236,199,176,208,91,186,94,178,64,34,56,109,63,215,0,214,228,14,157,127,223,56,67,202,145,191,206,32,72,210,114,241,134,77,155,187,3,227,227,59,34,161,255,0,158,112,35,35,21,208,121,184,171,240,32,69,198,191,59,206,67,105,64,16,206,248,235,119,0,168,116,128,174,157,241,236,241,154,73,22,236,3,255,0,63,88,46,114,109,220,44,251,179,120,159,122,166,244,251,227,243,48,187,145,80,164,123,211,191,91,194,176,85,220,12,105,57,60,102,130,8,174,7,174,147,215,29,225,185,59,191,33,248,139,222,36,204,117,20,1,73,244,253,103,62,27,172,11,174,193,245,50,152,5,20,111,176,57,120,248,227,2,152,246,209,122,209,32,115,63,220,131,98,5,162,187,171,204,154,245,131,230,121,151,132,77,173,173,37,114,170,82,85,97,194,77,199,171,187,214,64,24,22,129,239,137,127,193,185,78,26,39,216,225,54,31,242,231,82,197,18,55,66,197,28,242,234,237,200,34,154,33,183,154,91,208,247,128,111,96,194,56,108,61,143,227,156,14,34,68,169,200,131,130,64,33,38,239,222,48,154,237,142,133,164,149,147,131,121,117,96,246,178,110,65,140,121,194,182,1,151,139,199,46,49,27,77,17,149,119,195,120,180,140,141,111,68,126,112,91,11,13,166,228,30,166,185,51,105,169,160,193,219,93,30,176,251,46,130,5,215,92,139,179,230,102,230,0,185,98,135,37,133,225,113,66,132,5,52,135,44,239,35,98,66,43,234,248,222,17,120,128,41,198,249,226,243,145,137,177,16,228,241,175,102,1,196,8,85,209,99,181,34,227,225,167,165,163,191,167,106,188,226,162,86,236,82,177,71,119,123,243,222,14,202,132,141,14,13,87,239,127,156,139,109,176,4,252,61,255,0,57,21,76,112,135,96,53,231,243,214,80,55,65,45,225,62,88,236,41,218,59,46,240,225,47,154,249,239,151,148,94,222,114,33,173,92,117,41,30,2,160,41,239,19,32,77,196,117,63,230,241,131,37,86,232,121,112,57,87,28,65,47,83,30,121,153,105,221,199,48,15,36,135,58,227,19,155,154,30,243,91,85,91,74,63,214,1,169,26,206,242,255,0,82,22,30,31,26,194,137,5,248,65,92,245,206,35,108,39,123,147,139,70,170,115,140,58,40,38,188,184,193,81,123,154,208,39,167,57,126,141,65,62,112,230,20,205,205,56,89,104,131,98,228,20,94,222,30,113,91,203,193,230,241,127,119,20,88,39,26,177,209,235,15,127,130,146,39,198,20,1,48,116,28,30,159,188,19,110,1,147,211,126,114,214,160,80,82,49,121,248,197,40,64,154,31,85,100,197,32,145,144,171,227,222,8,0,27,8,192,147,58,184,0,172,122,63,70,90,209,81,126,119,133,225,101,128,108,212,215,239,156,171,253,165,132,188,105,191,221,152,5,16,45,182,29,202,228,66,97,222,143,33,41,189,123,253,225,40,82,86,147,148,120,30,216,237,8,221,242,6,231,122,134,39,164,26,228,127,111,252,100,32,56,12,189,195,252,100,231,28,1,19,146,240,186,225,201,68,16,216,23,34,123,117,139,166,93,220,61,137,251,241,132,206,138,75,70,247,13,101,137,108,92,61,181,223,156,67,9,30,221,252,56,201,236,226,113,229,231,121,20,54,180,164,240,51,45,20,130,59,30,127,24,204,109,155,100,247,132,52,192,146,137,110,147,120,210,171,177,186,94,217,129,54,92,145,159,55,219,150,46,128,25,124,159,24,130,105,80,193,249,194,30,196,162,35,199,84,205,162,145,106,230,0,123,56,227,97,136,181,40,176,220,15,71,245,120,203,45,45,239,13,209,234,142,18,247,2,165,112,223,172,67,113,90,252,112,81,216,239,1,180,37,33,167,33,177,165,13,243,225,192,33,100,37,66,108,121,126,156,98,180,192,0,43,202,121,117,244,228,231,37,83,69,82,112,69,214,143,56,96,128,168,224,171,245,167,185,129,206,65,123,146,37,72,162,53,227,1,57,98,244,13,145,62,72,184,154,0,32,214,64,42,154,29,25,206,145,32,38,113,0,86,135,93,59,197,2,170,148,187,84,156,155,93,228,40,6,74,67,90,7,39,207,231,17,121,77,22,189,29,222,183,144,157,176,43,52,248,133,179,172,53,42,95,56,170,31,61,235,54,76,24,111,96,223,13,254,49,6,145,169,201,48,232,228,253,139,238,166,176,189,226,249,84,33,117,3,188,130,162,106,83,17,142,56,114,118,228,63,133,214,165,122,43,211,249,243,134,96,130,0,115,162,119,156,134,38,1,116,135,151,55,28,56,39,160,255,0,186,192,210,225,194,95,62,111,155,132,2,20,131,79,78,187,123,235,22,68,25,186,78,16,246,241,136,26,216,36,21,183,93,241,129,40,144,175,127,9,215,235,14,227,230,224,124,133,40,156,91,128,221,18,28,23,210,116,254,28,251,252,80,230,104,255,0,174,81,70,40,239,157,97,247,195,91,19,83,88,149,123,75,242,112,140,90,96,24,199,195,163,214,220,126,243,34,36,39,179,141,101,65,155,176,153,173,199,10,214,66,11,197,206,63,230,3,50,33,169,60,107,222,50,66,128,35,207,198,40,83,46,46,131,143,206,72,40,43,116,159,126,113,224,165,141,196,140,179,92,101,127,96,83,157,23,222,245,148,87,180,170,186,209,163,66,253,117,155,156,4,113,188,7,120,165,113,209,214,219,24,124,98,76,136,242,52,107,21,39,218,109,245,222,70,97,53,217,235,1,87,129,135,181,247,222,58,68,54,37,195,215,103,172,83,172,236,252,181,137,82,150,145,249,227,31,216,197,20,125,235,25,236,114,251,77,105,225,192,130,210,174,228,223,243,191,156,223,69,221,209,19,146,127,215,22,28,208,135,49,6,121,200,166,73,67,192,151,207,24,67,12,156,191,47,99,28,132,146,34,245,174,253,97,141,130,80,0,249,124,123,195,78,49,79,229,255,0,119,146,226,190,199,88,60,157,194,131,138,207,219,146,57,78,40,190,61,103,30,238,80,34,163,211,157,121,117,134,162,128,90,10,81,232,52,62,199,24,183,152,77,31,99,168,31,156,32,249,199,164,110,191,24,48,103,74,48,76,119,68,40,72,82,210,227,8,240,200,209,144,138,46,87,203,52,60,20,141,156,215,119,9,16,161,7,20,243,251,203,222,0,230,211,239,140,52,55,201,219,215,214,109,242,90,81,164,192,21,11,104,15,144,231,245,142,240,220,27,120,135,119,24,148,157,45,31,249,173,225,33,176,10,142,185,208,101,19,177,104,151,174,240,144,81,8,34,190,235,175,189,102,136,239,2,155,193,81,41,205,154,200,239,55,2,135,174,122,102,93,186,58,177,27,251,203,78,160,208,119,56,95,24,128,27,229,4,255,0,175,243,146,139,190,105,171,214,248,250,222,7,111,24,183,163,26,151,57,40,252,41,128,149,144,67,122,105,62,119,50,55,100,138,1,230,158,91,249,49,93,48,218,10,108,224,227,15,84,145,79,135,191,33,75,135,38,216,72,106,156,121,33,235,222,9,186,165,2,207,31,128,199,111,16,110,122,26,57,212,194,182,208,59,85,229,238,76,98,118,33,27,120,190,55,149,75,104,150,232,240,97,46,58,104,131,164,215,253,49,136,84,187,71,219,207,231,6,13,67,164,191,121,222,166,40,9,207,70,23,148,129,17,151,125,124,96,166,76,18,254,95,56,216,2,51,186,95,47,239,26,234,63,147,254,255,0,50,17,135,116,5,135,101,192,29,11,217,31,99,57,133,13,49,119,111,156,140,146,44,84,124,207,163,52,76,168,244,244,117,136,50,219,48,160,67,141,93,243,148,81,108,127,96,140,215,199,140,102,173,176,162,125,167,207,243,138,156,146,67,128,228,29,44,212,197,231,162,170,93,185,175,67,117,214,9,103,32,166,240,62,2,201,221,247,239,59,123,152,15,133,153,116,87,66,67,254,243,130,185,225,2,46,198,57,66,193,91,163,254,235,36,37,77,135,216,188,125,97,210,229,154,39,193,206,32,19,193,24,77,246,117,149,80,73,75,191,198,115,65,101,91,15,25,169,117,217,209,135,84,85,234,117,163,197,254,243,108,160,26,54,30,148,210,228,40,110,144,246,160,71,4,72,219,18,132,35,28,141,7,74,182,60,142,177,178,54,128,208,254,176,119,179,64,182,242,234,99,67,196,81,14,151,214,250,202,171,133,95,102,251,248,195,2,96,87,34,254,112,173,178,24,193,15,254,48,36,90,161,236,216,167,179,14,94,110,65,172,106,129,222,156,156,60,186,201,21,34,53,95,12,255,0,185,193,4,218,192,77,96,2,58,85,108,184,9,47,5,52,14,220,14,91,194,199,42,88,243,239,38,164,198,3,103,131,214,58,138,152,57,53,200,189,228,15,8,27,251,126,177,80,163,204,233,230,222,127,186,228,107,78,249,78,193,225,243,239,13,46,174,174,7,80,115,243,206,39,232,213,200,80,104,241,235,31,51,101,32,59,3,161,127,237,227,54,54,61,206,205,124,98,159,110,176,10,245,219,243,149,196,35,13,207,6,61,237,141,47,222,108,40,156,139,140,0,143,143,24,220,7,40,76,149,209,167,140,132,75,65,45,12,164,107,153,28,157,96,132,16,242,19,22,22,72,37,169,215,57,97,107,146,63,19,222,109,167,69,147,165,110,14,194,243,85,250,235,239,29,115,10,40,236,120,198,21,23,128,41,255,0,198,68,253,230,201,171,178,68,215,113,207,149,106,158,182,23,127,251,138,1,226,132,255,0,27,214,22,194,184,208,143,140,1,176,110,102,140,68,54,104,91,174,184,198,218,41,25,183,21,12,54,102,69,62,69,121,113,200,44,81,131,239,251,247,148,71,220,6,42,228,60,136,80,4,254,120,184,36,138,64,238,121,241,146,152,62,37,111,24,169,32,119,201,111,222,177,60,81,215,20,248,113,244,14,90,242,107,53,129,66,133,249,97,212,8,148,71,141,111,2,217,28,2,105,121,233,193,4,35,171,190,75,124,157,97,254,106,14,13,211,199,143,188,156,13,17,221,151,127,238,2,213,44,72,179,55,224,13,208,139,152,190,50,120,11,225,71,43,232,69,27,115,137,112,236,179,167,228,194,188,130,193,224,242,250,192,173,123,71,73,41,3,206,58,217,77,128,53,234,87,20,55,242,132,141,250,201,57,5,118,148,240,239,83,0,58,248,182,184,42,201,189,133,39,198,32,50,240,135,94,79,95,24,40,61,40,236,106,113,167,247,137,11,195,4,14,223,61,239,57,192,232,121,124,252,255,0,152,183,146,43,173,248,76,118,204,91,133,52,15,134,126,241,47,142,101,163,217,190,189,243,129,187,178,180,105,228,193,222,72,241,3,236,194,42,4,29,109,182,225,73,73,17,19,242,139,167,146,100,197,160,81,142,249,30,36,239,2,196,10,133,3,235,135,53,151,225,121,177,159,88,9,72,172,68,186,52,226,104,198,121,111,178,14,42,119,145,156,141,164,19,21,147,84,10,5,105,231,140,55,68,187,189,39,159,24,67,106,52,42,156,235,199,56,42,82,102,142,64,95,26,197,235,32,13,205,159,249,136,11,23,83,189,247,157,199,59,40,187,187,227,7,74,155,158,18,85,125,99,190,164,70,162,77,29,96,33,48,194,236,117,67,223,88,122,222,176,127,3,55,60,96,132,74,58,33,255,0,117,155,137,242,47,178,152,215,159,158,206,100,103,214,13,130,171,238,184,15,143,239,40,20,8,198,62,54,119,134,160,169,94,165,43,241,150,214,36,83,132,248,60,97,49,5,21,92,50,127,222,177,149,30,229,107,255,0,157,98,80,8,142,41,193,243,254,99,218,128,21,171,122,243,121,49,182,89,41,29,32,231,250,250,196,132,66,172,53,67,172,77,0,160,109,175,51,16,1,86,150,252,19,24,155,23,107,188,50,55,122,144,180,235,214,67,167,173,242,102,27,112,72,245,191,24,134,147,136,100,74,180,18,8,249,112,32,100,114,215,166,248,194,38,86,167,66,121,241,138,172,176,107,21,250,245,143,138,22,166,161,184,226,160,190,141,71,126,113,0,169,106,180,219,205,114,188,209,176,122,157,235,214,76,30,175,80,64,178,29,245,130,25,217,225,78,20,126,205,100,253,54,239,46,213,39,223,206,71,242,168,147,100,139,65,110,204,23,111,120,132,162,44,210,120,202,193,79,4,111,252,192,141,94,142,159,24,120,67,197,67,67,139,211,147,186,152,84,1,217,246,125,226,56,169,72,163,145,99,215,14,178,61,54,202,238,216,184,0,209,145,51,72,159,56,107,202,140,118,97,250,50,136,29,55,131,231,25,98,14,4,224,152,147,79,137,200,187,87,167,120,168,166,210,252,234,235,188,9,165,151,210,233,15,222,107,5,45,223,252,101,214,89,20,30,197,123,119,251,197,180,209,210,26,111,2,69,5,180,127,160,205,139,40,200,157,90,87,198,240,221,142,136,190,120,222,68,205,90,4,56,131,248,194,107,1,77,16,218,233,57,199,93,29,33,39,111,93,22,101,12,42,139,234,83,85,251,152,225,226,203,128,28,43,219,131,130,94,211,228,206,92,4,163,168,185,47,103,140,145,80,156,17,79,140,139,229,106,150,143,188,224,40,72,79,61,242,24,45,130,65,211,213,206,22,61,81,248,194,232,207,70,49,87,143,27,107,193,215,177,244,239,35,42,8,29,118,157,113,239,36,33,7,70,215,157,205,231,164,212,78,239,88,40,184,21,173,58,147,42,47,10,80,119,206,14,32,173,223,46,122,196,202,85,168,21,94,241,1,182,132,82,119,239,1,162,107,29,153,134,212,167,17,93,109,228,234,122,194,206,207,195,76,84,166,255,0,56,141,218,177,224,230,156,1,60,76,132,228,157,125,115,150,126,81,202,47,198,167,198,28,67,200,119,244,225,21,0,81,47,74,124,174,52,132,232,229,23,127,121,169,81,4,47,47,206,109,27,41,179,169,169,138,139,197,39,13,220,236,152,40,40,234,76,131,192,16,192,15,114,218,195,29,72,148,137,60,226,227,81,226,225,120,73,113,225,142,12,17,84,222,191,156,52,184,106,160,119,222,240,160,148,150,10,88,79,46,191,24,6,218,204,37,218,195,40,201,18,152,165,61,187,158,49,157,94,226,116,188,54,252,127,24,234,40,192,36,98,75,239,9,213,130,21,134,181,239,121,39,131,186,144,235,245,231,235,32,187,4,24,37,114,82,65,105,170,30,9,175,135,21,4,101,98,39,63,24,132,64,96,159,19,198,18,222,86,215,224,78,166,25,16,96,233,164,31,238,228,50,193,2,160,126,246,229,4,253,58,184,249,176,34,15,185,142,212,109,43,191,198,53,141,34,27,57,213,245,243,146,97,199,204,53,55,174,250,205,141,38,193,199,140,26,157,193,232,243,53,243,135,65,139,233,94,86,251,255,0,48,79,218,13,47,206,24,95,97,60,242,63,206,112,12,164,107,94,166,13,191,29,76,84,101,64,41,156,30,177,155,240,216,56,249,236,192,192,105,80,172,231,79,57,85,76,151,145,218,117,249,199,132,82,67,203,181,167,137,127,188,72,9,174,4,55,131,253,199,209,96,77,42,148,90,107,84,198,207,76,19,171,116,253,96,91,183,90,151,116,55,214,199,232,192,194,185,243,16,177,156,207,91,235,21,166,139,162,60,188,232,30,176,248,135,66,149,41,250,193,33,145,38,234,245,125,63,214,11,210,177,220,222,67,96,124,26,56,127,56,68,8,241,52,71,83,26,164,200,8,63,230,207,198,60,109,90,54,54,235,222,92,185,65,119,38,255,0,156,65,61,33,61,183,251,76,63,163,81,86,187,63,24,140,14,82,7,58,122,248,198,3,45,66,93,239,127,246,176,216,64,21,52,58,193,13,111,27,239,124,49,184,97,186,13,81,230,125,185,200,170,77,176,95,6,16,106,40,248,10,63,126,241,18,189,40,82,151,95,91,184,185,196,53,191,198,110,133,128,137,2,254,48,67,110,211,200,61,56,187,28,128,208,186,103,215,235,18,157,11,34,25,197,125,249,197,69,4,0,229,165,5,7,33,144,42,67,217,172,221,11,218,43,117,231,29,4,6,214,150,162,120,113,148,136,1,175,35,103,88,150,87,68,210,114,122,196,66,3,76,81,77,148,228,222,48,192,78,151,18,154,198,165,193,242,38,125,133,207,94,79,102,75,0,234,186,113,224,70,242,26,221,221,121,199,173,74,85,155,119,59,117,198,67,67,214,186,55,77,113,143,57,240,66,14,35,151,23,135,233,22,220,73,111,87,140,142,5,229,248,55,147,34,45,229,70,183,172,186,67,180,15,201,201,136,148,13,3,200,222,22,82,32,197,90,41,235,77,250,192,9,158,134,200,246,108,124,98,189,202,0,143,159,239,10,164,208,96,63,243,54,234,57,85,250,156,96,87,48,121,175,70,12,11,220,81,102,45,10,182,152,233,42,55,165,135,134,80,154,39,29,228,203,64,35,163,2,121,165,66,108,225,86,253,96,160,193,23,209,173,245,206,156,33,87,134,145,108,237,253,102,202,20,52,47,115,122,156,226,169,4,221,57,241,252,226,94,164,15,29,27,116,38,66,219,151,137,191,78,4,170,68,121,241,113,203,166,59,20,212,197,172,160,194,147,72,45,77,225,42,112,131,27,120,195,153,240,170,13,59,185,222,146,84,15,3,132,227,47,15,76,107,184,222,79,15,26,115,78,42,143,233,177,201,254,100,144,83,77,250,63,24,201,94,138,132,120,82,130,138,183,95,89,170,212,64,73,9,140,98,20,54,73,196,241,133,26,108,124,232,223,28,196,200,12,0,135,35,1,0,194,223,24,139,85,169,111,17,147,37,66,22,120,78,253,229,154,252,108,247,143,135,16,4,0,113,114,73,50,142,151,179,102,26,102,153,16,4,127,51,127,156,47,153,89,224,180,122,231,14,166,49,50,185,61,154,25,88,107,130,72,114,124,235,245,145,216,141,181,30,216,245,255,0,184,132,242,192,63,105,117,222,73,1,28,73,255,0,220,64,93,226,35,201,186,226,205,97,123,206,171,155,34,242,205,95,94,242,182,127,70,63,7,103,204,254,49,40,184,0,55,130,7,169,191,198,23,174,98,185,59,73,112,201,211,166,148,223,11,231,3,88,252,86,224,39,215,57,102,143,155,192,243,241,254,96,39,64,2,86,34,254,93,252,99,141,116,208,119,118,222,37,16,214,56,186,191,205,245,133,63,72,154,219,201,238,185,178,44,148,144,196,20,129,209,8,159,248,92,96,56,32,1,223,2,26,175,43,128,9,59,21,120,44,115,241,251,201,129,193,19,205,240,235,92,227,144,139,90,32,249,198,165,59,24,35,230,77,152,99,220,193,116,242,233,235,214,95,156,163,162,121,240,239,190,241,96,142,193,96,236,196,56,152,86,190,242,150,212,12,192,154,122,239,159,188,44,44,152,94,55,60,203,117,130,201,0,194,79,39,231,222,71,209,210,41,80,156,107,41,10,148,116,239,156,213,79,92,126,209,197,235,42,105,73,52,117,131,100,27,216,111,123,243,132,158,20,57,26,253,147,238,224,7,180,210,246,46,60,29,1,164,253,102,205,150,250,15,55,156,105,197,57,219,167,129,121,202,43,107,78,223,254,226,128,67,144,40,59,227,22,88,226,212,107,86,156,227,80,164,75,36,54,2,183,34,236,41,34,8,142,116,220,138,82,1,71,153,231,88,13,180,86,30,7,31,30,242,60,211,72,135,199,163,128,5,28,151,227,26,252,226,36,101,147,167,46,222,56,227,22,220,182,36,104,221,60,249,196,13,96,21,242,124,49,247,115,74,193,7,187,206,32,135,155,93,217,173,150,111,110,18,0,180,85,79,137,140,45,153,145,129,29,26,55,239,18,14,89,43,115,2,162,157,86,38,106,244,210,90,60,176,232,92,155,183,12,197,57,173,188,113,239,9,20,11,85,240,45,135,7,89,112,11,180,38,121,46,186,214,90,237,196,9,236,155,243,143,87,89,156,18,235,214,33,233,246,143,17,191,6,78,1,22,246,18,154,194,133,198,205,237,147,42,246,93,204,0,1,202,86,87,231,28,82,200,40,235,71,111,172,26,165,29,129,246,235,248,194,140,37,190,0,224,227,137,200,250,199,40,169,101,15,197,13,94,48,65,17,66,161,75,239,78,43,117,6,133,79,206,67,104,218,22,126,178,162,159,35,120,41,216,70,190,111,88,186,166,43,193,157,211,143,123,235,227,11,164,7,51,78,255,0,140,64,10,57,23,222,42,139,60,14,112,17,22,132,68,87,79,156,130,77,37,62,158,113,205,14,28,61,226,10,46,160,103,21,56,131,187,189,189,99,253,162,138,189,255,0,75,220,205,108,44,71,64,156,99,144,18,238,95,126,141,224,85,131,126,102,248,28,117,61,214,219,153,203,140,131,227,10,219,174,49,41,17,204,0,124,38,79,85,10,74,91,207,225,127,24,160,104,129,171,175,10,226,8,220,0,107,243,105,222,6,201,32,64,118,212,12,38,39,82,180,69,119,165,57,243,53,134,168,162,188,27,250,250,203,166,4,94,107,129,120,249,194,74,35,240,137,163,6,85,216,180,121,239,188,60,182,27,144,46,158,117,245,136,221,164,132,116,143,30,217,131,189,48,209,177,215,31,95,140,88,226,28,135,78,238,197,71,239,8,27,66,216,7,72,138,60,250,215,156,38,90,128,79,65,124,121,202,171,106,153,79,164,227,175,198,80,158,57,228,15,115,28,117,118,52,60,79,24,113,190,45,28,98,68,97,161,121,127,239,56,14,82,117,192,152,37,157,107,155,56,239,8,200,18,135,77,217,245,131,200,52,119,223,121,29,74,205,157,203,214,42,58,1,120,112,24,178,39,1,174,223,243,143,147,105,71,152,151,246,184,12,176,220,72,183,140,0,74,107,81,209,227,222,53,82,24,3,91,75,144,229,109,5,85,197,183,23,65,85,191,198,65,84,209,47,7,190,250,198,225,37,116,87,128,122,231,241,144,164,169,66,209,14,14,186,194,2,163,158,19,150,120,152,103,200,124,142,238,32,185,9,197,159,89,178,162,135,144,207,254,226,154,73,67,158,196,188,214,135,222,6,82,42,140,185,120,242,98,196,173,6,203,206,252,251,194,213,134,84,211,230,127,44,12,95,77,190,33,148,158,242,78,38,193,78,233,238,243,243,144,136,134,128,238,247,188,213,252,43,215,46,189,227,130,195,150,223,227,12,103,45,17,248,127,25,75,163,110,83,142,12,140,19,112,85,196,153,123,47,94,112,64,193,75,118,229,41,107,96,197,173,197,24,240,236,114,64,48,220,172,139,236,132,158,241,55,118,40,103,191,172,131,162,34,75,145,231,187,195,190,156,191,122,146,233,227,250,196,230,64,233,180,255,0,142,52,254,68,220,33,203,195,50,233,51,66,56,54,168,108,219,247,214,39,36,228,239,46,252,226,154,52,208,253,29,118,224,116,114,20,160,243,60,51,120,233,139,6,221,162,250,205,141,38,190,214,112,79,24,89,5,98,110,128,238,67,140,239,92,216,141,146,167,179,140,219,0,85,66,246,64,215,69,194,236,24,35,68,131,78,230,191,140,153,246,70,153,136,172,23,244,193,98,0,15,45,191,214,115,202,68,216,234,146,59,192,171,103,167,205,202,16,185,48,166,245,11,130,146,187,114,173,98,24,187,170,215,243,198,93,244,136,3,143,231,43,130,213,113,15,29,28,125,226,51,21,24,78,195,15,160,74,222,1,63,156,28,98,129,94,112,125,40,112,14,95,222,28,5,1,161,105,175,247,52,176,93,128,240,185,66,65,106,28,159,24,15,212,43,92,200,95,203,136,198,160,1,186,229,121,144,233,104,87,244,31,156,225,66,21,27,62,28,4,11,98,94,190,50,52,120,243,136,121,161,252,230,144,133,161,233,125,230,203,198,129,53,217,172,124,182,20,241,162,253,92,77,105,52,11,171,190,19,188,231,154,236,52,120,102,199,6,66,209,170,100,231,146,104,205,18,155,68,170,176,49,130,166,173,216,123,235,52,219,84,11,219,141,92,4,122,86,244,188,101,96,202,4,99,244,226,151,204,165,9,41,6,224,170,7,9,219,59,83,140,140,113,129,171,168,141,245,227,188,174,162,34,207,92,251,200,250,234,213,48,186,167,214,86,67,101,141,95,88,64,44,14,52,7,80,235,78,241,108,2,35,67,104,59,231,31,65,154,38,206,92,186,215,154,80,64,7,239,55,242,123,29,254,179,104,69,216,52,124,73,138,51,144,248,231,29,4,145,162,110,223,222,37,144,29,133,18,51,126,241,57,17,20,156,249,223,243,145,202,176,8,143,49,220,192,77,156,241,58,248,235,38,248,64,77,171,144,238,25,200,188,144,209,205,245,134,154,238,186,117,131,177,139,178,122,44,214,64,152,57,65,180,136,125,209,235,0,145,87,130,94,162,236,202,85,212,90,15,0,183,131,19,96,2,125,180,243,198,54,145,216,157,78,141,240,229,224,97,14,120,18,248,117,151,24,144,188,156,78,179,208,182,205,147,120,155,40,176,122,126,117,141,119,91,26,215,60,98,40,17,161,104,77,235,215,247,138,234,246,214,31,7,206,31,144,194,223,59,247,139,216,206,128,6,185,127,140,81,41,104,229,234,241,156,117,1,52,123,83,4,58,172,10,122,152,154,212,245,110,124,127,247,18,60,38,34,99,140,125,0,56,124,96,200,140,155,167,126,39,88,102,246,129,36,115,185,247,133,228,115,124,59,49,8,101,212,164,202,40,128,104,12,8,1,52,154,120,255,0,230,16,184,149,34,179,198,89,17,1,173,151,226,113,141,152,118,149,107,206,188,107,37,208,59,82,254,57,94,240,79,157,78,81,10,159,3,179,206,48,195,18,133,1,71,179,32,185,144,161,95,3,235,143,121,108,97,212,71,182,227,98,192,81,228,29,153,65,171,115,200,230,171,12,162,0,249,126,50,81,198,172,246,251,191,88,95,207,53,98,23,189,102,235,71,155,104,59,178,56,169,16,208,128,125,152,108,81,224,72,223,214,84,36,26,219,35,219,143,177,26,0,133,225,113,29,52,25,97,192,125,98,190,132,141,124,83,204,112,10,89,43,182,154,99,6,105,180,214,186,205,145,121,250,39,46,167,63,172,153,79,69,87,235,222,28,83,219,157,7,31,222,19,64,122,15,39,129,202,35,53,21,28,13,189,96,101,100,0,160,206,156,125,86,248,53,160,254,178,182,67,165,95,87,10,88,0,97,191,235,4,191,72,136,39,146,243,142,221,43,128,249,202,41,11,226,226,217,54,243,55,48,16,176,52,174,253,222,177,29,8,40,14,135,247,136,234,15,188,59,224,93,98,149,69,113,37,209,65,155,247,150,140,168,161,217,211,127,70,35,175,148,69,225,222,252,103,67,14,240,184,237,204,131,3,71,217,129,23,163,229,141,189,24,41,195,7,7,128,191,40,100,71,2,239,107,21,250,159,172,72,140,65,228,47,25,216,139,75,96,188,89,172,214,6,42,5,151,123,95,31,140,138,21,21,77,13,114,239,34,154,155,161,187,117,76,15,8,85,105,18,64,225,138,23,53,163,82,106,144,203,70,92,120,174,141,189,199,0,162,204,250,195,112,16,115,244,192,56,114,62,183,134,229,202,164,248,248,223,89,88,122,13,207,51,156,68,22,37,83,148,243,233,195,212,69,210,145,130,132,54,141,41,93,255,0,188,224,109,218,191,33,101,184,221,70,172,173,124,57,65,113,1,203,120,249,255,0,112,20,102,166,231,149,9,249,206,255,0,202,152,0,62,92,97,150,160,3,119,91,232,133,190,247,128,85,1,202,120,49,31,198,30,69,29,145,220,63,204,184,212,230,115,61,150,118,116,135,169,128,106,137,235,218,187,184,100,183,54,58,191,171,136,86,182,56,180,194,119,253,100,60,51,106,169,208,62,178,43,12,254,111,190,58,200,131,106,93,81,29,78,113,185,48,9,248,31,188,123,185,97,20,33,175,46,46,164,39,7,192,28,119,172,33,54,184,126,109,241,137,22,148,101,246,61,100,219,70,138,120,237,241,140,57,90,0,217,246,226,237,1,160,10,205,76,120,57,194,196,152,232,226,52,79,126,51,157,40,208,101,154,63,70,27,24,23,128,77,235,156,102,131,183,192,245,140,220,233,167,120,204,98,154,23,102,255,0,156,16,67,237,252,224,4,88,17,203,66,127,56,65,186,90,47,19,139,140,74,70,148,8,7,198,176,214,241,71,67,103,206,95,7,150,49,184,174,214,76,188,216,107,126,76,123,220,8,73,174,40,119,252,97,144,30,97,161,163,248,194,3,21,25,47,206,57,23,135,183,137,128,196,67,83,94,124,97,20,85,11,184,121,175,249,197,57,206,140,246,220,251,196,53,157,143,159,25,112,22,33,10,192,231,42,25,8,70,204,49,209,84,80,121,31,137,140,224,24,174,249,228,62,177,252,104,32,228,159,198,9,140,34,65,144,140,168,49,0,39,240,24,179,209,129,54,43,126,54,241,249,196,214,184,97,164,165,245,255,0,184,29,246,76,87,94,241,152,68,236,115,131,156,34,87,86,232,194,237,61,61,223,70,82,81,104,82,243,215,163,4,16,56,96,4,222,242,98,158,237,87,222,240,84,42,67,79,135,3,138,12,234,163,127,89,176,126,235,253,185,86,31,148,5,252,46,10,78,44,221,14,176,131,128,155,238,203,6,75,178,51,205,199,186,130,210,81,249,114,233,177,87,56,177,81,21,187,49,174,195,97,168,17,254,211,39,243,168,220,3,154,249,241,154,31,243,163,172,90,0,237,89,190,48,149,240,6,33,224,83,105,173,28,24,209,10,130,132,114,93,244,226,196,241,21,55,243,188,136,221,250,127,184,200,138,59,0,252,96,161,176,180,47,203,88,188,181,142,137,77,110,96,237,216,26,81,3,96,123,111,33,194,36,228,46,158,49,72,8,90,210,55,223,120,129,149,18,232,127,158,178,66,192,95,180,112,61,176,140,163,178,28,187,207,154,240,233,79,95,56,80,96,64,0,249,199,84,70,201,229,215,156,72,81,105,179,214,166,87,1,32,198,126,48,216,74,54,57,126,177,58,55,8,219,124,235,19,200,239,64,109,212,220,199,183,176,8,173,214,204,36,162,196,234,127,70,247,234,103,60,24,43,59,161,76,32,178,180,4,125,190,125,107,25,66,135,192,116,206,158,189,97,166,212,140,205,90,247,255,0,185,176,40,240,219,132,68,125,227,71,142,66,190,117,128,201,146,40,108,89,198,4,96,22,245,164,53,227,151,0,2,0,206,52,56,112,170,108,88,253,226,213,65,236,219,250,196,144,90,81,78,246,191,120,96,174,156,53,233,227,28,223,146,166,147,3,166,161,77,241,131,91,60,198,76,6,174,167,92,26,133,230,76,50,105,135,36,120,48,151,141,62,113,130,80,218,241,176,251,195,163,154,15,131,141,120,112,162,60,97,72,249,238,249,243,143,80,187,26,182,239,17,208,64,85,248,216,25,52,156,168,115,207,56,5,110,192,7,45,235,28,137,171,54,80,64,181,209,191,156,221,184,144,138,118,113,95,79,140,182,82,181,171,79,41,95,102,158,49,188,70,64,210,241,186,26,199,174,50,128,4,238,109,214,68,39,83,226,124,171,172,25,1,183,164,40,217,121,254,177,108,168,58,55,111,239,156,213,10,39,48,55,146,10,148,131,243,223,222,240,248,241,64,170,247,175,140,98,161,27,161,90,87,215,51,253,196,193,144,42,15,163,71,6,75,250,22,106,109,60,14,204,149,17,10,181,94,153,23,69,241,177,227,255,0,48,16,66,196,222,248,199,169,73,65,190,183,212,114,128,46,145,138,191,24,148,165,181,11,162,241,135,132,10,114,174,25,197,18,112,246,6,248,58,39,217,147,173,21,216,183,136,251,197,227,73,9,60,110,96,177,158,12,221,128,79,19,32,214,218,178,190,247,229,50,131,109,177,150,112,180,207,65,43,175,185,142,140,43,67,120,45,36,27,232,25,175,25,190,130,190,249,232,192,91,41,225,132,9,70,199,46,1,85,90,81,196,7,215,55,102,46,14,162,51,239,191,156,1,72,192,56,215,39,254,99,81,194,13,83,126,113,243,54,51,99,73,231,78,120,214,17,31,16,33,215,130,104,249,201,169,173,4,141,189,244,235,23,130,37,229,155,53,219,184,99,146,221,45,0,6,178,123,235,7,60,163,73,11,76,16,18,129,90,95,121,80,19,62,0,63,188,21,248,174,171,117,76,216,16,148,121,113,34,160,23,26,21,61,227,57,136,148,160,94,63,156,226,36,228,147,4,6,40,214,135,176,194,167,64,71,103,245,163,223,227,19,90,54,162,223,103,129,231,45,86,232,112,61,249,245,134,98,92,70,144,29,139,236,195,96,66,79,189,99,52,193,161,216,56,82,64,58,156,239,17,221,62,71,142,176,2,13,192,60,29,46,20,199,11,98,147,156,122,9,188,29,227,118,64,48,233,127,247,10,104,53,2,9,229,124,247,141,152,157,21,16,240,54,252,101,165,115,139,227,164,209,255,0,92,111,58,65,84,9,241,213,197,0,16,4,161,218,78,45,187,205,144,47,138,231,31,77,194,144,41,76,229,193,33,9,105,50,0,237,41,37,113,11,2,168,230,204,82,138,108,221,7,231,57,39,163,69,123,190,38,38,125,59,164,29,88,75,137,79,76,153,246,204,70,107,58,143,236,156,22,250,163,178,239,140,13,202,162,140,253,6,77,7,4,144,253,224,37,195,77,147,249,92,62,20,206,9,244,96,167,169,57,44,56,249,92,210,200,183,239,124,97,75,204,46,64,95,24,22,33,33,9,123,118,179,47,121,41,59,15,114,105,197,177,69,93,112,208,98,160,199,105,231,52,232,43,1,164,17,175,4,31,203,227,8,45,193,128,128,219,83,11,89,0,38,27,169,87,65,172,96,33,23,141,29,73,239,37,29,9,110,53,186,56,111,78,82,243,170,83,232,131,139,227,17,13,99,127,140,42,49,52,57,61,255,0,58,196,119,84,17,18,162,120,200,45,65,13,215,149,195,208,104,78,92,59,205,73,66,137,183,115,223,95,121,72,113,85,0,128,245,172,157,16,1,126,111,140,33,32,37,231,124,155,53,215,123,203,1,139,97,35,96,125,224,174,136,246,6,161,211,18,252,98,201,161,125,199,188,44,19,169,52,136,143,186,96,102,185,12,38,70,226,128,124,226,42,113,24,51,222,72,16,118,61,49,92,210,80,23,171,212,200,84,34,81,26,189,125,226,17,148,245,203,160,247,142,46,137,121,1,140,58,192,245,8,150,125,76,161,36,164,43,146,58,155,2,187,48,50,197,213,29,205,97,84,115,2,23,111,88,195,188,190,3,79,243,154,150,194,230,242,2,195,151,12,68,138,145,232,235,17,105,251,93,63,230,24,83,168,10,26,10,156,43,179,126,245,148,195,37,11,125,54,111,64,78,51,126,182,214,3,75,60,20,194,73,163,2,8,2,198,185,152,219,25,88,33,190,127,121,209,108,165,63,24,120,26,24,17,222,233,160,111,190,114,0,162,32,3,208,235,47,24,52,89,71,143,188,239,54,0,236,174,240,251,160,128,38,61,183,231,241,131,185,123,1,159,246,178,81,90,71,134,52,187,211,128,74,186,126,242,231,86,18,35,214,240,81,5,62,81,158,205,96,125,144,210,187,197,124,243,140,131,107,32,79,188,55,203,33,166,244,95,57,187,217,42,108,136,79,81,152,190,128,104,171,231,88,160,173,135,75,231,249,201,80,77,159,68,120,113,61,77,205,21,243,239,235,10,63,100,128,88,24,208,246,13,245,140,136,45,75,3,188,61,40,193,178,134,9,196,17,100,121,92,1,30,48,55,255,0,211,8,34,6,200,170,223,227,10,52,32,85,130,241,223,249,156,146,52,85,126,219,198,95,213,45,2,185,29,184,20,148,130,69,9,231,205,51,179,23,129,107,241,141,245,72,51,39,172,89,197,90,96,252,228,66,8,110,225,222,107,109,172,77,12,2,112,95,24,221,128,168,27,217,148,22,169,117,201,129,2,135,228,59,239,245,150,18,22,57,214,142,93,81,211,179,50,240,196,113,161,227,239,3,45,37,74,179,140,132,48,27,234,107,6,216,126,7,219,132,202,134,39,183,241,188,113,12,161,17,15,69,255,0,50,202,228,33,162,158,113,197,234,38,136,35,207,157,77,98,186,142,200,41,83,160,176,222,1,45,0,58,121,167,119,214,12,254,208,110,91,95,62,241,15,228,28,219,202,217,219,127,94,50,108,188,108,46,206,130,61,70,107,44,153,5,85,87,55,166,83,23,57,134,90,221,13,7,154,83,231,35,52,181,21,91,197,90,146,138,126,71,1,35,185,58,115,227,156,55,7,8,2,175,60,121,195,85,205,27,84,26,190,167,239,31,69,87,74,250,189,96,135,169,29,254,115,71,62,19,33,123,29,106,97,69,100,93,163,81,158,113,18,124,47,45,18,143,227,38,52,140,113,219,250,197,124,17,106,223,222,190,112,72,132,12,89,231,217,131,223,161,75,124,50,100,98,203,104,222,223,59,113,81,78,189,3,174,199,211,227,8,66,184,73,112,73,86,130,148,239,142,203,94,115,185,105,79,195,254,113,181,112,23,196,122,202,146,139,182,63,159,131,25,130,236,2,31,120,58,142,129,161,250,76,71,109,120,84,159,156,109,245,13,76,83,164,248,89,139,119,79,11,150,149,248,45,205,146,33,160,92,122,245,151,220,126,77,114,223,173,96,224,218,130,119,194,144,147,41,217,70,148,116,173,248,159,56,233,74,85,64,195,87,1,42,130,104,25,7,39,223,231,22,65,109,133,119,7,7,140,107,225,11,228,122,227,127,88,192,113,218,140,146,240,79,206,95,94,64,58,128,238,243,227,156,147,224,204,68,2,221,59,215,222,82,138,96,97,8,158,64,29,238,230,169,89,228,14,64,86,244,101,136,79,79,24,57,211,154,7,20,45,133,22,122,163,155,54,142,40,233,179,227,28,146,33,40,156,111,137,188,67,165,200,132,33,15,140,76,209,0,43,141,46,221,98,208,147,130,210,123,28,33,153,170,70,125,99,146,33,104,95,209,138,85,215,92,120,105,194,183,48,79,15,138,28,106,92,228,212,120,171,166,20,13,45,13,30,152,187,48,129,189,42,95,35,66,253,102,168,1,104,221,244,248,199,84,0,3,226,138,248,64,152,110,137,64,135,69,36,121,151,247,146,123,96,209,218,126,241,9,116,1,164,7,58,205,242,192,136,79,222,253,204,219,58,237,9,238,228,167,64,135,150,245,245,155,1,28,102,201,180,53,125,127,25,6,5,217,44,222,140,142,170,77,232,99,155,201,217,39,1,70,2,215,151,118,92,67,81,193,221,215,229,132,78,200,93,78,183,133,195,136,203,249,235,16,104,216,76,186,231,222,7,119,57,17,223,111,88,144,10,114,69,254,50,224,72,183,191,114,99,136,218,35,67,198,254,58,193,146,139,214,160,124,123,195,244,90,12,22,58,92,13,74,215,149,136,6,159,253,203,17,203,107,147,115,88,89,8,7,105,154,244,118,224,67,66,182,233,67,53,200,142,84,155,255,0,204,226,80,183,27,224,201,180,7,182,100,38,205,129,220,227,1,91,118,222,49,140,172,167,114,224,223,100,208,90,87,214,176,170,66,168,216,225,29,140,187,214,20,157,49,217,67,63,239,24,79,181,141,132,181,58,196,188,247,212,84,124,253,63,172,0,169,42,30,218,78,255,0,172,82,156,26,83,94,9,129,164,25,67,58,212,193,37,145,104,143,206,249,203,83,121,0,21,172,250,195,104,183,124,49,163,209,217,131,238,219,141,255,0,140,246,182,25,157,48,64,120,171,149,18,110,177,20,33,142,112,191,60,32,155,188,239,46,215,163,104,124,156,143,135,14,210,17,228,248,185,41,1,229,80,254,176,0,69,244,127,156,54,70,128,215,224,235,172,92,59,17,249,105,218,24,156,51,106,15,237,207,34,112,80,215,182,190,242,56,234,189,67,227,150,46,177,214,233,183,229,247,150,234,16,237,131,241,147,72,139,31,91,96,241,114,169,71,97,252,141,239,36,209,164,141,248,235,27,69,85,194,244,43,181,116,251,193,16,118,140,15,190,242,67,242,187,251,194,107,130,209,57,195,148,45,113,154,214,3,145,211,29,22,44,36,57,17,235,226,100,167,42,2,254,199,39,106,81,104,186,220,222,188,96,122,189,170,211,206,156,77,88,160,226,125,219,249,200,191,169,193,58,235,15,136,94,40,79,147,38,4,212,82,188,53,254,48,193,26,6,185,29,101,100,60,186,131,62,241,20,8,48,17,252,59,126,50,20,129,174,193,230,226,26,221,84,107,203,88,204,231,133,154,238,254,177,240,16,72,88,243,30,181,143,11,112,24,2,62,188,103,69,218,179,62,13,87,224,126,178,98,67,188,16,96,110,222,43,214,57,216,0,93,31,248,99,28,92,119,64,121,222,51,66,101,147,80,71,173,92,187,64,136,9,29,255,0,28,250,113,128,8,40,13,65,241,131,152,90,19,107,111,237,114,187,160,220,209,131,5,77,107,239,52,21,37,101,160,222,254,156,12,29,77,187,61,100,51,227,99,87,239,30,130,240,42,50,224,106,173,76,220,189,96,84,93,57,63,115,54,76,189,157,248,194,92,14,182,28,183,77,131,95,230,46,86,182,70,183,185,243,243,172,228,124,69,221,238,127,243,42,108,247,181,222,80,77,54,7,29,239,52,149,21,77,212,243,199,25,179,112,176,216,202,133,108,220,107,113,21,39,192,96,106,138,133,189,15,90,119,241,151,246,176,52,177,155,120,111,231,14,157,56,120,9,208,124,224,128,31,135,145,135,192,99,204,143,254,229,245,14,158,156,158,86,244,199,151,222,36,168,228,154,7,217,231,31,39,228,53,253,6,38,21,120,193,225,159,230,56,24,112,237,249,52,254,242,78,204,182,38,27,0,92,118,252,120,193,32,42,70,218,93,239,204,200,148,148,20,239,74,61,91,136,81,52,16,25,204,58,205,4,185,52,221,114,116,189,204,26,66,7,136,108,241,144,35,98,71,79,255,0,49,220,104,8,85,5,5,126,176,153,194,96,117,110,82,137,79,121,13,127,185,57,80,35,116,172,48,210,91,110,213,3,183,205,197,232,122,174,67,167,222,70,43,27,70,0,206,249,198,82,3,68,134,156,204,88,180,203,95,46,104,49,87,100,234,101,28,97,51,95,69,33,158,59,46,151,206,132,129,206,111,26,43,89,102,231,148,222,40,66,200,59,47,135,184,147,46,19,154,145,228,7,249,224,247,140,76,245,148,176,168,49,121,87,113,172,190,40,85,143,186,243,196,201,12,128,128,27,123,255,0,186,193,248,1,176,123,31,135,227,27,56,140,98,5,121,35,124,249,19,172,16,122,249,7,91,222,190,49,82,221,89,34,238,6,247,138,142,23,106,84,238,101,96,69,155,230,100,42,42,82,225,33,27,0,211,247,129,125,40,69,3,32,128,2,212,126,63,120,146,181,166,201,179,144,63,24,225,176,160,82,102,201,71,72,109,93,101,158,54,69,162,158,254,50,138,20,121,144,60,159,252,243,133,84,146,18,222,172,192,45,173,209,31,44,173,67,8,209,15,30,112,113,154,85,68,187,160,216,249,183,214,46,161,111,156,38,232,247,188,16,230,17,109,78,145,117,239,55,184,251,10,155,35,173,55,16,14,28,169,4,208,30,249,191,24,66,226,69,195,182,26,133,160,252,168,179,145,192,80,247,27,194,29,140,136,119,71,206,16,215,23,193,137,164,184,216,64,79,13,180,158,241,7,88,179,16,177,93,61,169,188,48,108,76,39,230,60,189,183,60,34,2,102,233,15,39,120,236,128,46,141,241,126,112,37,84,145,18,182,58,198,244,244,229,156,25,116,71,93,100,20,3,173,3,223,173,235,2,196,128,60,155,39,167,79,56,8,127,77,76,64,149,223,10,204,172,99,96,206,199,217,207,221,199,128,68,252,59,31,172,16,8,138,57,43,214,118,152,19,113,240,255,0,184,157,182,108,199,166,117,158,148,166,6,177,72,84,208,36,159,56,19,153,54,135,7,54,231,72,53,255,0,204,181,172,69,105,61,98,212,52,197,70,190,31,222,0,140,56,54,159,30,176,157,0,42,110,121,245,131,214,131,113,216,62,113,149,133,163,101,241,140,12,157,207,252,194,41,53,200,28,188,250,235,17,128,7,3,217,63,121,80,126,96,130,131,189,235,151,1,128,84,53,140,171,186,216,189,244,224,110,29,161,5,252,231,54,26,5,195,207,33,142,36,177,79,170,42,126,48,107,189,6,35,194,41,71,227,17,190,187,46,30,134,174,137,167,20,64,44,78,64,245,120,198,148,137,203,199,206,177,82,1,178,195,100,239,16,89,5,9,79,143,6,13,224,232,167,35,169,132,133,10,72,71,127,24,244,53,165,190,78,241,69,150,141,74,96,78,238,34,103,108,66,252,98,8,42,2,200,224,177,53,65,170,173,126,241,176,100,14,72,246,190,48,116,85,135,1,88,126,166,81,163,88,1,183,41,55,49,252,183,207,98,127,243,2,160,144,175,58,137,248,196,242,36,90,108,51,86,148,51,91,81,57,98,39,22,159,140,40,130,66,1,198,104,204,193,8,93,94,149,255,0,184,192,227,53,27,116,142,109,62,247,143,216,82,126,46,88,190,57,122,200,10,66,236,213,127,27,194,158,35,171,154,114,80,54,159,241,129,54,77,133,243,68,33,218,129,105,23,13,77,238]}],"bufferIndex":0,"length":16384,"pipes":[],"awaitDrainWriters":null},"_writableState":{"highWaterMark":16384,"length":52502,"corked":0,"writelen":52502,"bufferedIndex":0,"pendingcb":1},"allowHalfOpen":true,"_eventsCount":6,"bytesWritten":118038,"_handle":{"buffer":{"type":"Buffer","data":[240,139,162,138,149,146,214,100,12,60,81,2,250,75,238,19,43,43,200,92,116,99,163,63,164,82,162,208,241,234,120,147,73,129,193,124,202,1,187,154,189,215,159,113,47,48,90,128,51,0,180,110,28,167,95,124,193,171,108,222,30,225,153,17,61,105,243,28,84,54,9,31,30,226,53,69,86,117,44,26,84,198,12,121,128,72,55,176,226,57,198,140,34,246,73,141,87,51,229,189,7,224,128,116,163,81,77,183,182,50,152,250,136,175,52,252,203,76,169,113,81,7,155,117,135,136,11,1,239,196,206,170,89,12,223,114,134,139,97,194,13,235,230,20,224,102,67,39,83,69,97,212,13,87,114,163,3,217,22,29,14,51,26,21,87,61,49,91,178,220,159,212,72,24,41,151,196,115,90,174,52,130,69,217,200,153,223,105,119,1,32,165,220,124,44,109,89,102,99,78,118,238,224,80,254,78,72,116,208,49,143,212,109,168,164,110,66,132,65,96,55,42,95,64,173,38,176,94,56,97,170,69,202,114,66,240,134,233,29,195,1,215,81,159,128,193,88,247,226,82,162,87,146,254,227,158,106,245,226,82,81,93,109,148,6,21,206,23,4,122,130,133,50,181,169,121,47,29,183,97,94,110,107,205,162,174,6,42,113,188,190,34,104,108,238,144,35,150,230,151,80,235,73,134,215,157,203,22,207,2,71,122,248,174,207,168,41,116,236,105,122,151,15,108,103,89,136,12,212,177,155,20,55,48,40,5,6,117,1,198,181,127,72,171,57,207,18,194,139,154,188,68,145,4,221,176,114,20,239,48,114,194,81,53,130,22,209,41,22,19,20,194,128,178,50,239,1,138,11,92,245,103,254,194,180,129,67,89,130,5,211,126,32,205,176,92,181,213,199,41,163,241,236,151,197,11,51,95,152,162,181,171,194,252,166,174,166,3,240,204,14,89,227,239,50,132,94,134,199,28,75,42,185,49,99,153,212,151,57,37,70,237,114,69,79,219,74,211,156,198,161,173,54,230,191,236,39,158,130,207,89,170,32,173,234,199,17,66,34,244,125,231,136,151,174,85,93,15,185,120,51,39,24,60,197,146,221,18,203,124,1,135,30,102,76,205,219,145,164,173,7,0,127,31,238,166,113,155,23,5,204,80,51,151,127,180,189,230,29,24,58,163,247,121,134,75,14,239,184,43,25,54,230,39,52,139,144,149,66,135,9,42,77,168,98,58,203,62,162,251,61,234,28,136,21,65,138,168,89,150,101,5,86,230,166,145,183,28,98,38,172,160,73,153,196,142,39,178,52,180,86,234,93,183,109,135,146,14,201,119,41,187,227,102,224,64,213,55,142,163,67,64,169,106,239,23,112,200,201,234,231,56,21,210,219,183,81,100,44,229,57,132,110,131,9,132,33,72,186,165,169,137,33,106,144,116,96,67,13,234,11,2,188,198,155,162,185,187,201,45,118,204,1,114,148,69,154,175,51,143,183,171,172,203,82,13,44,92,1,92,84,224,107,121,220,179,37,161,89,90,119,65,150,107,74,143,165,66,51,13,196,196,86,62,127,153,70,252,105,206,226,7,126,107,146,102,226,252,104,131,132,12,217,111,204,5,117,63,15,18,227,144,87,130,83,1,76,27,6,86,88,150,14,222,161,177,123,41,200,168,43,21,156,135,68,199,237,69,62,102,168,166,247,203,203,196,24,134,187,234,35,162,126,1,46,251,202,206,238,92,140,37,3,14,201,104,24,74,165,23,4,99,85,7,11,221,199,77,226,251,38,192,108,239,185,206,34,139,250,153,60,196,56,22,55,140,239,153,69,98,229,121,203,212,22,141,60,19,134,64,203,176,2,35,125,203,65,160,218,43,79,136,10,69,109,43,69,127,179,51,201,4,226,136,47,127,234,8,6,138,84,3,50,15,231,133,175,48,187,201,219,23,18,24,9,240,168,135,22,13,155,124,75,19,5,92,47,119,81,3,27,160,194,253,203,6,202,54,54,79,168,64,163,191,230,65,72,80,166,170,76,224,21,144,187,215,168,66,114,184,27,234,114,131,194,102,40,168,97,72,233,114,180,114,183,152,244,222,77,243,253,199,106,176,89,175,19,66,20,48,171,40,83,205,76,113,151,137,102,171,157,87,80,9,4,105,249,148,113,100,126,16,106,96,233,220,1,117,51,153,211,51,10,234,177,57,105,158,161,204,183,74,128,202,234,88,88,49,3,65,195,168,42,108,177,214,21,197,92,46,246,188,74,152,170,27,180,153,78,63,175,82,196,192,121,152,171,123,231,49,5,94,30,230,69,180,60,69,76,90,27,149,82,237,175,243,153,81,170,59,69,241,150,182,75,121,193,149,67,117,185,84,201,178,156,66,20,78,174,23,103,148,82,34,155,246,105,241,27,15,65,113,245,247,211,48,40,28,29,184,37,148,109,54,64,94,147,5,161,22,34,246,52,202,224,222,176,143,110,42,245,68,206,137,52,66,124,1,18,236,162,169,161,44,43,206,252,204,193,123,135,25,6,18,108,104,24,91,207,212,70,249,170,55,170,245,120,137,57,143,45,178,163,154,46,50,225,112,185,43,85,50,96,143,47,204,8,154,5,187,248,149,93,171,71,181,252,17,180,97,28,50,146,152,121,63,136,110,43,204,8,104,56,88,104,65,107,84,192,15,113,85,25,187,202,0,129,161,118,175,237,45,39,226,54,58,149,43,78,157,103,152,86,85,171,115,99,122,204,174,210,30,224,214,243,55,228,207,99,7,30,238,90,21,7,103,63,108,92,117,158,3,142,62,59,101,210,171,102,227,238,80,61,3,75,63,204,12,166,206,31,18,230,177,155,91,148,27,248,29,74,6,242,74,183,121,133,188,100,103,14,94,38,4,58,31,189,5,78,178,241,23,223,83,45,215,141,215,136,29,195,45,90,252,50,225,143,234,164,33,162,208,58,190,72,58,141,161,26,127,48,182,86,25,230,13,87,156,165,195,81,109,53,254,35,67,97,199,249,212,172,138,118,153,232,119,86,252,255,0,241,56,210,115,18,230,255,0,170,126,100,253,41,167,199,243,51,23,56,48,47,68,202,220,208,215,220,5,184,231,31,205,49,99,115,50,240,253,161,187,154,126,229,187,30,35,164,26,131,148,1,110,92,21,68,196,212,22,158,230,102,243,153,154,191,246,229,3,128,52,126,230,143,169,207,209,9,196,211,48,163,164,202,222,163,161,197,227,68,22,225,187,152,155,152,75,43,53,0,190,179,81,12,20,152,188,133,211,10,170,42,39,107,13,188,152,76,30,106,39,108,107,237,21,87,137,157,157,219,152,154,175,20,126,163,91,151,10,86,182,155,60,50,179,137,58,242,68,249,193,95,115,180,8,113,49,31,63,185,130,200,86,253,204,26,117,252,76,105,196,88,66,133,11,107,32,48,130,180,64,85,11,168,72,3,69,234,63,233,238,109,111,184,40,225,173,191,48,150,175,107,230,120,192,119,0,111,12,239,238,94,35,159,44,240,83,204,114,128,188,156,43,196,189,98,217,55,188,194,40,90,247,237,152,28,10,234,105,244,66,5,2,238,110,15,254,19,246,207,57,35,69,76,110,79,249,159,150,76,44,14,226,63,101,159,95,252,176,20,76,185,51,155,156,193,8,11,104,159,129,40,248,0,197,249,154,190,79,233,49,171,93,51,196,255,218,0,12,3,1,0,2,0,3,0,0,0,16,141,133,39,9,44,223,108,124,80,119,198,115,186,80,139,118,249,46,121,221,121,1,88,241,87,87,138,137,132,150,8,204,202,77,120,113,15,104,124,8,230,154,75,125,125,38,252,55,61,120,48,6,243,242,235,77,94,34,37,134,245,26,48,15,97,29,143,198,239,118,96,114,134,240,202,82,234,142,59,196,80,194,241,187,223,163,231,32,243,246,249,41,112,199,107,153,99,180,98,97,86,149,151,221,241,186,192,253,144,151,223,148,75,72,37,247,129,39,13,237,196,221,232,92,140,131,152,179,231,101,206,31,220,86,4,139,26,176,110,143,61,246,132,174,226,65,160,172,198,74,16,82,149,28,21,252,103,211,42,23,41,111,18,195,9,51,103,249,94,135,169,108,234,59,249,186,206,164,91,143,72,104,103,242,114,241,245,150,33,46,196,50,66,165,68,14,43,119,23,34,148,88,184,74,41,176,158,215,229,219,147,24,73,68,143,93,198,255,0,133,25,50,17,196,147,178,86,59,76,63,210,148,106,9,18,38,114,122,28,93,122,57,144,114,25,231,67,241,174,211,198,171,229,250,84,1,27,235,233,118,38,23,60,83,39,61,113,72,153,143,83,254,190,142,130,7,30,135,129,99,208,199,208,215,202,32,37,31,51,133,150,232,83,145,175,223,52,214,205,147,125,176,167,149,28,125,175,210,249,245,6,133,47,118,253,16,114,145,17,157,51,90,54,74,50,220,22,187,167,6,242,50,85,157,83,216,28,49,232,87,10,184,152,168,85,109,249,63,78,159,111,134,201,222,31,45,98,19,228,106,219,87,144,198,141,47,2,181,232,74,105,138,28,226,64,106,20,186,7,61,85,190,98,90,55,161,220,204,171,89,215,29,250,64,97,73,126,159,144,113,21,75,59,141,188,75,148,74,46,92,25,24,7,79,58,208,103,192,30,96,155,95,92,76,112,35,188,236,245,229,0,137,182,114,149,58,158,122,116,225,176,157,128,103,109,104,3,53,234,132,38,35,26,129,30,141,72,33,66,195,222,64,118,202,138,235,232,127,102,164,113,200,198,105,246,219,184,209,150,31,37,126,163,53,87,158,221,96,246,128,185,15,236,197,192,122,22,227,43,165,139,192,243,4,123,99,156,248,116,91,197,238,50,109,210,213,166,80,9,178,234,223,181,220,208,140,170,193,11,124,239,247,13,250,252,147,120,207,198,56,3,137,138,47,199,102,132,155,81,254,130,247,98,184,137,195,188,140,67,80,188,159,242,158,28,52,49,116,208,50,67,227,92,85,41,88,2,54,192,34,54,153,135,206,199,180,181,237,90,46,194,150,239,49,240,234,218,80,86,155,75,61,181,100,157,32,175,82,189,21,91,135,39,82,191,202,32,52,164,151,33,145,151,242,86,152,74,184,113,221,125,138,136,48,196,34,7,234,68,174,15,65,192,161,54,90,55,137,51,65,210,63,11,194,98,28,79,219,31,124,133,63,3,249,166,59,193,175,59,8,239,45,33,215,123,30,116,138,36,128,238,126,35,254,55,123,174,212,61,28,255,0,144,99,40,173,86,176,70,60,74,218,66,179,61,44,206,100,214,144,11,150,39,202,220,214,160,153,173,235,244,217,134,75,244,246,243,10,102,90,91,55,18,23,158,97,7,178,222,151,8,107,190,131,47,132,78,183,26,212,253,234,4,131,251,161,90,138,233,104,99,5,10,179,27,233,66,120,21,32,163,176,185,149,15,241,168,142,67,54,39,200,203,29,140,59,192,153,245,19,128,113,78,201,20,196,72,238,156,233,129,18,97,252,182,13,12,174,96,230,141,1,71,2,62,213,136,141,71,229,7,178,38,7,226,110,41,26,78,197,121,23,40,14,66,208,70,104,123,141,228,179,52,137,244,57,220,58,37,212,246,170,126,47,171,252,71,29,116,243,240,128,1,41,251,150,148,129,210,96,162,231,158,67,2,97,244,62,164,84,30,119,228,113,110,109,208,70,65,221,112,114,97,155,212,135,181,73,15,228,63,74,32,94,186,246,235,176,254,158,142,114,181,215,153,184,184,65,110,92,115,253,68,29,68,34,241,0,192,126,109,97,89,132,89,13,13,196,138,228,128,254,232,13,126,233,225,238,164,171,237,105,45,95,1,168,128,199,167,105,210,63,14,106,94,90,71,82,165,226,112,55,168,184,71,8,45,108,103,106,91,202,234,20,189,144,191,207,13,122,158,73,176,2,236,111,215,160,13,34,242,87,17,64,236,6,16,171,219,199,199,48,153,183,10,8,144,79,167,42,128,15,205,110,70,64,34,172,155,163,191,169,203,61,194,81,220,74,140,15,149,143,183,192,196,77,102,39,50,99,228,45,28,28,146,142,3,237,150,126,32,240,105,180,194,115,137,5,61,46,9,63,255,196,0,31,17,1,1,1,1,1,1,1,1,1,1,1,1,0,0,0,0,1,0,17,33,49,16,65,81,97,113,32,129,255,218,0,8,1,3,1,1,63,16,54,54,16,231,145,225,115,228,92,127,37,102,219,253,144,116,150,182,252,134,207,228,59,237,188,181,246,25,27,141,203,248,124,149,40,242,21,211,176,6,215,242,92,159,137,215,198,103,110,126,217,113,203,6,254,16,66,207,46,190,194,22,231,109,219,132,250,96,123,43,246,83,57,38,186,196,221,176,47,222,195,13,188,129,229,171,143,35,38,247,35,83,252,182,220,246,94,216,23,174,195,220,183,187,98,189,147,249,100,34,92,183,251,113,103,146,172,179,109,140,123,15,237,130,63,239,198,206,48,107,144,201,100,255,0,169,252,179,129,31,153,67,203,99,69,175,246,78,72,16,60,47,254,216,178,29,186,178,7,191,178,19,223,46,190,223,242,240,79,93,45,18,174,158,218,118,225,46,79,86,172,127,103,191,150,247,45,201,7,165,216,127,50,112,177,222,64,174,219,249,193,59,249,63,51,157,45,122,88,157,140,200,147,178,248,44,27,96,99,164,62,146,118,51,127,48,231,192,55,179,239,33,216,63,45,228,145,25,172,89,190,253,117,33,210,127,105,186,203,57,243,13,163,200,7,147,178,31,201,178,31,13,251,185,240,182,81,159,183,168,97,165,234,94,192,145,250,131,153,116,114,212,213,137,46,121,127,171,75,126,151,145,169,212,180,144,117,131,28,246,73,7,207,200,54,252,106,183,124,144,51,248,36,66,186,207,96,157,241,189,62,202,60,185,105,12,247,165,141,159,19,219,223,110,123,28,74,253,19,203,63,146,127,88,126,198,108,167,110,187,121,12,143,213,185,201,83,151,28,177,114,225,203,54,110,242,53,184,246,254,139,85,148,144,134,9,126,150,188,108,78,221,182,69,172,209,182,78,199,194,8,241,129,188,140,114,217,11,126,191,6,226,54,118,125,228,119,144,191,150,19,146,139,82,15,182,61,33,203,80,135,182,43,26,123,15,216,246,205,140,93,75,243,217,105,187,59,189,181,228,56,204,8,83,225,255,0,134,225,9,157,185,252,176,191,140,127,80,247,224,246,95,175,195,176,229,187,77,147,165,139,210,241,146,84,9,219,24,199,183,13,254,174,152,254,216,117,49,25,228,9,118,70,95,177,118,88,113,252,144,153,178,103,192,44,188,249,255,0,34,214,68,242,92,159,155,188,250,252,89,26,177,249,121,62,194,61,129,249,19,127,150,182,140,226,16,47,110,12,99,201,70,215,203,76,158,121,117,57,29,114,51,36,140,159,108,166,72,76,201,255,0,193,191,178,252,62,47,236,167,82,178,247,145,253,18,39,110,18,250,181,144,50,201,63,111,61,144,244,132,254,194,190,88,254,200,245,140,222,216,252,177,248,121,207,165,168,242,58,203,158,220,249,110,246,211,201,50,121,122,148,32,12,37,228,150,108,99,118,120,27,44,99,133,182,147,151,252,17,240,106,85,255,0,199,176,111,36,22,51,46,139,31,44,127,177,223,100,36,203,102,92,56,206,188,140,79,226,212,2,209,12,118,84,145,44,126,76,57,107,62,199,25,3,32,216,216,195,134,31,25,1,209,10,161,96,194,114,199,228,29,147,233,243,15,162,144,239,182,124,11,44,216,52,176,155,32,121,126,239,212,115,126,101,227,183,144,229,110,92,62,19,28,111,193,22,200,48,103,204,63,177,132,167,178,254,219,10,91,109,223,135,254,71,45,249,141,237,187,231,206,44,114,44,219,30,164,191,150,203,96,95,33,187,48,101,235,10,185,114,25,235,150,142,78,146,188,38,62,18,124,208,231,254,15,167,183,253,217,254,200,70,126,125,17,31,88,252,38,125,188,191,203,20,216,230,204,96,95,221,212,236,119,237,195,101,147,176,203,137,177,215,101,254,70,94,90,153,19,110,13,148,90,254,207,233,19,236,251,49,198,204,11,194,254,94,16,109,129,217,196,39,251,46,192,177,219,65,185,123,220,188,49,12,16,121,104,235,62,229,151,46,37,140,104,217,102,114,19,136,36,19,61,103,201,56,32,198,121,214,3,219,247,178,57,201,194,7,68,143,111,81,159,181,179,217,107,126,109,155,1,211,15,242,227,201,142,206,104,17,139,196,252,30,178,30,78,60,135,145,203,24,254,201,134,64,35,152,159,219,6,100,53,179,142,222,223,245,38,16,25,150,44,253,46,250,207,111,124,182,57,40,223,236,4,92,149,145,212,192,57,151,252,90,176,173,191,97,56,188,50,195,118,121,204,188,140,9,12,131,37,251,32,219,177,236,239,205,179,150,198,226,33,127,91,176,18,253,229,179,111,241,155,55,203,54,63,216,8,95,27,57,123,151,59,39,166,254,165,200,77,177,228,57,236,98,193,172,225,187,105,249,45,164,139,121,113,186,50,240,47,249,28,143,236,193,146,158,4,79,249,207,129,32,246,211,225,177,251,233,159,54,204,96,173,132,106,108,199,146,47,89,103,228,186,101,183,236,150,103,254,89,156,191,107,203,214,245,113,96,29,181,244,191,123,49,227,201,255,0,151,150,196,143,212,67,252,252,191,24,11,171,146,187,98,93,189,228,145,97,251,98,67,242,207,185,1,158,252,241,217,64,228,142,242,215,236,242,215,207,252,63,248,203,242,150,242,72,227,241,182,175,126,108,245,177,222,216,246,67,243,231,88,114,123,105,112,158,114,240,157,121,0,59,46,252,216,205,179,94,75,220,109,115,102,102,93,242,196,37,127,144,49,250,109,12,101,69,217,134,127,3,224,229,189,50,241,183,175,132,242,217,147,242,194,211,14,75,153,38,220,76,182,255,0,111,60,182,235,200,75,25,122,16,54,50,1,201,7,11,191,111,245,112,216,207,176,247,100,122,193,125,186,182,25,209,135,234,110,17,244,242,30,93,153,247,153,219,217,82,255,0,126,21,191,16,71,22,183,78,194,126,72,126,90,206,203,88,54,29,118,72,79,178,119,36,231,88,254,17,253,206,55,78,75,166,222,118,1,183,36,54,62,66,70,207,252,103,246,203,126,31,24,11,247,62,112,201,121,146,178,231,198,100,229,216,223,188,18,15,33,16,182,103,4,131,254,203,233,151,46,91,36,101,196,3,201,97,219,252,92,60,149,94,73,164,218,50,99,132,226,219,191,145,191,177,41,51,237,239,212,216,99,51,199,108,103,204,241,103,59,36,222,203,252,177,124,157,61,187,39,35,125,109,128,234,220,127,200,184,46,91,252,150,18,239,182,11,40,187,34,48,109,184,121,39,123,46,249,12,255,0,145,183,142,18,255,0,101,72,213,191,80,44,145,57,240,125,191,103,249,10,220,236,117,110,157,180,184,65,177,206,72,36,243,146,92,135,60,132,244,191,54,92,248,230,118,255,0,102,121,14,152,206,252,176,123,127,216,2,31,200,209,228,47,141,153,237,133,173,163,178,24,254,201,113,6,223,139,79,139,10,176,146,215,109,216,108,153,27,122,157,253,143,197,176,231,146,237,239,206,126,195,39,111,247,46,188,187,244,61,249,164,22,123,109,251,120,90,191,63,236,243,179,103,55,226,173,236,190,54,247,225,210,238,207,178,190,222,249,1,47,236,59,60,150,92,242,223,163,146,255,0,37,217,236,127,47,92,180,219,223,44,249,195,176,242,219,52,219,113,248,57,115,219,101,101,65,60,22,247,191,14,101,231,178,118,220,135,109,248,205,140,47,225,15,97,28,135,25,228,236,190,36,153,243,47,249,99,5,159,70,11,31,150,229,176,202,217,1,178,61,207,130,109,163,219,98,126,195,209,33,144,247,39,133,128,72,15,36,35,196,51,182,157,137,113,249,144,91,240,191,198,204,140,182,222,124,108,182,223,143,221,229,191,51,233,29,229,226,127,16,71,89,215,33,113,128,28,8,2,226,222,228,175,109,30,252,27,127,38,69,131,178,66,207,231,199,224,219,45,176,222,252,219,217,98,228,159,118,53,14,92,37,156,189,180,91,118,49,219,185,215,150,253,129,51,91,5,103,54,155,15,216,252,88,205,223,158,54,223,151,249,62,253,136,178,76,250,65,220,129,177,194,62,123,60,248,125,205,236,153,6,252,57,103,235,96,118,67,21,2,127,151,150,118,61,176,103,47,35,68,165,135,47,17,219,255,196,0,38,17,1,0,3,0,2,1,3,4,3,1,1,0,0,0,0,0,1,0,17,33,49,65,81,16,97,113,129,145,161,240,177,193,225,241,209,255,218,0,8,1,2,1,1,63,16,49,166,70,114,200,201,66,107,175,143,136,152,242,75,61,103,143,49,74,201,196,26,254,37,49,110,102,219,72,10,156,110,64,21,234,41,143,112,98,200,70,201,85,45,209,204,181,198,74,18,0,87,112,75,35,169,140,172,22,210,146,215,73,113,94,24,30,170,60,202,165,173,247,199,214,0,43,127,204,97,88,61,229,135,16,66,204,151,52,131,54,74,84,200,11,157,133,30,82,192,148,202,94,176,177,110,101,122,180,139,47,185,180,168,165,138,221,99,218,71,130,84,160,122,128,170,121,251,196,10,241,22,54,8,7,65,21,117,16,65,196,34,160,62,210,134,205,246,143,102,190,211,68,143,31,82,149,212,29,130,226,23,23,35,155,81,7,166,28,151,51,123,129,18,234,14,249,61,165,186,112,203,1,188,150,76,133,173,181,144,11,132,204,34,250,163,10,56,133,177,76,214,133,16,108,94,49,145,44,232,149,161,42,23,164,174,248,96,58,134,1,178,158,34,156,13,131,44,59,47,93,66,49,131,48,101,173,151,57,66,74,143,25,118,87,49,6,191,18,130,29,227,48,43,226,34,209,145,32,143,16,57,121,140,54,92,171,235,6,178,112,236,249,151,32,34,1,100,183,178,49,206,217,46,218,88,182,166,76,218,32,79,188,149,95,195,251,149,203,196,87,7,239,40,86,155,16,161,212,85,224,37,89,194,77,223,113,97,28,192,238,84,53,134,51,172,68,3,195,41,179,185,117,16,11,67,233,139,94,99,154,28,119,46,225,92,67,85,31,204,190,222,39,24,175,226,14,126,200,182,7,107,241,47,213,177,183,72,72,48,95,65,113,78,84,95,223,57,248,40,234,229,142,4,238,110,87,41,58,213,247,216,107,130,50,153,243,0,227,152,13,162,19,93,142,98,200,43,251,114,198,200,46,177,11,179,248,138,212,29,251,74,52,233,43,211,72,52,84,55,47,145,8,158,18,148,5,2,58,129,46,27,41,246,158,89,238,228,162,240,168,141,222,66,172,217,220,75,92,180,131,57,45,250,68,182,113,41,212,91,164,185,177,216,33,8,54,187,150,182,155,44,21,212,247,207,77,74,13,125,160,174,40,92,80,0,246,129,193,178,198,100,30,139,249,157,59,45,204,178,238,178,52,145,84,254,94,203,131,23,235,164,37,184,76,21,220,22,191,233,57,236,181,234,45,182,11,149,166,82,243,141,149,113,140,92,67,34,48,84,108,111,82,227,160,120,133,142,163,84,65,71,169,115,44,65,90,66,88,149,117,252,75,6,97,213,203,34,2,0,251,204,4,170,239,159,204,39,164,228,44,209,79,210,42,175,227,208,38,55,20,170,100,52,151,176,14,223,210,45,57,49,125,200,246,216,80,219,176,57,36,41,33,56,28,69,82,121,148,84,70,132,201,104,58,241,20,98,252,251,68,172,74,152,74,156,80,85,92,67,99,99,24,85,32,14,27,230,105,167,19,99,5,140,17,102,67,201,177,84,54,81,172,173,15,96,177,110,110,138,184,18,144,168,241,101,172,204,98,84,49,14,235,5,153,9,33,113,114,39,109,220,199,188,238,132,167,153,76,21,86,255,0,169,176,111,152,75,99,218,65,74,169,160,63,236,193,229,29,130,190,99,210,162,80,177,139,153,30,103,28,228,42,30,80,96,24,133,130,12,176,114,216,134,134,59,247,130,187,34,105,59,5,62,238,96,239,121,103,62,99,152,207,9,190,243,16,230,14,248,204,97,122,238,18,193,146,215,12,141,124,62,96,232,185,27,185,216,166,49,90,30,32,100,202,206,33,27,19,229,147,148,201,206,152,99,50,22,154,132,10,250,252,202,183,22,10,117,145,107,128,142,140,52,215,93,192,173,182,86,143,32,32,85,229,34,228,28,66,53,80,82,173,128,117,140,150,247,196,44,210,243,23,187,210,85,56,162,7,113,48,177,76,64,70,29,46,227,133,184,125,238,92,159,245,44,56,66,30,115,24,141,202,237,218,92,130,209,42,225,148,23,1,108,82,174,32,220,128,23,7,254,44,242,8,103,239,153,122,153,110,240,197,113,0,217,67,147,144,37,48,56,148,241,74,8,37,186,113,0,242,196,241,42,113,24,86,147,146,113,176,249,156,194,253,255,0,246,104,249,131,148,4,175,136,81,29,198,74,116,135,237,136,13,238,23,219,54,211,176,58,161,23,177,178,42,161,241,47,150,198,89,74,227,0,62,96,239,88,88,179,81,28,84,66,123,140,162,243,222,33,87,80,180,150,28,104,130,75,129,67,49,14,52,129,186,171,148,96,156,79,152,155,214,236,5,108,124,76,189,167,34,40,209,54,100,65,216,131,7,43,81,14,35,209,176,54,178,35,134,191,207,188,111,43,237,207,81,29,166,197,187,8,205,101,44,34,42,165,60,141,96,115,10,41,1,83,144,94,185,155,215,96,224,9,17,39,63,234,113,137,79,114,86,99,98,216,149,220,66,55,35,58,23,30,189,189,255,0,80,74,161,62,114,238,199,233,121,224,149,171,33,187,221,71,137,230,80,215,136,9,177,133,214,16,167,168,194,161,186,120,243,7,39,16,75,25,20,34,122,98,116,84,169,169,76,61,196,37,156,192,167,1,143,30,168,201,168,193,86,64,164,175,112,14,19,32,9,150,66,84,8,206,16,83,34,18,137,123,4,216,144,44,42,41,160,200,94,184,138,64,238,88,193,146,178,44,98,29,144,166,74,180,195,212,68,160,236,169,16,141,117,10,45,108,97,67,99,67,100,102,140,130,116,206,17,41,155,33,141,214,94,16,149,121,0,68,50,137,75,0,192,30,160,225,136,241,59,217,88,16,89,126,140,174,224,177,7,153,65,16,73,65,200,67,143,210,170,37,49,60,32,243,12,84,171,141,141,140,226,36,53,60,4,161,136,75,103,40,223,184,74,79,168,70,241,122,67,138,9,46,2,155,6,84,56,169,212,79,68,165,230,37,212,49,50,20,128,79,66,109,176,15,71,143,75,149,30,33,87,25,79,161,83,37,142,96,70,234,87,40,195,57,244,131,59,136,57,0,140,244,97,10,130,4,0,185,196,109,176,1,21,93,110,81,22,54,229,177,5,115,22,212,80,130,60,68,193,106,91,112,77,38,202,241,232,192,30,101,156,78,19,142,18,238,32,78,160,237,29,158,149,145,81,114,236,184,50,194,44,210,93,32,203,203,155,18,59,87,232,138,207,116,74,226,42,100,88,150,56,133,13,156,11,133,148,169,222,77,109,148,238,87,180,42,134,5,82,27,149,241,6,45,68,141,168,123,198,66,247,59,86,33,90,214,45,21,44,81,23,119,19,204,5,106,92,166,1,204,181,100,181,163,47,194,202,57,34,84,76,11,68,45,91,57,37,184,103,180,150,21,40,117,6,182,248,244,67,108,93,178,89,40,9,75,211,37,132,164,109,177,34,153,92,58,131,226,19,119,44,42,43,187,147,134,216,46,32,185,204,36,82,10,100,10,12,16,92,18,130,4,54,50,248,66,225,220,102,55,196,6,88,178,85,152,32,183,108,177,216,238,230,185,150,182,80,183,220,219,197,212,124,70,203,129,10,97,124,37,65,230,75,28,136,44,95,98,210,152,37,84,41,204,18,182,107,21,66,204,130,167,18,220,66,197,176,230,52,152,8,130,212,186,221,192,190,224,14,98,221,122,28,200,44,178,200,190,37,138,69,125,97,110,162,40,157,68,60,206,35,137,123,81,218,128,113,0,32,28,193,22,36,88,169,75,6,14,132,80,106,121,61,20,122,107,27,64,37,118,147,81,107,208,158,165,194,188,37,14,231,148,111,157,69,98,246,255,0,126,126,101,184,136,242,108,23,8,113,50,119,27,234,33,216,192,84,74,37,61,192,75,84,28,117,53,150,45,82,197,179,121,98,33,122,154,210,89,140,160,76,67,222,84,50,38,242,95,119,130,134,225,78,229,85,160,203,191,76,57,151,145,131,102,206,36,183,23,51,220,43,151,208,247,139,133,143,240,127,145,181,55,209,87,144,197,139,169,126,182,34,58,197,211,57,38,84,173,84,247,203,220,128,170,96,220,1,87,204,196,163,208,211,98,37,238,33,169,161,109,141,5,194,147,32,237,129,230,88,66,219,45,235,101,170,201,132,16,108,61,226,212,124,165,252,117,42,65,81,192,241,46,35,204,6,238,40,92,27,82,54,164,126,56,38,234,238,90,3,113,54,5,178,162,122,56,200,149,92,234,34,163,165,122,105,3,42,165,146,230,34,213,15,16,50,136,97,7,238,80,54,97,53,204,21,42,143,51,156,90,101,18,229,60,177,225,129,193,132,226,90,178,80,69,46,247,30,17,178,236,108,230,5,143,210,194,10,14,231,83,8,35,190,210,198,21,112,65,82,12,135,49,201,207,209,244,122,67,21,13,52,204,231,163,1,95,105,65,3,123,3,80,62,29,196,148,45,140,56,15,134,55,88,228,230,210,41,135,15,64,23,206,39,142,35,217,184,138,5,27,43,2,205,85,47,42,49,123,187,129,102,155,234,107,28,66,198,165,183,206,26,40,127,236,49,96,251,203,88,47,196,114,208,203,40,130,240,255,0,216,130,232,71,195,167,222,54,151,39,205,99,18,200,19,17,70,14,61,88,143,36,53,28,253,12,44,161,109,30,240,101,182,192,3,196,176,84,64,82,193,39,49,196,175,75,87,26,49,115,120,220,154,10,31,152,165,159,88,192,8,26,8,156,38,245,251,237,9,13,159,188,74,84,231,140,138,14,78,87,243,4,220,171,187,121,246,250,69,42,241,212,52,27,251,230,21,218,61,107,184,39,54,229,1,255,0,9,110,208,240,127,236,161,163,101,162,238,25,41,75,61,141,59,63,159,252,137,116,122,87,131,152,192,162,96,241,60,58,141,11,177,64,191,70,93,198,26,41,45,20,211,185,133,103,80,173,209,16,1,119,250,71,99,152,74,101,5,106,227,251,145,237,72,180,105,185,65,59,126,241,0,254,9,40,161,215,214,88,223,142,160,97,87,43,15,233,51,181,71,245,12,80,52,251,89,248,139,183,248,130,208,127,201,132,204,241,55,53,253,37,211,156,230,41,90,169,204,52,125,166,64,91,212,1,186,183,82,231,178,34,134,190,208,6,196,84,53,226,102,70,228,221,37,5,3,30,38,196,119,210,65,24,133,32,64,94,135,66,26,70,48,212,217,178,226,203,65,194,30,216,161,103,165,84,154,200,88,9,204,21,80,117,62,32,96,211,51,148,237,10,137,46,17,70,186,245,13,120,31,111,136,44,56,137,157,233,44,247,241,251,196,24,247,192,228,88,212,187,30,63,18,170,80,143,49,1,168,61,29,66,15,47,238,2,238,191,49,163,25,127,199,230,81,87,127,50,236,238,31,72,129,123,148,21,83,160,234,93,97,169,201,209,58,132,234,96,37,76,54,78,68,218,220,161,132,116,164,163,110,96,184,53,68,34,153,117,56,74,20,236,225,31,73,51,67,35,45,185,139,87,128,136,161,46,212,193,56,133,75,16,121,121,255,0,33,169,230,255,0,126,145,8,84,188,202,149,117,136,183,238,193,106,159,210,6,163,134,33,16,9,152,251,249,148,9,100,23,158,33,138,85,165,95,142,204,83,65,214,108,219,119,159,242,20,241,189,74,230,49,133,55,103,17,8,114,76,44,136,213,115,191,127,180,243,133,150,113,226,88,153,25,217,20,115,21,75,93,48,216,194,30,241,184,83,194,253,249,137,246,31,104,175,198,22,62,61,71,81,212,186,124,192,130,153,5,89,226,108,24,166,213,84,24,43,89,31,190,190,241,95,38,46,84,0,206,34,226,151,5,198,50,132,94,141,193,2,134,218,59,22,103,92,65,80,202,116,32,207,41,104,131,108,160,202,24,29,170,108,81,247,150,223,169,74,170,216,40,34,49,198,137,134,27,169,163,171,16,208,126,122,128,74,96,166,71,194,10,210,5,226,87,188,240,66,168,228,39,81,240,192,13,33,174,98,132,243,4,118,50,87,129,81,249,149,159,191,18,235,81,54,106,170,33,151,193,2,51,25,88,188,130,151,36,132,55,232,135,132,109,108,68,189,195,54,234,89,17,249,217,125,165,174,153,120,168,220,191,152,177,61,192,29,234,2,231,218,6,186,70,8,194,85,112,201,198,72,5,197,203,82,7,196,3,24,176,45,193,121,241,16,47,78,226,2,200,7,44,102,38,120,139,88,64,133,203,52,150,111,239,18,66,194,225,135,166,46,121,75,84,168,13,191,84,77,248,233,137,84,99,15,238,161,172,218,70,34,150,34,154,108,138,160,42,15,92,249,157,70,96,46,225,34,170,22,84,167,80,182,84,50,179,149,188,203,43,230,37,118,13,136,114,51,114,44,2,162,33,22,175,196,45,196,30,47,219,153,83,196,45,15,215,250,168,214,120,235,168,82,166,100,170,129,236,158,220,203,18,231,183,19,12,149,88,55,139,148,230,84,161,204,85,110,55,182,201,155,57,41,69,167,48,112,243,21,60,189,191,184,173,47,4,161,13,252,195,160,62,208,21,85,248,136,210,84,12,58,14,225,228,192,148,54,74,54,153,4,28,61,161,71,148,93,175,60,193,18,26,68,85,114,213,114,155,184,192,176,64,13,32,85,39,60,194,80,118,114,253,217,190,218,55,156,132,128,91,248,134,27,187,255,0,33,197,106,229,55,216,254,127,17,150,159,74,234,13,11,47,204,112,37,66,167,115,140,70,177,212,116,17,69,44,171,180,110,104,66,82,88,113,13,54,10,239,16,140,103,19,4,228,32,68,115,204,175,34,147,100,226,0,2,33,199,99,108,232,153,129,140,189,131,243,6,146,104,174,196,56,100,231,60,76,33,9,111,24,89,68,184,98,187,191,17,16,249,120,244,144,20,150,240,147,225,125,194,115,180,182,219,195,247,196,226,128,126,255,0,48,1,250,35,34,53,251,79,148,196,107,40,152,99,1,192,151,224,146,151,152,82,211,136,18,147,39,115,204,23,102,33,112,222,229,199,48,92,195,96,65,220,120,246,78,113,129,41,30,89,25,212,88,156,168,187,137,113,18,227,180,4,226,48,75,67,162,96,41,42,171,247,98,146,132,187,34,66,44,131,0,217,81,177,110,145,87,198,46,128,175,126,24,184,174,21,215,152,52,43,109,254,39,101,143,95,16,217,102,209,167,134,84,30,228,53,183,23,25,72,232,6,15,204,172,200,136,79,145,79,255,196,0,37,16,1,1,0,2,2,2,2,2,3,1,1,1,0,0,0,0,1,17,0,33,49,65,81,97,113,129,145,161,177,193,209,240,225,241,255,218,0,8,1,1,0,1,63,16,90,201,74,180,59,83,248,206,208,8,228,111,156,212,133,65,81,186,107,131,255,0,61,225,144,124,90,87,92,77,151,198,117,44,18,175,3,134,246,92,229,30,7,8,127,230,52,146,129,182,60,116,117,12,24,48,138,9,211,154,241,58,117,129,51,207,64,91,181,240,120,205,6,252,145,244,93,48,235,156,219,208,157,242,3,77,5,59,151,235,35,25,254,194,48,160,255,0,219,197,210,10,241,87,5,125,59,239,17,210,90,187,118,235,106,58,203,129,1,247,217,15,41,11,206,16,49,65,114,254,40,239,125,235,10,80,73,168,230,196,248,102,250,214,43,37,131,88,46,169,225,225,113,142,24,23,192,77,10,115,227,60,85,207,8,114,79,150,174,22,173,17,230,209,67,207,140,27,99,111,145,210,187,178,30,115,125,203,11,218,212,191,150,240,11,75,173,0,57,21,173,127,94,112,92,139,181,75,179,219,135,60,106,243,157,30,27,131,217,40,109,214,245,143,0,72,146,120,0,117,102,186,92,108,246,163,64,14,197,231,144,112,48,239,7,2,59,78,55,227,205,193,21,193,55,158,224,211,140,209,152,133,68,210,111,155,175,198,47,179,99,81,211,9,230,222,126,112,221,156,126,0,60,187,154,195,141,120,20,163,198,207,29,98,245,45,96,87,20,120,150,50,92,217,236,196,144,137,64,111,187,50,244,47,220,151,223,169,217,130,172,4,9,166,252,245,136,34,64,210,93,116,62,242,168,238,20,31,143,253,192,224,38,153,3,131,122,222,39,190,241,120,41,118,15,253,214,14,31,50,90,46,143,29,255,0,57,194,155,68,116,223,59,108,53,124,101,132,1,61,136,119,217,53,61,30,49,81,107,121,78,146,116,156,233,121,48,6,65,137,121,98,28,211,37,92,16,43,236,234,111,121,207,203,14,61,129,120,149,252,226,10,47,16,245,181,245,113,129,37,118,51,229,13,111,198,35,29,70,33,104,147,190,188,76,20,146,59,75,106,206,87,185,243,144,168,169,32,114,223,46,231,24,132,128,26,213,24,14,33,179,182,143,57,117,12,121,20,243,244,56,32,248,204,232,10,243,95,142,114,90,36,132,21,189,119,187,117,149,208,129,7,168,241,174,175,254,229,94,4,72,223,196,188,98,234,124,133,93,60,131,252,194,43,69,181,119,227,93,104,252,102,147,71,116,33,206,238,248,185,59,79,3,101,62,99,163,70,241,149,12,68,175,121,123,247,113,28,18,20,213,103,64,14,177,178,178,4,16,27,116,215,193,222,76,39,190,55,54,7,140,177,178,46,195,180,159,214,180,225,39,55,201,104,180,14,253,225,48,59,0,208,53,167,51,199,196,192,102,10,163,29,201,204,242,60,225,221,96,32,39,125,200,61,177,199,86,139,78,139,194,166,248,155,250,196,201,33,31,62,91,178,184,40,147,4,89,117,25,154,115,64,253,133,223,188,140,120,163,96,222,216,27,152,149,37,144,33,135,226,255,0,211,31,154,3,116,26,166,78,1,78,49,204,155,32,38,154,245,38,111,59,0,4,206,62,95,24,245,213,40,223,154,59,63,247,21,89,64,65,125,163,72,251,222,107,5,54,72,47,197,247,222,104,70,23,87,161,215,19,62,17,90,4,245,112,26,137,42,167,103,3,156,65,162,62,45,201,125,241,136,145,29,142,53,124,184,178,176,104,64,62,110,80,150,136,250,33,181,30,113,99,30,153,52,228,47,38,45,193,193,12,151,123,56,158,92,172,179,10,131,77,218,154,209,144,64,11,205,192,240,243,190,112,33,152,77,1,93,154,97,168,120,23,20,170,205,206,122,214,82,154,146,192,219,175,231,120,58,63,74,230,107,78,111,238,99,22,10,81,210,143,194,133,201,128,113,28,85,96,245,219,222,64,91,168,20,156,158,57,47,179,41,115,136,211,100,114,169,38,254,240,238,45,146,49,31,157,243,243,139,206,160,15,13,93,243,136,176,170,131,132,198,55,110,205,92,97,192,104,163,216,6,189,61,235,40,208,8,177,219,243,26,167,173,225,24,121,201,19,145,230,126,176,162,59,87,70,200,155,210,234,253,230,217,55,101,78,14,6,182,99,171,118,131,125,156,185,165,214,204,81,75,7,54,186,132,163,222,243,140,79,32,86,47,19,231,231,25,8,68,0,219,121,241,197,235,16,220,13,52,0,247,47,8,164,243,135,149,37,35,237,226,237,203,80,66,138,29,152,244,135,189,101,235,158,130,247,67,106,38,247,198,241,45,80,136,14,172,23,71,220,239,188,43,48,30,107,185,60,167,59,58,185,14,242,110,235,213,120,134,55,83,149,70,39,7,83,227,163,40,192,148,69,59,218,28,238,120,199,132,210,198,137,190,175,167,34,25,146,239,122,223,95,246,178,2,166,157,148,94,73,230,31,24,188,21,193,2,17,141,159,230,4,142,211,213,33,24,127,163,18,241,214,229,93,27,121,156,204,184,13,10,159,96,238,245,243,134,68,231,181,66,11,230,13,50,211,198,114,51,209,197,10,71,135,214,34,149,177,81,56,39,249,198,245,148,121,185,4,239,103,62,159,25,222,85,110,47,1,211,57,123,142,21,75,27,72,40,175,151,119,141,100,136,208,144,56,98,223,33,46,142,55,136,119,163,133,87,116,69,214,159,234,98,115,217,2,147,97,240,120,223,24,166,22,64,141,214,186,120,63,249,140,160,247,84,74,105,210,150,156,121,222,39,105,101,5,166,207,182,142,254,241,38,16,83,87,46,185,113,231,8,226,109,136,77,56,55,108,248,241,149,196,176,104,237,201,226,125,184,195,160,233,209,166,134,233,252,241,156,23,136,5,117,64,212,243,245,156,236,142,65,19,212,210,58,248,122,192,20,5,168,8,221,61,188,190,38,53,35,214,192,46,134,165,211,126,188,98,92,112,93,143,145,239,198,82,187,23,46,245,215,76,203,90,81,82,200,57,30,14,255,0,89,204,41,22,149,78,14,223,238,99,234,154,9,1,184,93,31,120,57,150,195,78,72,174,181,206,29,156,43,249,76,67,42,157,106,228,14,80,160,244,142,85,186,198,1,212,140,195,170,20,243,242,248,205,36,97,0,33,208,53,59,221,205,150,11,196,151,69,231,127,141,102,250,168,130,235,11,191,156,88,63,65,71,241,254,228,163,41,19,209,167,110,103,241,130,19,200,164,64,254,55,132,169,168,93,58,223,135,206,204,62,61,81,160,147,104,255,0,107,129,176,16,43,251,57,243,128,249,141,137,71,149,233,231,25,153,162,139,217,14,147,118,201,147,141,172,80,139,148,59,198,217,168,57,211,225,241,112,28,4,17,87,147,235,35,18,104,218,13,86,222,127,204,178,248,148,6,80,163,216,55,134,87,93,46,29,134,245,190,119,113,80,35,130,1,156,155,254,115,149,4,65,235,150,235,141,223,247,21,157,160,141,70,212,245,191,172,164,41,157,59,239,191,235,25,183,154,141,166,247,154,104,16,224,17,96,174,254,50,156,133,137,67,182,46,87,245,155,83,141,244,112,198,211,227,239,14,180,42,132,187,211,199,222,37,250,32,41,62,118,214,1,128,212,64,252,15,140,35,212,29,73,241,228,227,159,120,79,204,106,0,32,143,245,139,45,13,16,61,12,156,249,194,179,124,117,53,208,252,47,239,13,93,1,21,246,31,76,80,129,243,17,187,239,19,32,246,128,214,255,0,223,25,207,233,136,40,219,20,214,199,200,227,151,38,138,84,64,56,77,29,100,87,200,150,246,105,93,241,142,206,165,113,72,156,138,247,231,88,37,8,153,10,33,53,160,227,226,247,140,206,88,79,78,83,154,221,92,68,153,160,164,55,32,116,203,197,227,28,184,133,136,224,160,243,206,80,52,90,142,27,219,167,245,239,28,66,106,77,47,41,166,195,150,78,176,48,28,186,149,216,9,200,165,231,91,203,104,83,65,172,17,94,245,102,4,133,148,0,101,77,16,236,159,24,58,181,79,192,142,244,253,107,4,158,251,29,69,166,162,191,78,49,18,150,82,144,163,154,127,121,117,186,20,14,208,13,154,239,35,59,160,186,52,158,157,120,192,143,83,161,24,205,154,52,222,13,153,189,106,32,70,186,233,225,253,97,109,157,88,85,134,233,117,110,108,118,209,1,176,216,157,28,38,243,70,184,99,60,109,210,119,243,137,41,190,138,51,182,246,121,223,198,176,80,46,3,30,201,111,46,101,252,100,64,155,9,220,1,228,126,179,147,67,69,0,74,62,4,224,200,12,102,42,64,192,23,78,121,46,240,20,116,9,65,216,79,6,28,239,55,196,64,246,63,194,142,187,13,204,23,54,139,250,120,131,207,171,156,116,106,43,211,165,144,60,179,233,154,60,50,76,209,43,203,174,14,185,192,47,150,72,249,169,199,119,24,68,22,181,83,170,112,220,140,51,160,35,154,217,87,140,41,162,189,148,61,239,88,18,182,160,5,59,44,205,72,34,158,200,148,111,149,223,239,35,175,13,15,82,196,14,33,58,192,158,108,58,219,124,219,242,241,128,57,133,221,82,150,239,191,248,197,189,148,8,16,120,190,25,191,140,210,66,168,63,135,74,235,175,57,166,28,184,90,208,240,114,189,119,141,104,168,130,116,17,229,121,175,142,48,120,90,38,144,240,247,167,244,113,149,36,29,20,5,135,131,212,239,227,39,105,176,16,237,10,234,107,193,191,120,138,136,134,131,195,173,91,243,146,65,14,12,26,67,148,190,59,197,86,83,164,116,58,246,107,94,112,211,141,161,246,136,160,111,206,28,71,192,247,202,245,243,15,156,115,34,133,175,208,41,255,0,38,0,72,13,34,29,151,248,185,44,102,227,32,216,216,125,181,241,128,240,72,173,51,172,64,243,45,209,242,30,126,177,221,98,6,65,237,159,246,177,204,246,150,32,53,199,40,127,120,22,229,156,68,249,173,249,28,126,249,22,205,106,2,83,123,222,65,25,147,75,57,111,71,179,24,0,56,4,189,135,95,222,36,78,208,170,93,6,166,183,250,199,55,143,229,163,191,193,187,145,4,120,40,125,190,240,149,37,97,178,12,27,198,71,10,12,245,155,61,168,15,203,151,156,244,37,60,215,83,209,136,44,64,130,156,121,159,156,137,68,72,85,86,23,135,247,138,129,166,46,139,229,121,99,250,207,97,131,151,167,78,48,184,48,128,59,136,18,126,177,128,240,83,93,247,28,31,30,240,65,160,186,145,30,19,222,37,152,81,199,175,131,142,181,172,72,164,0,132,166,164,101,248,200,93,59,209,95,9,134,160,176,176,108,221,243,131,182,160,175,103,166,99,4,29,81,55,220,92,26,143,58,7,199,188,96,98,244,114,61,247,154,55,50,77,165,234,26,50,109,78,200,195,162,60,253,100,173,245,68,119,86,187,147,42,141,71,42,59,175,243,145,1,80,250,154,107,174,47,120,3,72,80,67,94,212,227,88,15,136,212,83,80,247,207,189,228,175,165,32,120,85,188,58,53,145,79,135,149,118,172,131,171,136,105,246,59,167,21,172,89,37,174,27,152,129,196,197,208,94,253,156,194,212,157,152,251,0,4,142,9,173,253,123,197,96,222,173,83,184,163,197,184,74,25,77,32,75,186,230,106,94,31,88,242,245,72,8,53,137,33,204,55,30,240,98,21,192,233,206,142,156,67,179,231,46,152,100,213,219,227,127,87,30,195,123,66,17,4,125,243,138,96,164,71,138,29,180,243,172,120,242,82,229,105,46,209,36,249,193,5,34,84,70,197,242,46,182,114,235,53,176,181,239,131,124,221,149,243,134,54,235,31,88,209,44,118,115,163,36,60,139,144,59,252,38,158,102,55,253,185,42,77,8,112,213,215,156,61,9,58,192,160,209,55,205,121,103,89,125,45,160,185,105,181,81,171,127,204,41,180,115,240,213,66,183,174,248,201,42,88,1,28,153,52,156,39,141,245,133,167,100,70,173,85,174,144,229,253,227,7,77,72,153,168,229,246,255,0,102,110,124,148,133,55,7,144,238,57,123,65,45,48,230,212,66,235,134,235,25,1,144,34,108,223,37,101,209,198,177,234,218,135,8,235,124,95,153,155,93,72,20,78,78,230,207,175,120,4,140,6,173,145,57,10,242,249,184,63,218,162,137,4,109,96,123,48,73,176,3,107,106,57,66,126,241,36,217,117,40,87,141,44,252,153,42,8,119,53,187,171,84,227,121,195,128,136,6,233,117,224,196,61,188,235,140,132,42,50,235,8,9,252,173,179,129,171,215,140,34,45,28,166,109,226,208,167,30,118,224,134,14,160,116,214,63,247,222,56,129,194,81,112,169,189,206,166,23,51,116,161,137,79,16,19,230,247,138,66,10,142,145,149,27,103,143,253,196,77,218,32,183,160,190,116,19,22,141,45,107,98,67,185,251,28,213,31,17,40,59,143,228,192,208,99,183,208,21,72,164,104,115,198,153,128,144,170,148,104,104,15,0,235,193,132,197,12,220,27,0,104,55,27,183,206,51,239,181,28,146,109,175,29,98,166,164,68,55,33,220,119,206,36,156,105,17,74,170,53,62,124,153,214,240,0,162,189,18,242,41,198,4,132,219,109,163,179,158,87,189,107,29,152,2,178,107,8,201,235,21,72,67,213,245,214,44,1,34,32,122,91,195,140,253,42,141,57,175,167,156,59,65,1,31,46,183,114,254,225,130,182,151,216,81,151,120,185,5,17,233,103,91,252,125,97,97,179,18,160,109,118,133,217,133,169,209,221,192,98,67,120,31,57,125,35,74,55,202,142,175,140,61,211,10,106,33,39,77,156,246,229,254,216,228,10,124,121,56,236,194,65,80,203,231,67,190,240,211,108,106,215,35,79,198,183,144,196,34,130,183,165,13,160,235,10,101,34,38,219,8,126,125,101,145,165,12,217,168,142,119,241,150,136,29,181,56,109,241,163,140,124,124,35,83,217,78,93,124,96,138,245,37,41,187,157,122,198,34,60,224,73,218,188,239,159,25,78,10,196,38,185,32,249,231,4,244,213,52,173,162,27,183,199,156,48,145,108,216,118,120,175,254,101,212,130,52,31,4,254,113,173,25,72,156,238,96,205,185,8,53,216,201,240,185,87,215,155,137,95,24,176,140,43,179,248,199,184,64,0,32,78,38,109,39,93,13,223,235,88,209,16,100,161,219,73,175,156,156,203,102,251,120,185,18,46,129,118,141,174,218,144,12,225,221,52,188,240,239,229,231,16,73,131,104,4,230,191,185,154,121,194,136,31,43,212,201,208,110,149,208,106,33,76,114,185,16,176,154,223,45,226,216,148,133,178,29,33,227,142,56,207,88,199,0,86,223,135,252,194,193,38,149,7,158,13,123,202,185,225,39,18,243,228,242,101,191,88,68,90,109,10,242,33,134,8,10,100,109,128,194,3,148,239,41,104,99,144,231,129,86,233,225,153,57,134,137,63,0,244,251,241,139,218,181,52,92,130,164,125,75,151,224,97,37,26,60,182,223,211,2,214,162,201,232,156,89,111,88,226,84,166,145,62,82,175,175,231,57,152,240,167,171,55,82,202,69,250,195,14,109,162,243,116,93,30,253,228,117,137,234,134,199,158,248,120,31,88,26,16,13,185,228,36,37,190,241,82,22,232,227,149,229,241,125,224,236,138,172,26,216,214,196,170,134,177,106,55,25,87,195,53,60,207,127,25,117,122,90,28,129,215,3,15,188,28,33,166,137,212,32,225,236,216,142,241,198,102,44,26,95,3,108,223,206,19,3,22,64,209,105,52,111,115,152,99,180,18,8,36,52,55,2,67,207,198,50,114,52,189,202,28,233,236,236,239,26,11,138,90,197,183,154,194,79,89,107,72,135,21,104,60,221,126,241,7,125,25,219,66,217,39,33,207,14,39,192,129,91,100,163,77,100,128,20,149,228,14,194,65,214,249,201,98,102,70,165,10,220,167,29,95,89,60,196,35,61,156,157,190,191,56,27,142,41,178,47,107,170,215,58,237,206,120,205,222,52,5,106,12,177,255,0,204,132,208,87,52,37,73,46,245,174,178,136,234,177,59,201,109,31,31,25,170,107,23,88,154,36,58,126,92,7,204,180,111,98,137,177,177,140,187,199,209,40,208,129,111,54,31,238,58,37,26,198,223,45,239,127,191,89,174,195,232,225,51,70,146,79,1,139,173,214,135,66,102,252,155,255,0,174,70,20,199,13,215,147,181,255,0,48,239,178,112,209,59,52,150,58,227,197,202,61,95,96,195,159,55,231,127,120,67,76,99,137,132,20,174,55,217,56,205,242,48,1,14,202,243,57,231,141,107,22,83,162,135,56,39,122,124,120,196,9,86,86,7,84,158,122,226,249,243,141,138,67,89,199,106,64,222,130,253,118,73,4,81,168,237,135,135,223,254,107,81,88,212,182,142,223,30,62,50,190,2,105,67,2,57,55,163,239,27,48,224,148,40,47,193,197,115,125,39,52,215,164,57,215,188,37,18,65,163,210,115,127,140,72,147,17,208,51,141,107,95,155,148,244,209,129,171,4,111,131,77,203,168,56,89,226,9,240,159,140,78,65,121,80,29,119,125,225,18,219,72,62,199,87,206,34,235,187,105,203,236,251,196,16,176,95,39,31,206,70,103,130,2,7,128,249,123,194,81,51,98,99,160,124,107,188,229,157,108,64,59,156,110,191,222,3,213,14,240,121,23,136,67,157,102,139,240,35,130,188,8,120,188,226,225,72,36,68,241,198,222,119,148,108,8,46,38,147,163,156,90,180,203,38,211,66,242,125,241,112,0,143,26,67,237,11,227,199,25,50,168,162,47,107,57,19,214,176,95,40,2,242,187,153,183,250,205,172,32,130,78,169,7,67,56,115,69,41,170,80,154,19,65,182,228,116,28,24,3,238,223,27,247,157,99,242,71,199,183,54,200,68,216,79,102,65,74,55,86,247,191,55,31,243,182,164,209,73,218,119,207,57,59,71,242,70,167,46,27,231,18,64,42,9,213,231,27,4,65,16,190,77,227,169,144,67,125,214,187,239,26,193,41,36,227,106,24,99,196,141,201,77,192,227,53,88,205,44,188,5,249,252,25,189,0,129,210,239,111,88,176,192,134,143,75,198,188,99,30,22,251,142,81,253,255,0,56,131,240,9,73,46,157,241,183,193,142,84,112,138,26,75,205,85,175,7,25,12,49,31,68,99,221,249,192,146,164,184,109,40,155,212,237,53,231,140,113,100,98,43,216,2,216,113,188,177,79,133,150,20,87,27,186,69,134,47,225,119,18,70,26,143,26,179,214,52,198,160,145,110,133,54,73,183,250,199,126,68,194,173,138,54,127,230,56,207,76,142,250,111,71,124,6,62,185,55,64,236,147,76,142,155,247,128,198,100,69,34,84,186,160,217,170,93,250,190,102,0,214,250,215,123,203,119,210,206,226,33,91,72,49,197,171,3,81,105,57,8,111,191,78,2,126,10,82,57,189,159,121,56,160,42,36,242,235,155,191,172,87,139,66,64,30,53,186,121,97,191,140,178,34,19,137,86,164,211,15,138,229,172,213,17,36,33,44,106,250,193,184,140,49,68,11,223,171,144,211,76,90,145,223,46,52,243,51,196,55,68,60,160,146,211,227,1,152,233,50,235,71,145,31,58,249,197,37,241,161,58,167,163,236,203,239,35,98,208,104,121,67,205,156,24,15,59,162,105,35,4,239,104,156,87,214,93,180,68,4,23,79,34,63,188,132,222,21,214,237,99,204,231,204,28,186,224,74,155,18,110,194,113,227,52,72,194,75,192,108,137,165,129,188,148,242,109,40,6,1,182,26,63,140,119,200,68,105,125,137,35,38,189,228,160,128,65,37,174,136,93,54,207,121,6,70,218,211,178,69,213,236,184,148,192,48,2,64,103,3,173,204,31,229,143,17,165,246,78,241,32,76,236,224,81,187,91,255,0,152,123,20,12,35,117,53,45,230,116,99,27,194,114,64,52,246,230,205,56,162,37,103,131,179,189,95,122,198,32,46,169,29,149,116,146,124,176,165,171,11,68,144,71,35,246,250,193,110,14,96,130,213,222,164,209,245,137,221,128,217,46,70,160,249,181,227,57,39,51,17,224,65,23,239,131,11,27,150,195,169,33,194,239,247,155,12,244,104,156,48,91,169,95,14,28,58,144,65,77,71,207,63,140,22,219,181,176,14,251,37,53,35,241,131,96,81,24,114,177,77,30,131,198,49,17,137,74,58,96,108,60,241,140,114,210,165,129,200,60,37,144,151,4,197,87,56,2,151,143,15,188,149,76,114,118,7,28,232,245,129,176,60,225,158,27,224,9,173,227,33,177,3,87,206,185,113,166,247,178,87,208,142,188,226,158,162,158,55,59,250,169,140,32,135,65,30,1,199,69,121,247,48,138,132,240,77,170,156,251,125,225,212,15,98,90,227,75,183,159,25,62,137,73,69,114,78,60,107,157,98,166,97,200,0,228,28,29,125,100,146,136,111,89,54,60,184,120,48,80,233,61,224,24,243,123,95,150,190,76,48,70,86,166,166,147,180,200,96,112,209,116,156,65,125,243,130,88,106,74,3,71,195,124,252,224,123,124,149,158,103,89,92,43,234,175,53,44,169,139,68,202,128,238,232,219,252,111,214,28,80,205,66,106,47,137,134,195,36,116,135,141,248,79,239,40,203,16,129,231,69,223,252,226,150,23,32,254,207,104,56,112,17,192,209,7,234,245,145,205,15,64,44,157,59,126,102,49,214,34,52,143,119,26,52,104,71,240,122,152,198,2,2,242,93,127,57,115,155,177,138,243,239,45,216,8,136,79,51,153,239,7,49,149,38,215,42,236,243,132,114,153,194,17,200,38,183,140,79,132,17,70,133,239,90,223,25,194,177,192,55,222,176,12,80,210,8,155,215,46,177,110,92,47,129,211,140,97,112,92,190,147,220,199,128,10,236,60,129,111,206,106,143,220,175,200,156,245,129,201,49,40,106,14,186,219,248,192,41,167,129,176,116,39,253,214,43,128,143,59,95,87,34,107,131,146,22,176,176,126,112,76,147,30,188,4,223,58,245,131,105,157,81,66,108,228,248,57,194,198,12,108,251,83,207,44,199,150,98,210,46,223,113,215,215,172,218,44,172,45,138,136,70,95,123,194,68,209,18,94,97,56,231,239,39,27,208,43,54,141,156,252,115,140,203,142,106,87,160,22,190,61,100,48,230,80,176,208,206,131,157,247,51,130,60,96,116,139,219,235,52,118,66,2,40,190,252,255,0,230,79,117,174,32,249,141,251,153,32,219,65,20,178,223,46,183,141,187,132,161,237,28,6,13,76,104,213,91,85,242,156,113,145,253,67,131,198,135,110,166,216,44,82,147,173,56,246,187,153,179,223,212,30,64,156,6,189,98,230,40,218,135,136,239,22,133,161,82,243,109,192,69,236,239,44,101,53,73,122,179,104,77,91,134,227,167,14,15,3,225,165,242,221,230,150,180,181,8,243,58,125,115,206,27,86,80,57,116,56,52,246,79,88,244,168,20,179,26,101,1,240,244,222,112,224,59,64,100,29,51,206,250,215,156,68,41,160,30,215,74,235,222,240,241,17,175,154,161,176,17,145,156,125,98,227,108,0,49,55,164,218,94,122,60,226,187,162,138,6,161,171,40,233,162,180,200,206,200,108,38,221,64,255,0,157,228,74,132,64,212,54,111,99,207,31,56,27,0,188,60,27,46,191,30,112,95,105,213,85,216,229,21,255,0,200,130,134,80,10,132,162,171,201,190,124,152,25,12,23,10,229,118,187,19,118,219,147,16,156,69,116,237,223,139,148,116,29,92,250,40,120,209,117,214,62,34,85,196,27,94,68,101,73,203,231,1,160,33,73,23,106,46,68,32,250,192,176,117,162,54,116,19,225,119,138,131,168,34,167,4,143,220,200,23,38,146,53,99,173,254,112,124,175,103,97,244,75,55,95,15,172,77,34,164,169,81,131,179,243,214,204,45,208,141,3,121,83,173,57,84,142,81,119,200,239,143,127,222,41,136,129,59,80,87,97,202,38,15,73,243,192,119,173,238,253,227,223,162,3,60,67,193,206,9,126,52,42,16,237,165,193,163,131,155,125,117,227,43,35,162,87,125,255,0,153,13,122,2,63,135,159,120,154,178,96,45,234,110,139,196,209,149,86,160,237,46,16,231,8,49,106,104,174,139,12,22,182,135,176,71,235,224,222,0,32,81,55,149,234,175,172,185,222,43,176,188,199,132,113,94,222,176,117,136,232,171,208,113,173,126,76,21,208,220,124,248,117,253,102,235,210,6,153,198,182,62,189,228,202,8,61,187,190,142,60,103,13,72,178,206,118,219,188,144,218,16,176,184,210,120,241,154,130,1,11,103,16,3,249,222,94,38,23,16,106,7,74,187,120,194,72,26,212,32,64,242,94,15,56,196,67,221,117,104,121,158,247,128,113,27,1,70,175,107,215,198,57,41,173,217,193,42,232,245,151,48,185,202,39,94,39,206,42,139,109,2,147,158,206,248,254,178,199,82,174,158,227,167,212,115,67,138,191,177,173,115,9,148,32,225,0,28,202,218,245,193,148,156,101,77,8,233,208,254,115,64,14,74,143,9,223,199,206,65,32,232,68,200,55,239,140,124,1,52,64,118,121,37,198,236,57,35,73,202,91,243,140,90,26,216,174,230,42,47,32,237,63,188,217,24,55,27,227,55,42,154,46,253,224,219,98,139,129,222,157,122,200,13,165,71,128,11,174,237,230,224,37,190,20,80,240,113,222,191,172,170,82,213,135,78,15,217,252,224,181,209,137,43,27,227,195,132,197,21,2,190,105,201,155,145,104,88,228,75,252,226,127,136,7,231,183,63,27,192,107,219,34,193,208,248,130,222,119,136,124,160,247,37,4,110,233,183,151,46,62,110,132,29,248,57,159,57,84,195,96,217,43,79,108,211,133,157,109,168,54,235,139,38,38,85,132,45,161,189,167,30,184,185,3,160,167,44,8,236,7,230,243,169,132,238,221,248,175,47,160,253,226,45,24,59,197,189,166,186,102,57,44,3,71,24,223,2,142,189,243,136,227,44,183,120,80,223,120,140,224,5,79,14,138,240,243,212,113,254,159,20,58,0,104,33,53,128,166,189,6,181,99,243,189,228,168,194,210,240,219,246,247,239,13,42,36,211,51,159,62,48,109,1,59,20,82,253,30,123,202,153,82,165,25,186,142,148,78,53,144,252,64,67,176,148,219,198,6,43,10,152,185,46,136,254,61,184,161,140,104,182,130,70,158,223,222,240,152,39,84,160,218,19,110,251,154,199,162,106,45,175,75,215,207,57,20,86,116,28,39,13,232,238,224,243,164,129,10,26,55,52,10,247,206,40,116,168,12,38,32,161,61,114,220,212,232,46,200,112,40,82,78,31,203,25,110,137,66,177,160,137,231,55,203,129,130,139,134,154,56,239,198,112,115,16,35,183,104,47,231,120,214,53,74,3,119,196,216,51,140,58,23,97,145,220,212,127,155,141,31,42,85,186,233,79,169,221,231,27,121,109,37,189,217,254,48,0,26,14,126,80,198,244,132,163,109,15,46,78,170,156,32,181,179,104,247,239,89,38,128,4,185,132,107,242,54,166,12,242,85,2,60,142,13,238,252,100,194,192,8,178,65,170,112,223,124,229,231,2,210,7,184,134,15,242,224,11,85,146,107,5,165,132,130,139,215,58,251,199,54,82,39,181,161,131,214,240,40,204,109,214,147,245,231,195,143,180,113,205,62,117,249,48,114,26,118,195,151,58,249,205,203,35,213,120,242,152,99,113,21,32,15,39,172,127,166,224,2,123,208,152,103,222,220,71,164,196,72,57,137,72,114,157,252,225,66,248,33,215,185,207,206,27,200,64,205,56,56,45,242,228,77,40,2,239,42,29,159,238,27,166,52,240,125,120,40,101,75,16,110,124,149,247,235,222,55,192,173,71,169,216,57,152,186,1,79,236,108,34,237,219,253,101,230,41,47,132,58,255,0,206,48,68,67,82,15,78,155,51,126,58,203,171,194,109,242,224,176,36,77,103,135,195,199,222,77,6,229,52,45,116,242,234,224,2,147,67,65,222,200,249,228,192,11,32,66,11,242,104,159,112,153,114,201,142,162,52,59,127,238,105,8,64,10,60,135,131,18,41,134,10,43,126,2,110,115,131,76,74,97,43,168,90,95,70,5,246,128,144,117,179,147,235,14,177,27,84,230,255,0,197,194,169,26,26,251,53,47,187,130,233,162,67,159,211,247,151,250,43,59,59,6,167,198,18,67,122,159,90,143,197,207,13,74,100,188,158,49,165,7,51,178,188,139,147,217,231,44,9,249,18,240,15,31,235,32,223,132,26,174,215,19,198,65,77,70,131,197,30,242,120,78,117,116,238,39,103,140,29,139,75,7,251,147,124,26,124,123,198,25,10,0,18,47,61,240,241,110,185,192,169,8,19,209,202,94,134,62,49,13,22,188,149,164,58,150,95,252,199,72,112,206,13,161,209,15,231,0,233,193,96,0,120,135,105,56,194,65,50,0,51,154,235,118,112,224,142,250,109,148,246,55,235,128,195,80,37,7,119,37,42,109,99,191,121,176,192,0,80,29,22,115,221,224,179,156,76,94,36,41,234,132,151,152,236,156,98,216,22,196,57,114,165,46,228,222,106,183,157,64,89,80,119,174,207,24,235,78,74,162,88,156,136,23,126,113,168,41,43,23,90,22,157,223,79,88,133,39,243,200,30,197,251,193,227,199,104,103,186,89,255,0,107,16,154,180,239,7,123,189,241,147,223,36,107,180,229,233,251,196,16,96,232,186,192,84,176,53,95,24,127,139,117,108,236,79,225,239,53,162,136,236,60,81,52,159,120,80,124,224,119,195,133,1,45,29,142,159,148,15,59,112,66,251,66,102,212,118,60,241,173,96,122,78,16,31,125,241,167,143,57,122,252,71,19,47,126,178,128,220,60,75,96,32,241,239,135,78,30,10,15,170,170,31,9,206,248,112,55,129,196,18,21,57,83,90,249,50,193,210,10,27,216,110,101,44,9,82,147,4,246,181,167,115,29,135,17,82,133,216,129,191,51,153,128,105,197,130,28,71,0,121,121,245,150,52,128,32,161,167,18,222,185,153,85,185,78,11,201,10,107,206,116,217,19,134,131,77,59,217,219,135,40,147,50,205,206,129,173,58,107,144,83,66,184,89,11,66,121,121,152,159,240,202,33,138,105,122,120,145,62,173,232,65,216,218,32,90,112,190,178,204,189,10,17,121,213,159,189,25,221,237,13,53,236,212,222,21,241,5,18,155,82,53,239,2,166,192,195,160,242,177,121,222,217,235,29,22,189,82,148,54,13,53,198,177,175,113,221,87,219,222,138,206,36,233,128,172,96,248,167,101,96,26,107,175,25,9,106,172,121,224,130,232,238,30,113,80,215,44,18,251,214,238,111,81,66,222,255,0,220,15,48,133,195,192,248,248,201,139,112,42,237,216,206,183,172,81,206,38,130,228,79,173,79,24,146,98,67,27,227,239,4,21,138,144,79,63,88,48,192,41,121,113,188,212,74,24,124,133,244,147,5,39,116,1,211,169,180,250,201,224,129,153,43,174,1,249,200,116,129,75,56,4,183,92,202,235,8,1,13,72,157,105,77,246,207,140,157,252,13,193,65,224,215,115,210,103,36,50,64,52,5,246,175,60,245,140,160,243,155,188,235,141,239,33,141,135,68,79,8,156,125,230,214,163,249,65,180,126,49,97,44,26,117,236,192,97,146,169,179,162,124,226,183,54,154,19,144,158,45,250,206,85,132,21,78,216,234,98,74,174,84,13,65,127,188,169,56,161,45,52,118,95,252,197,38,176,83,14,138,116,5,97,183,35,254,69,119,30,159,47,39,24,83,96,116,5,143,30,57,97,42,203,88,80,120,111,181,199,116,129,90,9,193,91,80,189,120,194,148,7,73,54,249,119,214,91,0,65,17,120,29,236,124,225,37,69,106,81,120,128,52,114,190,176,41,112,54,239,93,247,156,86,64,134,41,164,13,152,142,41,213,143,107,47,158,113,9,232,227,40,223,102,109,40,128,48,27,161,107,241,49,23,160,13,209,71,104,232,223,95,156,119,238,90,52,47,159,231,39,40,82,8,111,188,167,64,187,70,206,79,121,188,132,202,16,220,108,121,239,142,240,165,140,74,116,58,189,227,38,64,227,20,215,126,114,18,130,64,104,227,223,6,250,202,231,4,62,31,93,44,225,125,224,165,173,82,172,220,47,178,135,156,181,90,65,8,72,86,248,227,121,121,187,19,8,144,133,85,167,39,147,140,65,171,66,8,118,156,167,28,187,220,206,207,160,117,190,14,13,247,171,247,129,122,97,209,99,152,187,61,27,241,151,254,74,200,225,100,30,57,238,102,142,112,106,28,25,1,147,189,108,247,133,99,61,21,28,218,59,106,44,224,235,5,111,77,186,112,58,149,240,186,151,120,2,114,12,84,78,142,79,28,247,137,75,7,132,248,219,201,89,127,140,94,117,73,105,74,60,198,58,255,0,113,65,44,82,35,46,160,132,146,125,247,135,201,86,83,80,217,120,31,228,222,51,106,72,11,38,173,168,7,124,239,46,2,148,53,48,87,131,11,91,187,251,164,135,113,249,203,67,219,132,172,139,72,60,113,57,205,241,51,113,121,53,185,241,128,65,152,46,151,183,179,190,167,157,235,14,160,234,159,20,66,77,91,206,251,193,9,103,75,165,94,87,113,219,215,214,38,213,19,33,72,7,107,63,60,99,33,37,40,174,200,189,175,62,33,188,211,103,226,169,88,111,45,252,92,67,69,146,12,53,36,140,216,254,112,153,99,84,160,160,114,255,0,151,37,115,67,89,14,201,218,67,95,120,1,177,178,164,37,238,6,141,121,61,97,67,3,73,1,77,157,155,191,142,242,217,238,90,244,142,163,100,126,145,199,150,20,77,167,198,176,237,214,143,120,252,49,77,165,193,102,218,107,143,84,134,63,18,195,37,221,30,118,238,147,54,58,246,14,147,86,180,15,28,226,20,54,20,33,131,74,96,66,134,221,224,245,119,19,132,78,229,247,243,154,109,66,88,243,62,121,248,249,205,3,169,56,30,14,254,89,16,58,56,69,132,236,57,59,106,203,83,208,209,174,47,235,25,55,84,16,28,17,106,132,226,96,119,27,196,114,67,163,94,112,52,75,163,65,40,0,209,58,97,138,55,48,155,237,107,147,97,174,241,37,186,109,171,112,122,95,60,96,224,104,189,85,218,183,118,105,223,251,14,69,226,34,158,80,239,228,122,152,204,207,135,23,133,236,113,55,139,16,136,5,4,121,116,83,7,209,202,47,154,174,39,145,243,138,72,87,65,37,43,197,119,255,0,152,16,106,219,71,36,55,183,163,78,33,205,215,118,209,216,217,179,244,7,56,186,72,6,73,171,243,111,180,110,81,206,2,218,58,95,49,24,245,147,212,58,36,175,36,112,188,207,140,74,87,15,30,155,113,249,86,227,114,0,42,21,227,157,154,83,141,102,160,22,0,10,90,250,208,195,87,54,18,122,232,118,95,251,140,57,233,188,154,81,119,31,15,115,35,89,32,0,118,15,244,228,208,184,8,124,163,17,235,227,22,168,148,176,40,17,141,121,223,156,96,81,181,252,135,119,79,124,24,150,101,236,111,128,117,91,172,188,84,132,224,159,80,193,40,21,70,192,171,96,201,126,112,128,174,145,188,175,180,78,80,94,75,188,39,210,173,155,168,175,55,224,184,53,60,81,0,226,144,143,103,131,44,221,106,192,253,6,254,240,250,195,190,11,226,59,49,33,234,138,185,246,31,206,75,145,69,72,57,142,167,195,150,151,173,0,249,127,78,84,160,26,86,223,41,206,35,209,59,163,179,223,241,149,141,199,91,7,173,252,242,224,121,2,75,111,100,239,235,36,141,220,65,124,81,251,225,201,145,84,58,62,83,241,206,40,164,69,1,139,66,254,28,154,44,74,45,192,38,24,214,215,102,248,227,5,136,218,33,183,151,165,215,206,95,120,109,43,141,31,190,240,184,51,144,66,12,54,82,192,27,47,159,147,4,202,75,112,183,167,220,48,38,80,16,133,155,141,37,13,224,61,0,163,211,164,56,53,201,230,99,55,208,42,181,116,99,230,135,131,25,233,117,84,44,3,116,111,191,172,117,2,154,160,3,99,228,173,60,225,161,81,156,203,24,220,97,126,159,38,12,70,209,11,114,242,169,252,119,155,48,119,168,87,39,187,67,129,227,142,113,88,0,199,111,1,169,63,238,241,20,215,197,3,158,245,121,214,87,177,58,81,218,142,158,251,49,192,171,84,64,75,41,199,191,23,23,12,32,3,179,74,119,242,198,181,123,140,72,244,115,111,157,225,95,65,201,133,118,58,71,141,120,198,165,6,26,184,147,167,115,5,6,66,36,157,112,109,56,198,34,140,175,167,147,142,118,175,55,35,18,152,8,8,167,113,74,249,196,65,185,8,39,186,10,9,243,198,11,244,248,233,52,243,180,231,131,20,9,217,188,81,84,25,188,189,212,27,121,19,62,250,198,213,105,41,4,57,238,130,223,214,21,153,43,170,21,54,239,157,122,253,224,206,98,48,171,64,248,47,181,199,38,116,9,77,212,5,4,57,196,172,30,156,161,214,199,155,217,212,201,192,208,14,207,193,196,86,107,221,193,228,100,128,234,131,241,200,207,172,231,180,128,211,54,117,103,134,50,244,250,167,100,185,219,95,92,231,107,178,133,70,185,161,52,244,224,118,46,86,130,212,106,17,19,59,139,195,239,83,66,246,121,231,34,107,163,181,48,5,94,91,212,28,39,9,109,33,8,30,50,213,63,182,116,130,128,173,30,52,85,167,97,112,184,145,133,19,160,126,30,220,135,186,170,137,104,171,120,129,206,194,99,158,200,1,3,148,171,65,105,206,179,82,244,80,1,96,48,134,194,175,156,107,245,53,61,16,34,39,31,238,74,72,45,17,209,231,1,64,6,10,248,19,135,157,239,45,56,193,66,65,211,48,53,38,212,35,158,55,163,29,171,16,148,193,108,14,161,116,149,215,7,58,192,245,56,111,67,52,19,95,88,125,179,74,131,119,149,224,186,12,24,244,70,96,244,179,27,51,39,196,17,38,150,218,62,182,96,117,192,226,240,230,243,71,114,115,128,85,44,193,131,105,184,104,39,119,20,151,65,40,218,110,116,144,55,77,243,137,108,49,18,161,85,105,55,175,248,196,137,122,250,13,66,119,83,235,4,97,110,224,34,16,178,239,140,105,107,22,35,189,41,88,1,225,198,77,146,151,146,216,235,222,176,90,139,210,139,141,60,240,98,72,17,96,122,111,198,223,206,16,6,29,168,242,39,146,95,25,200,218,133,12,236,29,134,178,26,22,181,43,181,254,254,242,244,159,96,3,125,117,142,0,70,119,111,55,219,206,40,227,32,5,52,156,126,62,49,164,184,58,68,56,80,96,214,243,94,133,54,15,87,249,114,140,79,194,7,88,105,225,254,120,194,136,90,80,194,6,150,180,248,134,26,82,56,71,195,103,103,9,225,205,154,144,160,120,133,231,239,22,219,112,108,40,87,142,79,214,92,99,210,10,118,38,159,89,104,33,180,7,224,231,227,40,8,99,223,247,142,30,23,128,220,224,92,70,213,116,247,121,115,207,157,60,123,31,198,20,233,194,168,119,137,232,220,140,252,113,188,47,224,67,71,128,236,241,138,6,206,214,253,35,117,76,136,186,245,0,60,167,30,240,168,13,230,66,111,134,251,252,227,191,164,29,35,254,228,211,124,182,107,255,0,185,108,82,26,26,190,183,142,46,162,187,26,208,143,59,206,56,118,73,87,70,232,240,243,143,226,46,208,223,18,78,182,255,0,38,62,101,40,114,15,38,125,155,253,226,29,4,232,241,9,37,237,245,55,130,113,21,98,133,56,151,142,86,188,100,69,81,92,61,228,54,239,159,140,86,194,252,34,84,116,89,121,245,150,93,43,176,112,175,11,68,249,202,167,218,88,9,205,230,126,241,39,148,7,137,226,245,226,230,168,46,155,39,134,241,227,141,128,8,88,43,205,77,96,217,72,149,7,9,120,90,245,239,10,254,138,212,18,68,215,29,118,15,140,102,13,46,7,100,218,127,188,185,53,9,45,221,240,139,199,251,130,160,30,5,182,248,94,141,125,227,136,0,18,157,242,42,119,141,246,141,8,176,154,105,247,135,91,139,3,148,104,79,252,184,210,152,196,236,10,17,114,124,245,241,137,84,133,193,174,145,248,234,13,200,210,50,208,9,225,255,0,184,195,134,97,178,9,181,228,113,247,31,72,197,98,39,152,235,168,228,41,168,170,71,98,145,60,157,195,88,110,36,67,33,90,58,209,73,111,156,243,148,95,33,47,27,129,254,96,176,116,165,78,131,135,41,213,158,238,35,221,233,67,163,124,144,111,206,92,84,161,24,96,91,235,169,247,139,187,0,189,52,150,174,221,26,249,206,58,195,88,120,74,94,142,196,220,202,76,113,226,48,168,205,47,167,250,97,34,10,45,186,232,189,157,76,106,76,22,169,217,150,60,94,39,121,166,188,148,210,96,155,63,124,76,144,68,237,200,43,20,68,1,199,56,11,1,213,66,65,32,190,157,248,194,131,24,235,65,82,241,110,186,158,240,41,80,147,122,80,225,182,242,220,98,32,83,8,11,117,174,219,246,100,209,66,82,49,162,164,208,159,214,109,66,22,36,55,108,59,103,124,97,209,68,140,62,5,8,59,212,76,74,74,3,118,237,79,83,28,113,1,4,137,86,115,236,237,252,100,18,7,71,97,96,72,120,243,222,47,151,36,165,233,245,199,172,141,86,183,18,169,119,243,241,148,56,181,72,94,90,127,233,214,37,40,209,9,213,13,112,111,247,49,253,13,2,109,105,178,167,55,134,227,176,132,1,18,138,11,64,119,59,55,25,72,210,140,228,42,80,222,249,252,230,186,44,201,183,94,236,52,112,226,56,100,164,47,37,115,179,78,186,205,44,170,218,207,200,24,14,123,194,154,75,237,71,61,186,128,239,157,225,56,67,98,160,178,11,249,61,230,148,87,50,36,232,240,95,239,16,99,145,119,53,241,143,40,202,195,158,38,188,147,140,76,59,122,3,77,200,108,245,227,59,178,19,244,242,185,227,158,112,76,141,136,95,43,200,42,60,96,217,80,24,206,102,182,31,47,212,197,0,32,1,16,235,138,119,27,151,15,113,12,89,196,192,91,7,184,2,112,186,63,207,140,0,75,182,182,244,115,66,252,228,244,4,160,60,39,59,231,47,91,228,24,141,219,75,123,190,240,119,197,64,196,210,37,167,143,121,79,81,107,1,243,21,52,87,131,10,85,154,116,116,226,120,253,224,178,36,215,7,100,209,222,183,252,98,154,170,73,66,109,40,9,103,231,30,213,66,129,45,249,38,94,47,0,46,238,255,0,121,207,19,40,5,7,151,52,160,16,78,252,231,138,10,14,203,203,140,242,84,74,47,249,134,176,173,157,195,207,188,12,141,68,195,60,235,167,137,139,27,230,153,94,132,154,63,195,5,231,52,160,115,162,110,120,199,8,18,216,228,14,139,167,113,243,135,196,145,166,215,100,121,18,56,218,241,20,80,251,198,209,38,197,219,173,47,19,121,55,98,10,61,193,80,251,113,168,48,49,40,216,48,47,155,182,225,31,118,234,114,77,155,66,161,63,180,44,74,16,142,198,184,140,132,89,120,50,164,104,25,21,233,29,143,51,39,154,142,128,116,193,117,243,197,227,1,86,243,240,106,79,88,70,145,155,125,21,58,187,49,227,250,40,30,146,115,167,7,128,49,51,77,235,214,109,132,245,235,101,112,151,59,212,78,237,254,25,22,68,46,129,224,34,166,159,140,208,207,36,97,40,149,17,207,109,185,104,165,96,1,182,236,115,252,98,73,95,83,110,108,78,13,239,17,37,80,50,29,77,247,39,62,49,74,49,68,53,208,7,252,228,30,131,172,140,7,144,223,63,140,237,173,11,128,172,223,62,166,242,212,56,182,214,244,146,198,175,198,31,155,133,5,229,191,71,16,114,173,227,155,200,73,199,28,99,46,81,17,96,114,39,207,226,231,41,90,114,31,3,227,254,231,8,114,250,98,185,36,57,115,243,143,85,171,41,176,157,126,190,176,181,22,3,77,238,220,124,121,205,126,8,162,178,132,229,171,196,175,139,150,196,116,188,60,167,147,205,232,152,183,26,39,145,44,223,223,188,35,17,229,54,116,215,179,240,24,42,228,212,179,113,81,160,236,187,62,243,125,214,99,134,16,157,176,223,199,216,19,106,173,174,46,136,171,106,140,247,131,140,156,130,25,46,138,241,239,22,15,105,228,231,96,127,73,241,135,145,49,5,15,9,154,125,28,224,155,137,35,43,223,16,133,188,230,250,216,84,165,34,105,241,228,184,155,13,216,81,98,206,111,249,198,110,120,173,176,115,173,84,136,224,202,17,17,181,8,27,225,206,191,121,168,248,85,232,155,179,143,206,8,1,111,172,28,134,213,238,224,117,129,201,245,183,152,250,219,138,213,45,113,246,116,9,174,247,79,188,208,30,31,34,206,202,74,93,83,24,171,192,149,64,170,73,225,75,245,154,173,218,16,122,67,211,231,243,140,136,116,18,206,244,254,240,0,10,33,222,141,77,56,13,247,214,66,134,171,240,131,121,0,248,59,185,238,175,50,101,182,114,3,38,179,98,138,68,47,42,226,117,141,104,244,14,74,118,166,184,186,153,170,153,59,201,217,39,157,239,143,121,192,186,73,187,4,87,96,24,239,6,255,0,41,232,71,208,222,147,91,200,212,64,4,14,35,175,159,120,195,118,106,150,46,249,214,167,206,82,180,16,11,177,5,92,18,119,124,15,100,117,124,226,84,145,9,118,107,64,214,107,214,14,250,64,7,4,161,86,107,143,140,80,197,52,162,234,147,245,138,145,15,214,133,86,228,68,235,197,59,209,190,186,195,76,68,1,29,159,95,198,9,38,77,212,58,143,38,242,229,37,242,195,112,154,125,223,172,137,21,75,178,64,196,0,157,55,231,42,136,54,196,252,206,81,172,145,80,26,13,183,157,231,68,66,164,9,120,240,247,245,179,8,11,123,46,27,220,131,55,60,101,219,231,226,239,48,249,192,202,238,208,58,1,33,239,206,67,39,130,15,251,120,188,102,21,36,240,158,242,152,42,136,242,255,0,221,96,188,70,6,213,60,158,113,17,135,198,231,214,19,235,27,68,119,167,157,127,57,74,218,50,195,217,183,188,120,149,236,90,76,6,62,146,189,195,118,119,46,43,100,38,155,253,244,212,242,98,15,243,14,146,79,27,248,222,65,62,2,84,242,116,7,157,113,49,192,208,40,71,203,165,154,255,0,114,80,108,105,36,61,236,249,192,207,29,153,188,231,151,102,3,29,141,32,97,102,94,94,10,114,241,201,117,102,64,48,108,163,157,135,66,111,7,54,144,150,184,45,178,208,148,221,199,120,8,169,102,10,6,157,73,175,198,113,33,140,56,246,118,255,0,220,215,87,9,6,236,63,141,120,201,180,5,118,159,135,207,206,45,109,5,27,94,248,218,112,10,111,36,120,169,201,232,206,0,174,97,93,62,79,247,25,33,64,212,163,209,233,223,57,222,176,20,241,95,103,140,11,182,7,71,26,147,146,39,89,203,227,52,237,239,11,36,249,47,200,254,48,156,238,17,79,65,123,214,36,40,100,224,74,119,86,223,23,54,168,74,27,20,226,28,77,235,21,238,133,98,29,250,74,83,198,19,46,27,251,228,218,115,145,44,243,105,19,228,61,31,156,152,133,116,61,13,254,143,140,81,32,12,57,221,119,29,93,226,104,0,118,145,13,3,207,129,191,214,23,133,3,66,223,47,28,153,206,205,233,66,10,220,212,122,169,146,68,233,34,43,9,231,110,53,199,156,109,216,99,137,25,195,159,146,62,110,16,94,87,45,139,186,39,132,102,29,53,88,218,56,52,81,235,125,147,2,105,137,90,178,202,111,146,225,8,67,102,20,170,244,93,125,158,176,46,186,5,161,118,120,21,88,120,197,213,202,42,242,234,253,25,199,198,25,100,196,168,32,138,27,49,224,187,196,38,135,167,20,42,103,3,97,209,172,210,124,174,8,60,23,157,203,252,98,47,176,209,224,59,8,183,116,223,51,140,53,167,152,173,225,138,122,243,172,118,78,36,81,198,201,31,135,126,49,3,129,104,249,11,154,39,14,75,121,47,107,129,0,225,241,211,235,27,25,211,85,192,82,45,215,52,199,78,115,72,155,75,74,239,189,116,203,234,181,147,194,13,229,4,223,189,100,143,155,144,120,68,239,141,253,249,194,80,128,100,81,37,176,110,113,207,120,58,138,20,6,145,52,98,112,110,235,188,125,178,105,155,91,96,161,241,214,74,129,215,184,108,108,83,193,173,243,172,106,198,226,133,115,102,224,27,209,50,94,213,208,111,163,147,243,134,248,30,61,138,250,61,203,112,50,16,105,146,241,213,215,120,4,196,209,5,66,17,226,125,62,176,157,146,142,120,3,66,239,90,231,47,101,132,88,128,107,87,84,67,2,184,123,160,142,118,108,227,229,194,115,192,101,17,220,110,247,219,146,101,109,255,0,212,119,155,203,23,37,141,191,89,33,212,21,174,187,102,229,254,243,119,144,168,78,91,36,147,90,111,90,205,71,45,0,237,224,249,57,106,157,66,168,109,211,102,157,21,199,134,133,233,35,201,58,81,179,157,227,51,95,128,25,40,249,249,231,12,0,133,65,101,148,255,0,113,77,145,67,24,241,244,123,199,220,123,32,42,111,170,157,14,157,56,90,179,32,186,103,59,59,193,191,206,91,97,96,9,41,183,95,57,69,93,29,70,150,48,255,0,38,6,219,101,126,152,57,152,185,142,26,232,240,237,250,193,91,98,16,83,70,209,94,252,92,221,25,121,51,157,225,94,7,69,57,249,198,0,240,161,244,227,206,25,138,94,80,237,126,31,214,110,119,140,11,125,252,252,121,193,240,56,183,31,79,47,25,170,97,0,4,127,222,166,35,114,71,138,222,97,231,1,9,109,7,102,16,40,200,142,223,189,204,242,87,137,46,205,110,246,255,0,152,196,28,139,25,28,188,243,193,250,192,208,158,149,103,79,151,57,183,202,164,73,232,126,120,199,65,176,54,108,91,179,240,199,100,114,136,131,107,189,239,206,241,226,1,245,1,169,2,251,223,93,224,51,128,169,224,20,165,169,198,184,194,165,30,74,195,73,162,193,196,93,116,27,224,1,122,157,124,96,65,32,212,42,232,231,111,90,48,197,208,128,65,161,14,71,214,27,194,200,8,134,248,209,161,92,30,236,42,201,225,84,15,219,12,226,17,233,180,107,67,161,175,88,39,130,141,187,108,247,138,5,73,240,58,249,194,37,29,128,29,29,62,207,25,77,206,179,104,35,87,176,11,139,193,185,74,186,230,225,234,7,106,233,60,79,251,156,234,203,12,210,63,251,92,100,82,99,21,156,39,247,134,168,133,20,162,245,251,113,28,84,36,131,92,211,146,130,134,187,198,7,100,2,137,193,235,193,239,12,5,0,188,135,91,20,248,238,227,195,199,184,42,79,227,29,34,132,249,69,130,241,18,251,61,227,212,80,196,157,214,11,103,91,218,97,51,192,182,141,20,158,103,158,240,242,201,0,89,104,129,183,87,124,111,39,169,3,149,162,157,204,225,215,223,35,125,76,28,93,154,224,124,126,55,132,13,196,88,53,173,168,44,139,58,169,176,193,184,121,14,30,117,227,54,221,10,67,252,19,248,50,56,209,40,60,16,80,111,231,241,148,140,171,68,131,35,205,26,116,39,206,23,172,2,37,65,193,32,35,127,59,197,28,166,38,79,15,15,30,57,49,41,144,25,164,154,109,160,233,235,158,140,55,26,64,137,196,32,64,68,157,96,198,17,196,69,8,129,193,82,245,188,68,208,46,18,161,211,63,31,46,90,164,116,67,236,105,127,147,5,31,113,33,240,14,195,206,71,83,68,138,7,118,19,151,119,121,85,213,33,59,229,73,199,235,156,124,66,80,57,1,132,222,175,74,96,196,160,213,58,81,233,203,142,118,249,198,202,170,132,148,77,186,58,251,28,212,226,163,27,37,179,71,191,24,109,37,129,29,209,194,12,58,184,4,36,137,217,129,218,199,70,141,246,100,235,48,49,156,177,30,198,164,189,100,154,87,80,23,83,185,122,156,108,193,209,9,8,206,108,181,202,3,248,200,242,107,41,102,193,176,27,176,144,231,13,51,109,11,29,61,114,221,101,176,92,104,101,65,249,245,246,229,80,250,2,167,93,107,223,24,60,32,150,130,115,174,25,207,159,172,16,9,53,232,55,85,151,255,0,184,100,192,19,138,182,235,206,40,100,58,130,15,7,56,17,100,213,247,40,20,103,214,56,190,16,22,38,154,24,254,242,93,109,102,246,151,124,176,125,111,172,0,2,80,234,112,160,7,60,97,112,80,112,92,81,226,201,138,140,230,144,28,183,241,227,163,11,233,68,223,186,162,215,30,14,243,87,86,151,101,67,175,39,28,101,164,150,71,137,189,183,245,201,129,28,97,210,121,41,195,172,93,93,170,210,208,189,159,188,27,4,184,242,134,13,35,239,56,101,245,181,123,28,229,144,160,86,164,254,250,126,240,192,212,147,66,120,241,227,3,115,35,74,37,41,207,253,172,81,97,116,122,159,121,0,108,36,57,255,0,204,124,249,65,134,241,25,170,191,33,29,31,71,245,129,38,204,38,212,217,151,184,160,147,103,58,122,196,202,85,14,143,59,30,113,35,19,60,95,214,105,133,236,90,250,206,4,183,149,124,127,206,48,4,41,54,77,197,18,23,135,23,2,17,12,190,119,228,75,175,51,23,221,116,209,92,34,77,241,133,18,19,212,144,242,122,114,19,219,124,109,214,209,157,201,222,11,12,176,215,210,118,60,124,224,173,166,80,180,123,81,124,246,243,28,145,162,150,149,187,215,109,53,231,198,46,244,176,157,28,151,125,169,156,92,169,189,232,238,79,239,17,229,20,128,27,69,199,194,58,202,34,77,100,2,84,31,46,253,101,153,87,8,22,39,158,176,152,48,144,160,75,223,163,190,243,66,176,133,132,32,65,46,9,131,30,157,190,123,192,33,189,95,158,31,156,118,207,25,51,222,230,8,224,81,126,135,12,239,169,241,142,109,211,59,95,142,3,37,44,170,8,215,81,39,81,231,252,198,194,76,111,27,224,214,246,96,251,2,115,23,127,15,120,131,161,77,68,108,124,61,220,216,114,170,161,240,139,204,222,24,248,75,104,249,21,120,189,146,83,58,114,110,20,59,245,55,163,37,42,210,176,124,136,241,60,227,26,34,18,107,38,164,135,187,146,1,221,201,5,233,190,1,241,245,134,135,212,140,36,35,141,50,190,114,32,225,21,215,118,71,28,227,168,60,192,34,251,43,127,9,167,120,128,24,219,33,2,232,225,169,191,140,98,100,43,149,118,250,53,207,156,238,28,195,134,194,126,190,247,132,221,53,190,132,22,162,146,188,99,119,219,81,56,180,104,94,83,172,2,230,154,38,234,83,243,49,142,178,134,131,174,52,221,94,112,146,97,62,247,42,189,86,135,249,145,10,77,38,187,47,32,15,151,2,41,108,30,139,85,68,150,62,113,201,72,141,40,154,131,222,191,140,31,136,135,113,212,88,156,125,229,175,180,202,12,166,218,147,133,197,94,149,64,48,230,130,138,179,29,176,38,64,134,149,117,172,44,24,141,91,28,45,110,26,47,50,123,194,116,227,157,167,51,162,140,231,209,137,253,193,90,131,99,25,33,127,89,63,150,92,217,80,64,212,6,246,185,105,54,247,223,92,45,158,60,56,83,66,142,133,52,175,44,164,157,230,232,156,68,158,142,113,225,183,214,44,161,161,192,59,104,191,61,153,211,33,33,99,182,60,109,226,191,56,177,232,21,155,165,16,89,121,235,6,108,156,108,197,93,160,150,248,191,120,57,54,109,84,242,3,219,188,28,108,210,147,160,37,121,252,100,37,232,112,146,14,66,70,154,239,8,86,193,72,132,55,107,29,55,156,114,24,66,107,210,108,211,124,209,184,49,201,33,72,42,207,30,253,101,45,12,164,4,129,123,217,133,171,102,213,158,131,249,200,161,32,2,42,243,220,53,3,199,92,99,119,227,115,14,219,162,146,105,239,28,88,205,181,174,169,95,129,222,79,66,138,134,180,158,86,125,96,9,35,74,1,167,255,0,77,119,138,234,166,244,19,123,33,57,245,167,156,71,182,37,171,134,118,251,50,70,116,137,93,33,156,58,240,254,115,110,40,200,30,147,229,190,241,153,8,218,228,121,166,254,113,63,148,148,237,211,107,157,190,194,132,28,33,215,249,158,87,17,3,234,113,206,105,52,221,70,57,27,198,49,1,186,72,43,183,142,55,135,65,107,132,95,227,53,42,142,71,166,247,145,29,173,71,67,138,117,1,90,103,110,45,200,37,134,209,241,231,140,115,98,192,210,87,180,172,116,224,203,210,82,158,195,206,29,60,34,54,119,199,31,60,96,4,142,35,83,214,36,43,52,66,176,238,127,219,198,148,208,84,9,231,157,56,125,54,114,80,122,135,127,120,238,72,26,51,100,141,141,238,247,155,2,66,144,244,95,56,58,15,145,66,51,91,242,251,192,17,11,64,137,211,126,159,25,207,221,69,27,70,243,179,135,7,29,240,131,59,4,47,159,123,193,20,22,254,78,80,225,171,210,121,152,192,72,155,22,164,77,142,246,40,250,112,185,160,1,37,63,214,189,231,14,162,9,27,160,88,206,186,198,237,209,28,149,186,53,239,118,221,101,105,93,108,37,84,72,111,196,195,179,209,69,205,186,212,39,253,206,34,128,238,173,246,50,111,50,221,135,193,239,16,146,205,133,63,209,39,188,176,144,11,8,14,13,89,206,79,149,27,210,253,61,97,233,56,112,19,151,121,182,201,63,96,35,214,121,134,194,129,107,14,127,251,143,65,20,71,65,243,234,97,177,158,118,14,89,214,185,193,91,118,177,233,145,225,47,247,156,99,1,0,15,207,86,235,235,23,134,180,110,163,119,207,206,63,237,185,218,119,193,70,238,242,122,198,20,108,160,254,54,104,168,205,224,233,192,38,1,119,171,203,237,235,22,54,94,232,10,104,173,139,190,112,91,9,158,158,219,65,119,121,232,199,69,37,85,60,11,219,190,109,185,72,106,83,203,99,56,223,120,165,104,217,186,218,30,83,20,158,4,196,114,187,218,239,83,14,164,96,149,84,143,226,207,227,29,66,150,213,235,61,153,186,106,34,137,198,222,186,62,156,35,146,168,248,124,121,191,140,164,16,144,136,2,205,140,230,47,135,20,114,131,91,145,209,244,145,214,243,159,23,253,30,17,117,134,18,189,74,174,161,118,235,79,28,250,198,17,192,35,209,3,125,53,198,242,158,39,36,150,104,38,154,252,109,112,151,36,172,108,143,200,122,175,58,214,12,199,22,208,70,148,162,122,94,114,235,208,164,158,59,102,156,114,69,152,202,18,147,83,85,62,45,60,225,45,212,174,243,119,153,200,242,247,142,15,33,210,180,10,232,190,78,49,208,59,241,2,102,156,20,231,21,195,12,200,205,3,60,36,116,224,250,136,34,150,227,231,151,243,147,87,140,217,122,160,120,152,76,117,181,138,105,190,155,223,141,239,45,185,133,0,23,96,255,0,77,96,83,210,211,234,41,7,238,77,224,48,166,12,118,20,20,59,231,16,13,125,33,168,186,131,117,204,197,59,100,21,53,232,96,132,137,119,193,206,115,136,1,27,121,85,217,121,62,112,242,86,127,102,64,43,211,232,12,127,79,88,12,129,162,31,211,92,57,112,133,35,124,182,56,9,154,146,188,2,64,73,198,182,204,212,219,88,93,13,26,215,178,249,49,85,33,243,19,144,155,14,125,220,36,232,43,136,113,78,188,251,200,145,21,44,1,248,50,115,178,212,173,237,229,251,203,74,43,116,60,247,186,100,9,13,192,72,104,228,57,215,6,65,14,80,222,28,165,183,82,153,205,235,216,14,132,120,112,59,11,65,74,59,247,141,139,164,65,20,38,184,205,223,69,210,46,7,74,101,103,105,152,187,219,167,201,157,154,20,138,116,29,31,188,174,213,225,54,142,104,128,22,27,127,188,38,198,38,156,123,49,192,128,196,123,91,221,239,52,145,20,47,113,236,193,27,192,186,79,80,202,34,141,148,89,236,145,189,230,169,137,8,117,194,119,206,12,100,143,152,0,209,227,169,155,138,18,198,200,138,20,227,140,104,183,73,77,203,189,235,172,136,202,181,42,31,207,227,36,13,34,234,33,87,14,178,115,174,155,56,233,43,160,124,225,187,53,45,93,161,189,253,1,130,209,84,30,143,78,18,3,161,199,69,129,187,247,231,22,201,74,128,226,3,233,227,110,44,4,144,19,161,19,191,157,254,112,59,193,37,134,162,145,39,21,187,143,204,18,26,16,223,220,178,177,223,175,156,82,160,26,17,12,241,166,246,123,205,140,200,6,215,143,135,27,254,242,118,138,176,160,157,51,231,47,7,219,53,13,27,159,199,188,239,79,248,75,189,147,91,60,106,226,224,149,186,16,167,61,123,192,43,50,1,15,10,110,223,151,188,102,186,64,200,94,55,118,96,245,134,32,216,254,14,103,247,139,141,228,161,18,242,124,107,23,73,55,163,228,243,245,243,133,85,176,111,173,102,238,4,151,59,156,122,198,129,194,5,65,118,105,182,46,190,113,189,105,215,40,157,247,235,11,205,202,221,183,13,20,38,141,235,241,133,148,239,53,247,243,235,140,72,138,214,50,169,17,37,215,241,135,234,71,153,13,83,174,120,202,226,58,14,164,38,160,223,203,13,155,2,200,64,141,239,129,215,90,92,16,37,134,161,98,34,240,190,126,253,220,134,129,91,245,126,93,76,129,123,108,8,133,47,214,21,172,32,113,229,48,60,232,16,244,122,7,169,219,251,192,98,131,109,178,26,107,97,62,252,102,251,66,149,228,225,226,235,69,249,237,168,168,205,147,219,223,174,114,116,179,161,90,17,237,200,181,251,200,72,101,57,131,2,109,111,124,119,222,19,9,133,249,92,137,100,241,206,43,74,218,11,109,55,110,251,195,172,8,7,81,243,243,129,126,165,151,200,59,244,57,160,209,29,68,103,92,248,252,224,189,222,208,122,103,62,218,247,251,194,75,237,232,138,117,9,68,63,63,24,165,243,107,214,247,206,137,61,211,27,87,72,108,103,27,199,7,8,33,53,190,165,231,16,21,36,181,94,27,108,13,121,159,56,57,171,0,27,242,42,169,9,214,242,4,160,132,19,220,30,101,223,183,5,141,30,80,54,82,236,22,187,194,81,5,184,42,32,38,159,159,115,6,207,218,130,51,90,4,228,33,250,193,4,24,100,121,33,199,159,198,241,92,3,118,92,52,38,185,233,241,129,208,201,235,250,189,144,250,107,12,123,83,107,68,246,207,231,57,188,48,41,7,8,14,172,52,96,59,205,220,57,78,144,76,175,143,148,219,119,190,101,224,232,222,56,33,26,163,92,233,132,227,161,58,241,141,194,164,149,2,4,140,113,54,226,209,47,0,202,222,66,214,248,100,71,216,220,4,82,241,251,191,56,168,79,97,20,213,128,116,204,49,61,70,67,106,185,95,57,168,11,182,137,67,216,110,105,193,93,69,142,71,200,7,125,92,152,34,239,215,41,124,155,250,197,122,134,59,212,211,247,136,5,145,149,246,100,212,76,51,144,115,255,0,204,127,178,157,163,132,120,255,0,114,185,14,221,163,68,20,233,253,98,55,155,21,128,104,141,219,57,197,95,17,64,18,193,52,171,227,2,83,169,20,163,239,253,203,133,177,55,214,248,202,141,93,223,33,198,111,57,49,121,159,14,114,199,152,235,225,254,24,94,138,82,114,224,200,130,1,228,44,243,217,198,16,136,74,244,62,99,231,22,164,90,140,128,242,124,63,120,147,128,130,237,222,255,0,81,197,174,157,9,175,233,125,99,60,160,29,85,203,183,111,103,172,102,93,189,14,203,123,189,107,9,126,0,59,27,52,238,239,213,195,4,213,40,237,32,243,222,71,27,244,75,235,239,183,156,40,217,100,36,123,119,199,120,66,61,152,205,124,246,127,120,228,241,217,83,108,107,143,51,214,47,5,144,117,226,175,223,125,228,246,57,54,30,44,176,190,126,112,210,128,192,167,13,32,108,62,206,112,85,99,67,174,240,79,28,205,119,235,34,36,240,192,20,134,188,231,46,122,203,192,221,7,56,136,21,128,186,123,56,236,199,176,208,91,186,94,178,64,34,56,109,63,215,0,214,228,14,157,127,223,56,67,202,145,191,206,32,72,210,114,241,134,77,155,187,3,227,227,59,34,161,255,0,158,112,35,35,21,208,121,184,171,240,32,69,198,191,59,206,67,105,64,16,206,248,235,119,0,168,116,128,174,157,241,236,241,154,73,22,236,3,255,0,63,88,46,114,109,220,44,251,179,120,159,122,166,244,251,227,243,48,187,145,80,164,123,211,191,91,194,176,85,220,12,105,57,60,102,130,8,174,7,174,147,215,29,225,185,59,191,33,248,139,222,36,204,117,20,1,73,244,253,103,62,27,172,11,174,193,245,50,152,5,20,111,176,57,120,248,227,2,152,246,209,122,209,32,115,63,220,131,98,5,162,187,171,204,154,245,131,230,121,151,132,77,173,173,37,114,170,82,85,97,194,77,199,171,187,214,64,24,22,129,239,137,127,193,185,78,26,39,216,225,54,31,242,231,82,197,18,55,66,197,28,242,234,237,200,34,154,33,183,154,91,208,247,128,111,96,194,56,108,61,143,227,156,14,34,68,169,200,131,130,64,33,38,239,222,48,154,237,142,133,164,149,147,131,121,117,96,246,178,110,65,140,121,194,182,1,151,139,199,46,49,27,77,17,149,119,195,120,180,140,141,111,68,126,112,91,11,13,166,228,30,166,185,51,105,169,160,193,219,93,30,176,251,46,130,5,215,92,139,179,230,102,230,0,185,98,135,37,133,225,113,66,132,5,52,135,44,239,35,98,66,43,234,248,222,17,120,128,41,198,249,226,243,145,137,177,16,228,241,175,102,1,196,8,85,209,99,181,34,227,225,167,165,163,191,167,106,188,226,162,86,236,82,177,71,119,123,243,222,14,202,132,141,14,13,87,239,127,156,139,109,176,4,252,61,255,0,57,21,76,112,135,96,53,231,243,214,80,55,65,45,225,62,88,236,41,218,59,46,240,225,47,154,249,239,151,148,94,222,114,33,173,92,117,41,30,2,160,41,239,19,32,77,196,117,63,230,241,131,37,86,232,121,112,57,87,28,65,47,83,30,121,153,105,221,199,48,15,36,135,58,227,19,155,154,30,243,91,85,91,74,63,214,1,169,26,206,242,255,0,82,22,30,31,26,194,137,5,248,65,92,245,206,35,108,39,123,147,139,70,170,115,140,58,40,38,188,184,193,81,123,154,208,39,167,57,126,141,65,62,112,230,20,205,205,56,89,104,131,98,228,20,94,222,30,113,91,203,193,230,241,127,119,20,88,39,26,177,209,235,15,127,130,146,39,198,20,1,48,116,28,30,159,188,19,110,1,147,211,126,114,214,160,80,82,49,121,248,197,40,64,154,31,85,100,197,32,145,144,171,227,222,8,0,27,8,192,147,58,184,0,172,122,63,70,90,209,81,126,119,133,225,101,128,108,212,215,239,156,171,253,165,132,188,105,191,221,152,5,16,45,182,29,202,228,66,97,222,143,33,41,189,123,253,225,40,82,86,147,148,120,30,216,237,8,221,242,6,231,122,134,39,164,26,228,127,111,252,100,32,56,12,189,195,252,100,231,28,1,19,146,240,186,225,201,68,16,216,23,34,123,117,139,166,93,220,61,137,251,241,132,206,138,75,70,247,13,101,137,108,92,61,181,223,156,67,9,30,221,252,56,201,236,226,113,229,231,121,20,54,180,164,240,51,45,20,130,59,30,127,24,204,109,155,100,247,132,52,192,146,137,110,147,120,210,171,177,186,94,217,129,54,92,145,159,55,219,150,46,128,25,124,159,24,130,105,80,193,249,194,30,196,162,35,199,84,205,162,145,106,230,0,123,56,227,97,136,181,40,176,220,15,71,245,120,203,45,45,239,13,209,234,142,18,247,2,165,112,223,172,67,113,90,252,112,81,216,239,1,180,37,33,167,33,177,165,13,243,225,192,33,100,37,66,108,121,126,156,98,180,192,0,43,202,121,117,244,228,231,37,83,69,82,112,69,214,143,56,96,128,168,224,171,245,167,185,129,206,65,123,146,37,72,162,53,227,1,57,98,244,13,145,62,72,184,154,0,32,214,64,42,154,29,25,206,145,32,38,113,0,86,135,93,59,197,2,170,148,187,84,156,155,93,228,40,6,74,67,90,7,39,207,231,17,121,77,22,189,29,222,183,144,157,176,43,52,248,133,179,172,53,42,95,56,170,31,61,235,54,76,24,111,96,223,13,254,49,6,145,169,201,48,232,228,253,139,238,166,176,189,226,249,84,33,117,3,188,130,162,106,83,17,142,56,114,118,228,63,133,214,165,122,43,211,249,243,134,96,130,0,115,162,119,156,134,38,1,116,135,151,55,28,56,39,160,255,0,186,192,210,225,194,95,62,111,155,132,2,20,131,79,78,187,123,235,22,68,25,186,78,16,246,241,136,26,216,36,21,183,93,241,129,40,144,175,127,9,215,235,14,227,230,224,124,133,40,156,91,128,221,18,28,23,210,116,254,28,251,252,80,230,104,255,0,174,81,70,40,239,157,97,247,195,91,19,83,88,149,123,75,242,112,140,90,96,24,199,195,163,214,220,126,243,34,36,39,179,141,101,65,155,176,153,173,199,10,214,66,11,197,206,63,230,3,50,33,169,60,107,222,50,66,128,35,207,198,40,83,46,46,131,143,206,72,40,43,116,159,126,113,224,165,141,196,140,179,92,101,127,96,83,157,23,222,245,148,87,180,170,186,209,163,66,253,117,155,156,4,113,188,7,120,165,113,209,214,219,24,124,98,76,136,242,52,107,21,39,218,109,245,222,70,97,53,217,235,1,87,129,135,181,247,222,58,68,54,37,195,215,103,172,83,172,236,252,181,137,82,150,145,249,227,31,216,197,20,125,235,25,236,114,251,77,105,225,192,130,210,174,228,223,243,191,156,223,69,221,209,19,146,127,215,22,28,208,135,49,6,121,200,166,73,67,192,151,207,24,67,12,156,191,47,99,28,132,146,34,245,174,253,97,141,130,80,0,249,124,123,195,78,49,79,229,255,0,119,146,226,190,199,88,60,157,194,131,138,207,219,146,57,78,40,190,61,103,30,238,80,34,163,211,157,121,117,134,162,128,90,10,81,232,52,62,199,24,183,152,77,31,99,168,31,156,32,249,199,164,110,191,24,48,103,74,48,76,119,68,40,72,82,210,227,8,240,200,209,144,138,46,87,203,52,60,20,141,156,215,119,9,16,161,7,20,243,251,203,222,0,230,211,239,140,52,55,201,219,215,214,109,242,90,81,164,192,21,11,104,15,144,231,245,142,240,220,27,120,135,119,24,148,157,45,31,249,173,225,33,176,10,142,185,208,101,19,177,104,151,174,240,144,81,8,34,190,235,175,189,102,136,239,2,155,193,81,41,205,154,200,239,55,2,135,174,122,102,93,186,58,177,27,251,203,78,160,208,119,56,95,24,128,27,229,4,255,0,175,243,146,139,190,105,171,214,248,250,222,7,111,24,183,163,26,151,57,40,252,41,128,149,144,67,122,105,62,119,50,55,100,138,1,230,158,91,249,49,93,48,218,10,108,224,227,15,84,145,79,135,191,33,75,135,38,216,72,106,156,121,33,235,222,9,186,165,2,207,31,128,199,111,16,110,122,26,57,212,194,182,208,59,85,229,238,76,98,118,33,27,120,190,55,149,75,104,150,232,240,97,46,58,104,131,164,215,253,49,136,84,187,71,219,207,231,6,13,67,164,191,121,222,166,40,9,207,70,23,148,129,17,151,125,124,96,166,76,18,254,95,56,216,2,51,186,95,47,239,26,234,63,147,254,255,0,50,17,135,116,5,135,101,192,29,11,217,31,99,57,133,13,49,119,111,156,140,146,44,84,124,207,163,52,76,168,244,244,117,136,50,219,48,160,67,141,93,243,148,81,108,127,96,140,215,199,140,102,173,176,162,125,167,207,243,138,156,146,67,128,228,29,44,212,197,231,162,170,93,185,175,67,117,214,9,103,32,166,240,62,2,201,221,247,239,59,123,152,15,133,153,116,87,66,67,254,243,130,185,225,2,46,198,57,66,193,91,163,254,235,36,37,77,135,216,188,125,97,210,229,154,39,193,206,32,19,193,24,77,246,117,149,80,73,75,191,198,115,65,101,91,15,25,169,117,217,209,135,84,85,234,117,163,197,254,243,108,160,26,54,30,148,210,228,40,110,144,246,160,71,4,72,219,18,132,35,28,141,7,74,182,60,142,177,178,54,128,208,254,176,119,179,64,182,242,234,99,67,196,81,14,151,214,250,202,171,133,95,102,251,248,195,2,96,87,34,254,112,173,178,24,193,15,254,48,36,90,161,236,216,167,179,14,94,110,65,172,106,129,222,156,156,60,186,201,21,34,53,95,12,255,0,185,193,4,218,192,77,96,2,58,85,108,184,9,47,5,52,14,220,14,91,194,199,42,88,243,239,38,164,198,3,103,131,214,58,138,152,57,53,200,189,228,15,8,27,251,126,177,80,163,204,233,230,222,127,186,228,107,78,249,78,193,225,243,239,13,46,174,174,7,80,115,243,206,39,232,213,200,80,104,241,235,31,51,101,32,59,3,161,127,237,227,54,54,61,206,205,124,98,159,110,176,10,245,219,243,149,196,35,13,207,6,61,237,141,47,222,108,40,156,139,140,0,143,143,24,220,7,40,76,149,209,167,140,132,75,65,45,12,164,107,153,28,157,96,132,16,242,19,22,22,72,37,169,215,57,97,107,146,63,19,222,109,167,69,147,165,110,14,194,243,85,250,235,239,29,115,10,40,236,120,198,21,23,128,41,255,0,198,68,253,230,201,171,178,68,215,113,207,149,106,158,182,23,127,251,138,1,226,132,255,0,27,214,22,194,184,208,143,140,1,176,110,102,140,68,54,104,91,174,184,198,218,41,25,183,21,12,54,102,69,62,69,121,113,200,44,81,131,239,251,247,148,71,220,6,42,228,60,136,80,4,254,120,184,36,138,64,238,121,241,146,152,62,37,111,24,169,32,119,201,111,222,177,60,81,215,20,248,113,244,14,90,242,107,53,129,66,133,249,97,212,8,148,71,141,111,2,217,28,2,105,121,233,193,4,35,171,190,75,124,157,97,254,106,14,13,211,199,143,188,156,13,17,221,151,127,238,2,213,44,72,179,55,224,13,208,139,152,190,50,120,11,225,71,43,232,69,27,115,137,112,236,179,167,228,194,188,130,193,224,242,250,192,173,123,71,73,41,3,206,58,217,77,128,53,234,87,20,55,242,132,141,250,201,57,5,118,148,240,239,83,0,58,248,182,184,42,201,189,133,39,198,32,50,240,135,94,79,95,24,40,61,40,236,106,113,167,247,137,11,195,4,14,223,61,239,57,192,232,121,124,252,255,0,152,183,146,43,173,248,76,118,204,91,133,52,15,134,126,241,47,142,101,163,217,190,189,243,129,187,178,180,105,228,193,222,72,241,3,236,194,42,4,29,109,182,225,73,73,17,19,242,139,167,146,100,197,160,81,142,249,30,36,239,2,196,10,133,3,235,135,53,151,225,121,177,159,88,9,72,172,68,186,52,226,104,198,121,111,178,14,42,119,145,156,141,164,19,21,147,84,10,5,105,231,140,55,68,187,189,39,159,24,67,106,52,42,156,235,199,56,42,82,102,142,64,95,26,197,235,32,13,205,159,249,136,11,23,83,189,247,157,199,59,40,187,187,227,7,74,155,158,18,85,125,99,190,164,70,162,77,29,96,33,48,194,236,117,67,223,88,122,222,176,127,3,55,60,96,132,74,58,33,255,0,117,155,137,242,47,178,152,215,159,158,206,100,103,214,13,130,171,238,184,15,143,239,40,20,8,198,62,54,119,134,160,169,94,165,43,241,150,214,36,83,132,248,60,97,49,5,21,92,50,127,222,177,149,30,229,107,255,0,157,98,80,8,142,41,193,243,254,99,218,128,21,171,122,243,121,49,182,89,41,29,32,231,250,250,196,132,66,172,53,67,172,77,0,160,109,175,51,16,1,86,150,252,19,24,155,23,107,188,50,55,122,144,180,235,214,67,167,173,242,102,27,112,72,245,191,24,134,147,136,100,74,180,18,8,249,112,32,100,114,215,166,248,194,38,86,167,66,121,241,138,172,176,107,21,250,245,143,138,22,166,161,184,226,160,190,141,71,126,113,0,169,106,180,219,205,114,188,209,176,122,157,235,214,76,30,175,80,64,178,29,245,130,25,217,225,78,20,126,205,100,253,54,239,46,213,39,223,206,71,242,168,147,100,139,65,110,204,23,111,120,132,162,44,210,120,202,193,79,4,111,252,192,141,94,142,159,24,120,67,197,67,67,139,211,147,186,152,84,1,217,246,125,226,56,169,72,163,145,99,215,14,178,61,54,202,238,216,184,0,209,145,51,72,159,56,107,202,140,118,97,250,50,136,29,55,131,231,25,98,14,4,224,152,147,79,137,200,187,87,167,120,168,166,210,252,234,235,188,9,165,151,210,233,15,222,107,5,45,223,252,101,214,89,20,30,197,123,119,251,197,180,209,210,26,111,2,69,5,180,127,160,205,139,40,200,157,90,87,198,240,221,142,136,190,120,222,68,205,90,4,56,131,248,194,107,1,77,16,218,233,57,199,93,29,33,39,111,93,22,101,12,42,139,234,83,85,251,152,225,226,203,128,28,43,219,131,130,94,211,228,206,92,4,163,168,185,47,103,140,145,80,156,17,79,140,139,229,106,150,143,188,224,40,72,79,61,242,24,45,130,65,211,213,206,22,61,81,248,194,232,207,70,49,87,143,27,107,193,215,177,244,239,35,42,8,29,118,157,113,239,36,33,7,70,215,157,205,231,164,212,78,239,88,40,184,21,173,58,147,42,47,10,80,119,206,14,32,173,223,46,122,196,202,85,168,21,94,241,1,182,132,82,119,239,1,162,107,29,153,134,212,167,17,93,109,228,234,122,194,206,207,195,76,84,166,255,0,56,141,218,177,224,230,156,1,60,76,132,228,157,125,115,150,126,81,202,47,198,167,198,28,67,200,119,244,225,21,0,81,47,74,124,174,52,132,232,229,23,127,121,169,81,4,47,47,206,109,27,41,179,169,169,138,139,197,39,13,220,236,152,40,40,234,76,131,192,16,192,15,114,218,195,29,72,148,137,60,226,227,81,226,225,120,73,113,225,142,12,17,84,222,191,156,52,184,106,160,119,222,240,160,148,150,10,88,79,46,191,24,6,218,204,37,218,195,40,201,18,152,165,61,187,158,49,157,94,226,116,188,54,252,127,24,234,40,192,36,98,75,239,9,213,130,21,134,181,239,121,39,131,186,144,235,245,231,235,32,187,4,24,37,114,82,65,105,170,30,9,175,135,21,4,101,98,39,63,24,132,64,96,159,19,198,18,222,86,215,224,78,166,25,16,96,233,164,31,238,228,50,193,2,160,126,246,229,4,253,58,184,249,176,34,15,185,142,212,109,43,191,198,53,141,34,27,57,213,245,243,146,97,199,204,53,55,174,250,205,141,38,193,199,140,26,157,193,232,243,53,243,135,65,139,233,94,86,251,255,0,48,79,218,13,47,206,24,95,97,60,242,63,206,112,12,164,107,94,166,13,191,29,76,84,101,64,41,156,30,177,155,240,216,56,249,236,192,192,105,80,172,231,79,57,85,76,151,145,218,117,249,199,132,82,67,203,181,167,137,127,188,72,9,174,4,55,131,253,199,209,96,77,42,148,90,107,84,198,207,76,19,171,116,253,96,91,183,90,151,116,55,214,199,232,192,194,185,243,16,177,156,207,91,235,21,166,139,162,60,188,232,30,176,248,135,66,149,41,250,193,33,145,38,234,245,125,63,214,11,210,177,220,222,67,96,124,26,56,127,56,68,8,241,52,71,83,26,164,200,8,63,230,207,198,60,109,90,54,54,235,222,92,185,65,119,38,255,0,156,65,61,33,61,183,251,76,63,163,81,86,187,63,24,140,14,82,7,58,122,248,198,3,45,66,93,239,127,246,176,216,64,21,52,58,193,13,111,27,239,124,49,184,97,186,13,81,230,125,185,200,170,77,176,95,6,16,106,40,248,10,63,126,241,18,189,40,82,151,95,91,184,185,196,53,191,198,110,133,128,137,2,254,48,67,110,211,200,61,56,187,28,128,208,186,103,215,235,18,157,11,34,25,197,125,249,197,69,4,0,229,165,5,7,33,144,42,67,217,172,221,11,218,43,117,231,29,4,6,214,150,162,120,113,148,136,1,175,35,103,88,150,87,68,210,114,122,196,66,3,76,81,77,148,228,222,48,192,78,151,18,154,198,165,193,242,38,125,133,207,94,79,102,75,0,234,186,113,224,70,242,26,221,221,121,199,173,74,85,155,119,59,117,198,67,67,214,186,55,77,113,143,57,240,66,14,35,151,23,135,233,22,220,73,111,87,140,142,5,229,248,55,147,34,45,229,70,183,172,186,67,180,15,201,201,136,148,13,3,200,222,22,82,32,197,90,41,235,77,250,192,9,158,134,200,246,108,124,98,189,202,0,143,159,239,10,164,208,96,63,243,54,234,57,85,250,156,96,87,48,121,175,70,12,11,220,81,102,45,10,182,152,233,42,55,165,135,134,80,154,39,29,228,203,64,35,163,2,121,165,66,108,225,86,253,96,160,193,23,209,173,245,206,156,33,87,134,145,108,237,253,102,202,20,52,47,115,122,156,226,169,4,221,57,241,252,226,94,164,15,29,27,116,38,66,219,151,137,191,78,4,170,68,121,241,113,203,166,59,20,212,197,172,160,194,147,72,45,77,225,42,112,131,27,120,195,153,240,170,13,59,185,222,146,84,15,3,132,227,47,15,76,107,184,222,79,15,26,115,78,42,143,233,177,201,254,100,144,83,77,250,63,24,201,94,138,132,120,82,130,138,183,95,89,170,212,64,73,9,140,98,20,54,73,196,241,133,26,108,124,232,223,28,196,200,12,0,135,35,1,0,194,223,24,139,85,169,111,17,147,37,66,22,120,78,253,229,154,252,108,247,143,135,16,4,0,113,114,73,50,142,151,179,102,26,102,153,16,4,127,51,127,156,47,153,89,224,180,122,231,14,166,49,50,185,61,154,25,88,107,130,72,114,124,235,245,145,216,141,181,30,216,245,255,0,184,132,242,192,63,105,117,222,73,1,28,73,255,0,220,64,93,226,35,201,186,226,205,97,123,206,171,155,34,242,205,95,94,242,182,127,70,63,7,103,204,254,49,40,184,0,55,130,7,169,191,198,23,174,98,185,59,73,112,201,211,166,148,223,11,231,3,88,252,86,224,39,215,57,102,143,155,192,243,241,254,96,39,64,2,86,34,254,93,252,99,141,116,208,119,118,222,37,16,214,56,186,191,205,245,133,63,72,154,219,201,238,185,178,44,148,144,196,20,129,209,8,159,248,92,96,56,32,1,223,2,26,175,43,128,9,59,21,120,44,115,241,251,201,129,193,19,205,240,235,92,227,144,139,90,32,249,198,165,59,24,35,230,77,152,99,220,193,116,242,233,235,214,95,156,163,162,121,240,239,190,241,96,142,193,96,236,196,56,152,86,190,242,150,212,12,192,154,122,239,159,188,44,44,152,94,55,60,203,117,130,201,0,194,79,39,231,222,71,209,210,41,80,156,107,41,10,148,116,239,156,213,79,92,126,209,197,235,42,105,73,52,117,131,100,27,216,111,123,243,132,158,20,57,26,253,147,238,224,7,180,210,246,46,60,29,1,164,253,102,205,150,250,15,55,156,105,197,57,219,167,129,121,202,43,107,78,223,254,226,128,67,144,40,59,227,22,88,226,212,107,86,156,227,80,164,75,36,54,2,183,34,236,41,34,8,142,116,220,138,82,1,71,153,231,88,13,180,86,30,7,31,30,242,60,211,72,135,199,163,128,5,28,151,227,26,252,226,36,101,147,167,46,222,56,227,22,220,182,36,104,221,60,249,196,13,96,21,242,124,49,247,115,74,193,7,187,206,32,135,155,93,217,173,150,111,110,18,0,180,85,79,137,140,45,153,145,129,29,26,55,239,18,14,89,43,115,2,162,157,86,38,106,244,210,90,60,176,232,92,155,183,12,197,57,173,188,113,239,9,20,11,85,240,45,135,7,89,112,11,180,38,121,46,186,214,90,237,196,9,236,155,243,143,87,89,156,18,235,214,33,233,246,143,17,191,6,78,1,22,246,18,154,194,133,198,205,237,147,42,246,93,204,0,1,202,86,87,231,28,82,200,40,235,71,111,172,26,165,29,129,246,235,248,194,140,37,190,0,224,227,137,200,250,199,40,169,101,15,197,13,94,48,65,17,66,161,75,239,78,43,117,6,133,79,206,67,104,218,22,126,178,162,159,35,120,41,216,70,190,111,88,186,166,43,193,157,211,143,123,235,227,11,164,7,51,78,255,0,140,64,10,57,23,222,42,139,60,14,112,17,22,132,68,87,79,156,130,77,37,62,158,113,205,14,28,61,226,10,46,160,103,21,56,131,187,189,189,99,253,162,138,189,255,0,75,220,205,108,44,71,64,156,99,144,18,238,95,126,141,224,85,131,126,102,248,28,117,61,214,219,153,203,140,131,227,10,219,174,49,41,17,204,0,124,38,79,85,10,74,91,207,225,127,24,160,104,129,171,175,10,226,8,220,0,107,243,105,222,6,201,32,64,118,212,12,38,39,82,180,69,119,165,57,243,53,134,168,162,188,27,250,250,203,166,4,94,107,129,120,249,194,74,35,240,137,163,6,85,216,180,121,239,188,60,182,27,144,46,158,117,245,136,221,164,132,116,143,30,217,131,189,48,209,177,215,31,95,140,88,226,28,135,78,238,197,71,239,8,27,66,216,7,72,138,60,250,215,156,38,90,128,79,65,124,121,202,171,106,153,79,164,227,175,198,80,158,57,228,15,115,28,117,118,52,60,79,24,113,190,45,28,98,68,97,161,121,127,239,56,14,82,117,192,152,37,157,107,155,56,239,8,200,18,135,77,217,245,131,200,52,119,223,121,29,74,205,157,203,214,42,58,1,120,112,24,178,39,1,174,223,243,143,147,105,71,152,151,246,184,12,176,220,72,183,140,0,74,107,81,209,227,222,53,82,24,3,91,75,144,229,109,5,85,197,183,23,65,85,191,198,65,84,209,47,7,190,250,198,225,37,116,87,128,122,231,241,144,164,169,66,209,14,14,186,194,2,163,158,19,150,120,152,103,200,124,142,238,32,185,9,197,159,89,178,162,135,144,207,254,226,154,73,67,158,196,188,214,135,222,6,82,42,140,185,120,242,98,196,173,6,203,206,252,251,194,213,134,84,211,230,127,44,12,95,77,190,33,148,158,242,78,38,193,78,233,238,243,243,144,136,134,128,238,247,188,213,252,43,215,46,189,227,130,195,150,223,227,12,103,45,17,248,127,25,75,163,110,83,142,12,140,19,112,85,196,153,123,47,94,112,64,193,75,118,229,41,107,96,197,173,197,24,240,236,114,64,48,220,172,139,236,132,158,241,55,118,40,103,191,172,131,162,34,75,145,231,187,195,190,156,191,122,146,233,227,250,196,230,64,233,180,255,0,142,52,254,68,220,33,203,195,50,233,51,66,56,54,168,108,219,247,214,39,36,228,239,46,252,226,154,52,208,253,29,118,224,116,114,20,160,243,60,51,120,233,139,6,221,162,250,205,141,38,190,214,112,79,24,89,5,98,110,128,238,67,140,239,92,216,141,146,167,179,140,219,0,85,66,246,64,215,69,194,236,24,35,68,131,78,230,191,140,153,246,70,153,136,172,23,244,193,98,0,15,45,191,214,115,202,68,216,234,146,59,192,171,103,167,205,202,16,185,48,166,245,11,130,146,187,114,173,98,24,187,170,215,243,198,93,244,136,3,143,231,43,130,213,113,15,29,28,125,226,51,21,24,78,195,15,160,74,222,1,63,156,28,98,129,94,112,125,40,112,14,95,222,28,5,1,161,105,175,247,52,176,93,128,240,185,66,65,106,28,159,24,15,212,43,92,200,95,203,136,198,160,1,186,229,121,144,233,104,87,244,31,156,225,66,21,27,62,28,4,11,98,94,190,50,52,120,243,136,121,161,252,230,144,133,161,233,125,230,203,198,129,53,217,172,124,182,20,241,162,253,92,77,105,52,11,171,190,19,188,231,154,236,52,120,102,199,6,66,209,170,100,231,146,104,205,18,155,68,170,176,49,130,166,173,216,123,235,52,219,84,11,219,141,92,4,122,86,244,188,101,96,202,4,99,244,226,151,204,165,9,41,6,224,170,7,9,219,59,83,140,140,113,129,171,168,141,245,227,188,174,162,34,207,92,251,200,250,234,213,48,186,167,214,86,67,101,141,95,88,64,44,14,52,7,80,235,78,241,108,2,35,67,104,59,231,31,65,154,38,206,92,186,215,154,80,64,7,239,55,242,123,29,254,179,104,69,216,52,124,73,138,51,144,248,231,29,4,145,162,110,223,222,37,144,29,133,18,51,126,241,57,17,20,156,249,223,243,145,202,176,8,143,49,220,192,77,156,241,58,248,235,38,248,64,77,171,144,238,25,200,188,144,209,205,245,134,154,238,186,117,131,177,139,178,122,44,214,64,152,57,65,180,136,125,209,235,0,145,87,130,94,162,236,202,85,212,90,15,0,183,131,19,96,2,125,180,243,198,54,145,216,157,78,141,240,229,224,97,14,120,18,248,117,151,24,144,188,156,78,179,208,182,205,147,120,155,40,176,122,126,117,141,119,91,26,215,60,98,40,17,161,104,77,235,215,247,138,234,246,214,31,7,206,31,144,194,223,59,247,139,216,206,128,6,185,127,140,81,41,104,229,234,241,156,117,1,52,123,83,4,58,172,10,122,152,154,212,245,110,124,127,247,18,60,38,34,99,140,125,0,56,124,96,200,140,155,167,126,39,88,102,246,129,36,115,185,247,133,228,115,124,59,49,8,101,212,164,202,40,128,104,12,8,1,52,154,120,255,0,230,16,184,149,34,179,198,89,17,1,173,151,226,113,141,152,118,149,107,206,188,107,37,208,59,82,254,57,94,240,79,157,78,81,10,159,3,179,206,48,195,18,133,1,71,179,32,185,144,161,95,3,235,143,121,108,97,212,71,182,227,98,192,81,228,29,153,65,171,115,200,230,171,12,162,0,249,126,50,81,198,172,246,251,191,88,95,207,53,98,23,189,102,235,71,155,104,59,178,56,169,16,208,128,125,152,108,81,224,72,223,214,84,36,26,219,35,219,143,177,26,0,133,225,113,29,52,25,97,192,125,98,190,132,141,124,83,204,112,10,89,43,182,154,99,6,105,180,214,186,205,145,121,250,39,46,167,63,172,153,79,69,87,235,222,28,83,219,157,7,31,222,19,64,122,15,39,129,202,35,53,21,28,13,189,96,101,100,0,160,206,156,125,86,248,53,160,254,178,182,67,165,95,87,10,88,0,97,191,235,4,191,72,136,39,146,243,142,221,43,128,249,202,41,11,226,226,217,54,243,55,48,16,176,52,174,253,222,177,29,8,40,14,135,247,136,234,15,188,59,224,93,98,149,69,113,37,209,65,155,247,150,140,168,161,217,211,127,70,35,175,148,69,225,222,252,103,67,14,240,184,237,204,131,3,71,217,129,23,163,229,141,189,24,41,195,7,7,128,191,40,100,71,2,239,107,21,250,159,172,72,140,65,228,47,25,216,139,75,96,188,89,172,214,6,42,5,151,123,95,31,140,138,21,21,77,13,114,239,34,154,155,161,187,117,76,15,8,85,105,18,64,225,138,23,53,163,82,106,144,203,70,92,120,174,141,189,199,0,162,204,250,195,112,16,115,244,192,56,114,62,183,134,229,202,164,248,248,223,89,88,122,13,207,51,156,68,22,37,83,148,243,233,195,212,69,210,145,130,132,54,141,41,93,255,0,188,224,109,218,191,33,101,184,221,70,172,173,124,57,65,113,1,203,120,249,255,0,112,20,102,166,231,149,9,249,206,255,0,202,152,0,62,92,97,150,160,3,119,91,232,133,190,247,128,85,1,202,120,49,31,198,30,69,29,145,220,63,204,184,212,230,115,61,150,118,116,135,169,128,106,137,235,218,187,184,100,183,54,58,191,171,136,86,182,56,180,194,119,253,100,60,51,106,169,208,62,178,43,12,254,111,190,58,200,131,106,93,81,29,78,113,185,48,9,248,31,188,123,185,97,20,33,175,46,46,164,39,7,192,28,119,172,33,54,184,126,109,241,137,22,148,101,246,61,100,219,70,138,120,237,241,140,57,90,0,217,246,226,237,1,160,10,205,76,120,57,194,196,152,232,226,52,79,126,51,157,40,208,101,154,63,70,27,24,23,128,77,235,156,102,131,183,192,245,140,220,233,167,120,204,98,154,23,102,255,0,156,16,67,237,252,224,4,88,17,203,66,127,56,65,186,90,47,19,139,140,74,70,148,8,7,198,176,214,241,71,67,103,206,95,7,150,49,184,174,214,76,188,216,107,126,76,123,220,8,73,174,40,119,252,97,144,30,97,161,163,248,194,3,21,25,47,206,57,23,135,183,137,128,196,67,83,94,124,97,20,85,11,184,121,175,249,197,57,206,140,246,220,251,196,53,157,143,159,25,112,22,33,10,192,231,42,25,8,70,204,49,209,84,80,121,31,137,140,224,24,174,249,228,62,177,252,104,32,228,159,198,9,140,34,65,144,140,168,49,0,39,240,24,179,209,129,54,43,126,54,241,249,196,214,184,97,164,165,245,255,0,184,29,246,76,87,94,241,152,68,236,115,131,156,34,87,86,232,194,237,61,61,223,70,82,81,104,82,243,215,163,4,16,56,96,4,222,242,98,158,237,87,222,240,84,42,67,79,135,3,138,12,234,163,127,89,176,126,235,253,185,86,31,148,5,252,46,10,78,44,221,14,176,131,128,155,238,203,6,75,178,51,205,199,186,130,210,81,249,114,233,177,87,56,177,81,21,187,49,174,195,97,168,17,254,211,39,243,168,220,3,154,249,241,154,31,243,163,172,90,0,237,89,190,48,149,240,6,33,224,83,105,173,28,24,209,10,130,132,114,93,244,226,196,241,21,55,243,188,136,221,250,127,184,200,138,59,0,252,96,161,176,180,47,203,88,188,181,142,137,77,110,96,237,216,26,81,3,96,123,111,33,194,36,228,46,158,49,72,8,90,210,55,223,120,129,149,18,232,127,158,178,66,192,95,180,112,61,176,140,163,178,28,187,207,154,240,233,79,95,56,80,96,64,0,249,199,84,70,201,229,215,156,72,81,105,179,214,166,87,1,32,198,126,48,216,74,54,57,126,177,58,55,8,219,124,235,19,200,239,64,109,212,220,199,183,176,8,173,214,204,36,162,196,234,127,70,247,234,103,60,24,43,59,161,76,32,178,180,4,125,190,125,107,25,66,135,192,116,206,158,189,97,166,212,140,205,90,247,255,0,185,176,40,240,219,132,68,125,227,71,142,66,190,117,128,201,146,40,108,89,198,4,96,22,245,164,53,227,151,0,2,0,206,52,56,112,170,108,88,253,226,213,65,236,219,250,196,144,90,81,78,246,191,120,96,174,156,53,233,227,28,223,146,166,147,3,166,161,77,241,131,91,60,198,76,6,174,167,92,26,133,230,76,50,105,135,36,120,48,151,141,62,113,130,80,218,241,176,251,195,163,154,15,131,141,120,112,162,60,97,72,249,238,249,243,143,80,187,26,182,239,17,208,64,85,248,216,25,52,156,168,115,207,56,5,110,192,7,45,235,28,137,171,54,80,64,181,209,191,156,221,184,144,138,118,113,95,79,140,182,82,181,171,79,41,95,102,158,49,188,70,64,210,241,186,26,199,174,50,128,4,238,109,214,68,39,83,226,124,171,172,25,1,183,164,40,217,121,254,177,108,168,58,55,111,239,156,213,10,39,48,55,146,10,148,131,243,223,222,240,248,241,64,170,247,175,140,98,161,27,161,90,87,215,51,253,196,193,144,42,15,163,71,6,75,250,22,106,109,60,14,204,149,17,10,181,94,153,23,69,241,177,227,255,0,48,16,66,196,222,248,199,169,73,65,190,183,212,114,128,46,145,138,191,24,148,165,181,11,162,241,135,132,10,114,174,25,197,18,112,246,6,248,58,39,217,147,173,21,216,183,136,251,197,227,73,9,60,110,96,177,158,12,221,128,79,19,32,214,218,178,190,247,229,50,131,109,177,150,112,180,207,65,43,175,185,142,140,43,67,120,45,36,27,232,25,175,25,190,130,190,249,232,192,91,41,225,132,9,70,199,46,1,85,90,81,196,7,215,55,102,46,14,162,51,239,191,156,1,72,192,56,215,39,254,99,81,194,13,83,126,113,243,54,51,99,73,231,78,120,214,17,31,16,33,215,130,104,249,201,169,173,4,141,189,244,235,23,130,37,229,155,53,219,184,99,146,221,45,0,6,178,123,235,7,60,163,73,11,76,16,18,129,90,95,121,80,19,62,0,63,188,21,248,174,171,117,76,216,16,148,121,113,34,160,23,26,21,61,227,57,136,148,160,94,63,156,226,36,228,147,4,6,40,214,135,176,194,167,64,71,103,245,163,223,227,19,90,54,162,223,103,129,231,45,86,232,112,61,249,245,134,98,92,70,144,29,139,236,195,96,66,79,189,99,52,193,161,216,56,82,64,58,156,239,17,221,62,71,142,176,2,13,192,60,29,46,20,199,11,98,147,156,122,9,188,29,227,118,64,48,233,127,247,10,104,53,2,9,229,124,247,141,152,157,21,16,240,54,252,101,165,115,139,227,164,209,255,0,92,111,58,65,84,9,241,213,197,0,16,4,161,218,78,45,187,205,144,47,138,231,31,77,194,144,41,76,229,193,33,9,105,50,0,237,41,37,113,11,2,168,230,204,82,138,108,221,7,231,57,39,163,69,123,190,38,38,125,59,164,29,88,75,137,79,76,153,246,204,70,107,58,143,236,156,22,250,163,178,239,140,13,202,162,140,253,6,77,7,4,144,253,224,37,195,77,147,249,92,62,20,206,9,244,96,167,169,57,44,56,249,92,210,200,183,239,124,97,75,204,46,64,95,24,22,33,33,9,123,118,179,47,121,41,59,15,114,105,197,177,69,93,112,208,98,160,199,105,231,52,232,43,1,164,17,175,4,31,203,227,8,45,193,128,128,219,83,11,89,0,38,27,169,87,65,172,96,33,23,141,29,73,239,37,29,9,110,53,186,56,111,78,82,243,170,83,232,131,139,227,17,13,99,127,140,42,49,52,57,61,255,0,58,196,119,84,17,18,162,120,200,45,65,13,215,149,195,208,104,78,92,59,205,73,66,137,183,115,223,95,121,72,113,85,0,128,245,172,157,16,1,126,111,140,33,32,37,231,124,155,53,215,123,203,1,139,97,35,96,125,224,174,136,246,6,161,211,18,252,98,201,161,125,199,188,44,19,169,52,136,143,186,96,102,185,12,38,70,226,128,124,226,42,113,24,51,222,72,16,118,61,49,92,210,80,23,171,212,200,84,34,81,26,189,125,226,17,148,245,203,160,247,142,46,137,121,1,140,58,192,245,8,150,125,76,161,36,164,43,146,58,155,2,187,48,50,197,213,29,205,97,84,115,2,23,111,88,195,188,190,3,79,243,154,150,194,230,242,2,195,151,12,68,138,145,232,235,17,105,251,93,63,230,24,83,168,10,26,10,156,43,179,126,245,148,195,37,11,125,54,111,64,78,51,126,182,214,3,75,60,20,194,73,163,2,8,2,198,185,152,219,25,88,33,190,127,121,209,108,165,63,24,120,26,24,17,222,233,160,111,190,114,0,162,32,3,208,235,47,24,52,89,71,143,188,239,54,0,236,174,240,251,160,128,38,61,183,231,241,131,185,123,1,159,246,178,81,90,71,134,52,187,211,128,74,186,126,242,231,86,18,35,214,240,81,5,62,81,158,205,96,125,144,210,187,197,124,243,140,131,107,32,79,188,55,203,33,166,244,95,57,187,217,42,108,136,79,81,152,190,128,104,171,231,88,160,173,135,75,231,249,201,80,77,159,68,120,113,61,77,205,21,243,239,235,10,63,100,128,88,24,208,246,13,245,140,136,45,75,3,188,61,40,193,178,134,9,196,17,100,121,92,1,30,48,55,255,0,211,8,34,6,200,170,223,227,10,52,32,85,130,241,223,249,156,146,52,85,126,219,198,95,213,45,2,185,29,184,20,148,130,69,9,231,205,51,179,23,129,107,241,141,245,72,51,39,172,89,197,90,96,252,228,66,8,110,225,222,107,109,172,77,12,2,112,95,24,221,128,168,27,217,148,22,169,117,201,129,2,135,228,59,239,245,150,18,22,57,214,142,93,81,211,179,50,240,196,113,161,227,239,3,45,37,74,179,140,132,48,27,234,107,6,216,126,7,219,132,202,134,39,183,241,188,113,12,161,17,15,69,255,0,50,202,228,33,162,158,113,197,234,38,136,35,207,157,77,98,186,142,200,41,83,160,176,222,1,45,0,58,121,167,119,214,12,254,208,110,91,95,62,241,15,228,28,219,202,217,219,127,94,50,108,188,108,46,206,130,61,70,107,44,153,5,85,87,55,166,83,23,57,134,90,221,13,7,154,83,231,35,52,181,21,91,197,90,146,138,126,71,1,35,185,58,115,227,156,55,7,8,2,175,60,121,195,85,205,27,84,26,190,167,239,31,69,87,74,250,189,96,135,169,29,254,115,71,62,19,33,123,29,106,97,69,100,93,163,81,158,113,18,124,47,45,18,143,227,38,52,140,113,219,250,197,124,17,106,223,222,190,112,72,132,12,89,231,217,131,223,161,75,124,50,100,98,203,104,222,223,59,113,81,78,189,3,174,199,211,227,8,66,184,73,112,73,86,130,148,239,142,203,94,115,185,105,79,195,254,113,181,112,23,196,122,202,146,139,182,63,159,131,25,130,236,2,31,120,58,142,129,161,250,76,71,109,120,84,159,156,109,245,13,76,83,164,248,89,139,119,79,11,150,149,248,45,205,146,33,160,92,122,245,151,220,126,77,114,223,173,96,224,218,130,119,194,144,147,41,217,70,148,116,173,248,159,56,233,74,85,64,195,87,1,42,130,104,25,7,39,223,231,22,65,109,133,119,7,7,140,107,225,11,228,122,227,127,88,192,113,218,140,146,240,79,206,95,94,64,58,128,238,243,227,156,147,224,204,68,2,221,59,215,222,82,138,96,97,8,158,64,29,238,230,169,89,228,14,64,86,244,101,136,79,79,24,57,211,154,7,20,45,133,22,122,163,155,54,142,40,233,179,227,28,146,33,40,156,111,137,188,67,165,200,132,33,15,140,76,209,0,43,141,46,221,98,208,147,130,210,123,28,33,153,170,70,125,99,146,33,104,95,209,138,85,215,92,120,105,194,183,48,79,15,138,28,106,92,228,212,120,171,166,20,13,45,13,30,152,187,48,129,189,42,95,35,66,253,102,168,1,104,221,244,248,199,84,0,3,226,138,248,64,152,110,137,64,135,69,36,121,151,247,146,123,96,209,218,126,241,9,116,1,164,7,58,205,242,192,136,79,222,253,204,219,58,237,9,238,228,167,64,135,150,245,245,155,1,28,102,201,180,53,125,127,25,6,5,217,44,222,140,142,170,77,232,99,155,201,217,39,1,70,2,215,151,118,92,67,81,193,221,215,229,132,78,200,93,78,183,133,195,136,203,249,235,16,104,216,76,186,231,222,7,119,57,17,223,111,88,144,10,114,69,254,50,224,72,183,191,114,99,136,218,35,67,198,254,58,193,146,139,214,160,124,123,195,244,90,12,22,58,92,13,74,215,149,136,6,159,253,203,17,203,107,147,115,88,89,8,7,105,154,244,118,224,67,66,182,233,67,53,200,142,84,155,255,0,204,226,80,183,27,224,201,180,7,182,100,38,205,129,220,227,1,91,118,222,49,140,172,167,114,224,223,100,208,90,87,214,176,170,66,168,216,225,29,140,187,214,20,157,49,217,67,63,239,24,79,181,141,132,181,58,196,188,247,212,84,124,253,63,172,0,169,42,30,218,78,255,0,172,82,156,26,83,94,9,129,164,25,67,58,212,193,37,145,104,143,206,249,203,83,121,0,21,172,250,195,104,183,124,49,163,209,217,131,238,219,141,255,0,140,246,182,25,157,48,64,120,171,149,18,110,177,20,33,142,112,191,60,32,155,188,239,46,215,163,104,124,156,143,135,14,210,17,228,248,185,41,1,229,80,254,176,0,69,244,127,156,54,70,128,215,224,235,172,92,59,17,249,105,218,24,156,51,106,15,237,207,34,112,80,215,182,190,242,56,234,189,67,227,150,46,177,214,233,183,229,247,150,234,16,237,131,241,147,72,139,31,91,96,241,114,169,71,97,252,141,239,36,209,164,141,248,235,27,69,85,194,244,43,181,116,251,193,16,118,140,15,190,242,67,242,187,251,194,107,130,209,57,195,148,45,113,154,214,3,145,211,29,22,44,36,57,17,235,226,100,167,42,2,254,199,39,106,81,104,186,220,222,188,96,122,189,170,211,206,156,77,88,160,226,125,219,249,200,191,169,193,58,235,15,136,94,40,79,147,38,4,212,82,188,53,254,48,193,26,6,185,29,101,100,60,186,131,62,241,20,8,48,17,252,59,126,50,20,129,174,193,230,226,26,221,84,107,203,88,204,231,133,154,238,254,177,240,16,72,88,243,30,181,143,11,112,24,2,62,188,103,69,218,179,62,13,87,224,126,178,98,67,188,16,96,110,222,43,214,57,216,0,93,31,248,99,28,92,119,64,121,222,51,66,101,147,80,71,173,92,187,64,136,9,29,255,0,28,250,113,128,8,40,13,65,241,131,152,90,19,107,111,237,114,187,160,220,209,131,5,77,107,239,52,21,37,101,160,222,254,156,12,29,77,187,61,100,51,227,99,87,239,30,130,240,42,50,224,106,173,76,220,189,96,84,93,57,63,115,54,76,189,157,248,194,92,14,182,28,183,77,131,95,230,46,86,182,70,183,185,243,243,172,228,124,69,221,238,127,243,42,108,247,181,222,80,77,54,7,29,239,52,149,21,77,212,243,199,25,179,112,176,216,202,133,108,220,107,113,21,39,192,96,106,138,133,189,15,90,119,241,151,246,176,52,177,155,120,111,231,14,157,56,120,9,208,124,224,128,31,135,145,135,192,99,204,143,254,229,245,14,158,156,158,86,244,199,151,222,36,168,228,154,7,217,231,31,39,228,53,253,6,38,21,120,193,225,159,230,56,24,112,237,249,52,254,242,78,204,182,38,27,0,92,118,252,120,193,32,42,70,218,93,239,204,200,148,148,20,239,74,61,91,136,81,52,16,25,204,58,205,4,185,52,221,114,116,189,204,26,66,7,136,108,241,144,35,98,71,79,255,0,49,220,104,8,85,5,5,126,176,153,194,96,117,110,82,137,79,121,13,127,185,57,80,35,116,172,48,210,91,110,213,3,183,205,197,232,122,174,67,167,222,70,43,27,70,0,206,249,198,82,3,68,134,156,204,88,180,203,95,46,104,49,87,100,234,101,28,97,51,95,69,33,158,59,46,151,206,132,129,206,111,26,43,89,102,231,148,222,40,66,200,59,47,135,184,147,46,19,154,145,228,7,249,224,247,140,76,245,148,176,168,49,121,87,113,172,190,40,85,143,186,243,196,201,12,128,128,27,123,255,0,186,193,248,1,176,123,31,135,227,27,56,140,98,5,121,35,124,249,19,172,16,122,249,7,91,222,190,49,82,221,89,34,238,6,247,138,142,23,106,84,238,101,96,69,155,230,100,42,42,82,225,33,27,0,211,247,129,125,40,69,3,32,128,2,212,126,63,120,146,181,166,201,179,144,63,24,225,176,160,82,102,201,71,72,109,93,101,158,54,69,162,158,254,50,138,20,121,144,60,159,252,243,133,84,146,18,222,172,192,45,173,209,31,44,173,67,8,209,15,30,112,113,154,85,68,187,160,216,249,183,214,46,161,111,156,38,232,247,188,16,230,17,109,78,145,117,239,55,184,251,10,155,35,173,55,16,14,28,169,4,208,30,249,191,24,66,226,69,195,182,26,133,160,252,168,179,145,192,80,247,27,194,29,140,136,119,71,206,16,215,23,193,137,164,184,216,64,79,13,180,158,241,7,88,179,16,177,93,61,169,188,48,108,76,39,230,60,189,183,60,34,2,102,233,15,39,120,236,128,46,141,241,126,112,37,84,145,18,182,58,198,244,244,229,156,25,116,71,93,100,20,3,173,3,223,173,235,2,196,128,60,155,39,167,79,56,8,127,77,76,64,149,223,10,204,172,99,96,206,199,217,207,221,199,128,68,252,59,31,172,16,8,138,57,43,214,118,152,19,113,240,255,0,184,157,182,108,199,166,117,158,148,166,6,177,72,84,208,36,159,56,19,153,54,135,7,54,231,72,53,255,0,204,181,172,69,105,61,98,212,52,197,70,190,31,222,0,140,56,54,159,30,176,157,0,42,110,121,245,131,214,131,113,216,62,113,149,133,163,101,241,140,12,157,207,252,194,41,53,200,28,188,250,235,17,128,7,3,217,63,121,80,126,96,130,131,189,235,151,1,128,84,53,140,171,186,216,189,244,224,110,29,161,5,252,231,54,26,5,195,207,33,142,36,177,79,170,42,126,48,107,189,6,35,194,41,71,227,17,190,187,46,30,134,174,137,167,20,64,44,78,64,245,120,198,148,137,203,199,206,177,82,1,178,195,100,239,16,89,5,9,79,143,6,13,224,232,167,35,169,132,133,10,72,71,127,24,244,53,165,190,78,241,69,150,141,74,96,78,238,34,103,108,66,252,98,8,42,2,200,224,177,53,65,170,173,126,241,176,100,14,72,246,190,48,116,85,135,1,88,126,166,81,163,88,1,183,41,55,49,252,183,207,98,127,243,2,160,144,175,58,137,248,196,242,36,90,108,51,86,148,51,91,81,57,98,39,22,159,140,40,130,66,1,198,104,204,193,8,93,94,149,255,0,184,192,227,53,27,116,142,109,62,247,143,216,82,126,46,88,190,57,122,200,10,66,236,213,127,27,194,158,35,171,154,114,80,54,159,241,129,54,77,133,243,68,33,218,129,105,23,13,77,238,178,9,163,214,35,208,182,109,47,110,84,164,178,120,25,96,224,141,169,55,144,168,163,61,159,57,213,9,10,70,132,11,230,179,2,174,44,61,41,208,218,232,56,102,110,1,243,71,218,7,224,151,13,176,0,202,246,186,188,232,49,129,75,96,62,138,12,152,35,70,53,68,103,60,254,176,140,197,232,187,63,156,213,156,69,96,92,64,4,121,118,112,70,216,114,86,79,136,225,128,33,177,107,156,129,30,122,201,5,94,65,113,118,67,111,52,112,164,136,59,66,115,231,39,211,177,187,225,112,181,133,36,99,218,255,0,121,167,33,68,59,59,127,204,227,40,0,197,139,169,219,195,147,161,17,29,35,167,241,175,88,146,128,78,75,166,230,32,162,161,105,121,190,50,0,185,2,71,23,125,134,25,71,12,156,65,2,237,30,185,13,225,252,46,1,4,123,252,63,120,180,137,0,243,231,52,24,72,111,28,78,220,22,239,0,147,115,161,96,134,15,147,37,136,106,47,36,41,245,203,137,12,130,232,145,243,191,94,38,79,209,175,92,5,74,252,24,233,238,33,104,84,69,211,206,53,83,146,86,148,165,232,193,222,148,101,167,105,235,103,222,31,82,91,90,120,28,59,99,172,161,28,73,128,243,174,253,184,161,107,120,0,212,162,249,185,202,112,215,187,124,226,77,167,221,236,125,190,240,132,227,7,128,122,250,222,10,8,235,122,28,71,79,43,167,206,2,141,130,136,1,251,222,104,39,74,236,214,250,201,225,60,53,95,14,116,103,46,56,108,155,119,206,59,122,192,13,141,225,84,246,70,225,245,136,29,131,202,129,235,28,209,168,213,173,103,202,53,13,122,231,2,99,165,37,231,193,144,73,122,175,183,14,4,217,130,131,181,245,136,185,20,24,164,213,249,227,242,230,139,214,237,250,152,181,250,134,24,246,56,231,243,149,114,113,46,188,239,140,165,189,231,36,2,107,231,140,168,151,47,19,222,72,89,161,175,30,50,13,186,136,78,241,77,41,79,59,53,109,73,74,204,65,81,118,138,47,172,215,34,36,222,194,126,177,42,3,161,131,87,67,96,118,56,48,218,227,3,240,14,16,61,146,5,112,126,104,3,181,155,126,117,137,145,86,218,15,63,63,44,102,117,26,201,124,23,254,222,45,12,150,50,135,118,124,227,233,69,40,134,239,27,99,138,179,168,232,78,144,152,154,162,15,103,119,79,240,224,130,155,17,171,241,215,198,62,175,141,66,247,212,251,192,211,82,41,74,174,204,4,9,20,218,247,225,15,56,98,72,52,35,106,216,218,24,221,162,107,21,108,32,47,195,198,33,146,155,193,42,35,199,198,227,112,205,234,136,163,172,217,196,154,26,98,170,164,181,91,2,224,35,40,169,214,41,211,3,233,3,249,249,197,105,129,162,72,83,131,231,2,184,144,65,127,231,206,76,76,212,251,75,222,185,196,11,117,104,14,206,214,153,183,132,218,132,213,39,12,230,100,214,128,0,213,13,86,154,241,248,203,68,5,216,32,227,226,101,1,132,222,154,243,172,181,216,172,29,225,150,224,158,106,189,123,203,27,36,84,132,174,62,204,211,99,20,148,60,123,255,0,238,106,122,19,87,172,186,160,25,47,164,190,177,189,82,241,255,0,242,78,114,222,60,141,7,216,224,34,142,117,172,30,34,154,186,226,186,53,240,39,255,0,50,170,11,102,219,189,120,206,39,64,180,190,21,56,172,195,26,164,171,171,102,81,51,127,204,255,0,88,205,22,42,209,168,211,190,252,96,149,9,189,158,31,120,233,163,126,32,46,245,206,48,26,9,34,59,219,176,169,182,239,214,92,180,109,71,179,62,75,248,193,47,204,33,7,35,176,118,15,24,225,28,30,48,253,55,188,88,123,10,130,187,73,5,249,124,24,136,173,181,15,149,57,104,126,167,24,163,193,2,105,27,217,193,78,239,241,143,171,0,67,77,113,191,111,231,0,182,75,144,16,154,214,221,231,237,135,7,54,175,158,176,50,214,130,78,182,141,219,110,36,8,60,241,219,151,159,156,182,55,72,87,65,3,131,189,229,50,5,86,115,21,38,158,31,198,95,0,170,253,187,213,245,243,129,44,98,240,28,228,104,243,182,115,134,50,136,73,200,255,0,219,154,224,110,214,197,53,151,74,109,205,22,15,175,172,110,128,212,235,11,104,28,215,79,84,156,98,140,42,216,114,184,92,67,179,195,28,155,0,99,177,194,84,54,212,33,194,107,79,89,50,133,122,241,243,140,16,60,241,188,125,176,59,89,227,21,132,179,71,109,58,205,53,168,78,15,105,141,86,147,44,68,85,228,200,142,8,168,57,89,225,225,113,139,61,129,195,108,241,154,253,112,249,220,71,177,28,187,54,225,6,228,183,4,80,235,68,190,230,80,160,44,212,49,50,141,108,187,152,129,168,61,111,23,17,99,67,85,3,126,94,48,4,171,156,189,103,12,116,227,0,186,18,45,159,156,148,131,149,136,149,215,142,49,129,154,163,168,240,76,38,197,44,64,18,38,143,62,174,42,42,52,52,4,65,83,122,254,49,161,19,67,179,233,248,200,183,89,133,202,29,46,136,55,70,35,144,65,71,27,189,197,9,198,151,27,162,208,4,97,23,122,231,125,104,196,112,95,104,27,57,226,188,225,58,108,145,107,57,117,120,189,57,120,11,0,194,20,221,228,95,172,86,88,61,39,91,233,250,203,128,42,1,6,196,52,19,100,143,57,16,190,2,45,237,57,62,176,149,0,14,96,93,1,143,167,30,74,115,88,5,20,191,133,167,88,115,171,157,64,55,12,222,220,241,235,39,28,28,85,166,243,117,180,114,199,37,120,211,105,174,97,44,250,185,3,161,19,93,75,200,147,124,120,209,182,118,137,161,39,231,211,129,46,93,94,220,14,13,229,114,209,118,116,53,191,172,127,193,67,2,74,84,220,198,25,146,169,172,137,46,223,156,38,107,146,86,53,187,122,60,107,41,142,0,81,208,44,60,124,123,250,166,209,84,123,235,127,156,34,132,168,143,23,156,11,162,13,19,76,56,200,4,135,141,115,147,220,13,163,62,78,49,54,16,248,7,152,226,9,101,86,62,134,181,168,254,112,190,229,5,108,247,235,2,119,37,215,79,88,61,195,33,191,47,151,251,155,152,240,26,11,215,70,42,66,106,188,31,46,25,156,131,55,249,15,56,60,54,213,72,235,18,169,200,130,143,203,212,195,25,244,39,26,186,227,19,188,65,178,182,239,95,120,129,113,26,19,225,129,146,165,174,6,61,89,86,146,198,196,248,82,227,142,133,206,132,89,95,143,14,177,21,212,181,90,208,36,33,243,206,38,156,187,157,106,206,109,86,238,100,29,153,16,37,4,169,118,158,38,176,255,0,199,117,2,37,156,94,191,25,36,212,201,136,218,68,179,64,115,235,33,11,130,121,78,28,23,234,247,132,29,219,117,186,80,134,188,188,76,220,130,97,199,225,121,254,242,167,115,2,182,117,27,50,94,45,88,108,60,25,51,23,18,155,174,55,188,227,17,148,63,72,103,192,184,141,58,2,60,32,85,172,61,97,187,128,55,93,26,106,191,56,246,212,54,189,53,70,143,243,144,68,44,30,46,28,68,104,159,24,25,97,176,155,228,79,156,182,196,41,64,2,47,239,9,107,210,91,3,6,248,137,114,65,89,6,221,220,76,171,69,225,107,242,152,90,165,21,110,127,220,98,244,24,129,195,173,211,227,27,59,54,17,93,239,18,52,120,252,13,79,56,75,7,192,170,126,191,25,5,82,141,17,63,140,97,42,169,41,227,121,20,144,159,145,215,222,32,109,193,160,34,154,229,121,245,172,216,22,86,60,209,91,171,145,112,72,57,61,254,115,146,197,163,124,51,99,242,17,57,59,39,159,231,38,132,89,117,61,29,123,235,1,84,58,19,119,172,170,105,91,183,2,184,244,69,131,79,231,6,162,4,117,110,240,225,69,54,80,95,94,48,193,97,162,206,240,99,97,155,70,120,241,145,85,200,28,253,152,40,64,0,52,209,199,119,59,179,141,40,207,90,231,167,9,231,64,129,64,19,116,255,0,142,48,72,119,218,218,252,142,92,48,153,108,208,232,222,172,73,231,34,140,135,171,186,23,70,80,212,95,88,80,187,195,1,45,32,104,4,227,188,6,133,68,8,154,118,50,148,179,31,62,56,138,85,236,125,190,185,192,230,24,240,212,22,242,90,237,193,72,83,32,45,2,91,162,96,183,60,99,104,177,134,225,243,214,65,134,138,62,8,6,75,231,29,230,32,0,58,84,125,232,206,229,129,146,223,43,162,149,192,57,96,197,176,167,41,6,185,30,82,97,228,186,64,237,221,55,62,29,226,72,128,210,162,113,89,120,235,172,139,8,62,134,246,239,142,56,51,178,32,32,78,129,226,127,219,195,33,130,66,53,81,227,198,59,145,73,244,229,182,56,14,249,3,196,247,122,227,40,150,169,218,56,15,189,63,14,44,214,237,85,6,177,63,31,206,76,180,49,126,7,53,47,127,244,201,86,100,161,186,247,207,140,70,98,12,18,187,196,21,58,158,48,180,247,113,128,74,1,190,64,79,140,41,126,60,106,37,15,188,116,69,108,8,115,198,10,2,203,69,252,248,194,117,25,148,164,111,24,160,130,68,39,123,143,245,155,241,4,16,84,99,163,243,48,204,82,53,213,242,96,211,21,161,116,24,229,160,180,81,196,103,222,76,14,35,97,240,243,137,53,238,136,30,62,112,224,176,182,233,99,176,243,96,84,60,199,42,55,42,180,65,65,63,89,193,153,96,230,131,28,60,249,60,235,5,56,131,192,114,4,172,243,167,172,89,38,10,80,11,65,46,236,75,212,115,82,225,155,220,110,45,251,227,211,129,0,170,33,91,226,10,88,147,202,61,41,73,201,170,208,232,242,172,250,251,153,119,164,96,21,165,139,103,241,146,17,17,11,102,209,21,55,179,170,96,90,95,124,19,167,237,213,241,143,161,61,10,24,220,178,10,53,207,172,153,252,72,162,243,82,114,225,78,28,136,208,189,177,163,132,113,56,222,41,170,74,108,79,47,3,241,214,7,78,172,55,242,46,189,152,4,168,162,58,226,114,93,248,112,198,13,165,64,47,59,45,244,184,18,68,9,16,50,30,56,251,98,18,170,206,197,248,219,39,25,18,108,108,86,46,220,87,198,140,75,110,228,29,59,222,177,40,228,146,14,29,224,198,57,180,175,108,210,157,32,192,28,113,233,113,197,57,6,154,168,249,103,140,223,10,232,95,200,240,98,205,145,173,165,64,136,107,119,6,186,137,182,74,7,230,227,144,118,56,85,235,65,147,8,220,137,202,233,48,17,40,216,230,225,24,193,77,231,13,209,154,151,0,36,19,102,183,247,139,162,10,239,252,102,205,116,218,8,211,215,59,248,194,99,85,144,119,78,177,120,141,239,31,44,247,142,120,182,60,14,96,118,220,89,15,120,211,91,65,240,100,139,22,193,24,247,223,198,90,120,32,186,29,113,235,0,90,147,129,239,27,0,246,202,32,111,249,198,17,192,126,202,107,73,175,88,222,105,174,190,147,127,167,8,107,75,246,119,120,46,40,113,230,139,14,46,19,115,76,41,56,13,153,188,18,50,19,127,240,200,91,251,29,207,194,174,41,27,150,221,184,244,133,2,76,6,245,50,112,239,103,250,48,156,144,78,40,123,61,252,241,151,69,90,210,7,109,103,247,114,237,192,165,161,213,247,60,119,147,44,150,248,90,16,60,7,30,119,129,121,113,168,120,210,239,156,123,8,138,239,174,181,128,248,133,11,43,29,109,117,188,64,53,109,32,155,134,14,17,122,44,57,111,104,229,29,24,28,44,108,125,166,45,61,33,233,118,248,219,142,20,188,25,90,73,112,243,77,133,2,224,215,55,120,227,193,73,178,38,253,93,254,112,101,93,242,1,14,48,113,238,219,174,118,57,248,205,153,106,40,30,135,135,250,202,13,216,110,63,89,23,141,68,44,156,253,25,104,162,83,114,134,167,235,32,41,242,251,80,125,66,219,206,177,49,201,165,191,127,94,48,226,163,84,93,91,162,241,47,29,96,158,160,37,66,201,110,34,33,82,121,213,56,126,176,68,161,166,207,61,253,97,92,98,47,53,58,188,227,58,205,203,55,250,48,15,34,147,34,61,171,250,112,18,77,38,170,178,194,160,58,226,94,62,112,80,2,67,96,238,191,214,57,58,138,180,35,223,211,235,20,234,230,154,79,63,253,205,41,249,33,161,243,172,0,168,4,202,124,60,23,190,189,226,82,90,58,80,35,167,142,127,227,23,86,36,73,164,236,194,42,65,37,103,173,163,180,56,233,196,11,192,37,23,66,136,22,123,221,197,148,129,116,39,0,232,188,158,50,0,4,40,171,220,106,107,79,75,188,94,213,177,13,144,182,245,209,204,231,88,200,208,134,66,217,61,179,80,48,156,144,214,111,139,119,185,145,42,161,216,62,65,216,251,227,15,84,161,30,146,9,174,45,239,24,245,83,40,17,98,118,253,107,47,190,34,84,105,15,192,213,192,217,203,20,162,54,115,195,226,119,154,120,115,142,57,219,163,47,27,105,201,45,87,123,157,188,184,24,77,57,241,84,119,230,103,92,245,109,221,127,133,197,72,87,105,41,216,109,214,156,72,145,163,41,186,44,57,188,225,53,242,176,4,8,118,246,97,128,208,160,19,126,60,123,222,34,40,214,152,152,59,138,95,60,134,48,231,43,184,241,28,91,152,43,215,253,51,68,129,241,26,212,250,253,225,231,222,41,47,79,155,129,2,107,78,231,90,197,186,12,244,35,76,23,25,81,232,24,69,197,182,39,24,133,203,0,220,118,77,129,106,76,7,34,94,137,206,46,104,60,47,99,231,17,233,225,123,241,123,250,194,9,140,88,221,247,54,117,159,128,8,62,222,95,25,125,65,33,196,108,254,28,125,1,213,137,25,111,140,149,177,169,63,156,230,235,200,246,205,78,220,57,29,211,172,52,192,16,174,123,66,6,21,116,40,73,137,217,31,90,248,199,35,98,56,15,222,48,41,167,63,235,135,72,105,30,41,147,119,27,64,83,217,122,203,230,246,163,139,204,102,26,34,69,5,216,251,199,234,52,130,184,100,191,222,24,27,119,41,223,88,15,68,222,207,205,114,103,43,99,159,159,19,222,58,221,74,169,90,216,223,214,93,90,44,69,182,218,209,206,43,89,3,226,235,116,165,241,144,240,120,6,78,188,115,132,206,35,203,157,187,196,79,105,214,147,217,239,253,205,254,248,134,159,124,239,140,135,102,141,246,54,195,139,114,202,16,69,95,33,243,227,214,21,66,51,31,1,217,60,230,212,113,10,132,229,229,179,239,9,32,80,3,70,115,79,239,209,138,82,208,208,213,174,173,231,140,85,224,66,54,1,28,3,130,5,57,75,179,12,130,148,138,159,44,120,209,154,26,148,4,129,188,177,213,84,80,111,199,25,98,80,160,82,70,171,173,182,111,6,136,160,162,128,115,173,59,194,156,167,100,11,54,169,191,62,176,201,25,0,186,244,31,207,188,106,228,99,40,232,107,142,252,220,162,143,67,57,30,254,240,125,33,19,131,195,37,136,232,235,157,195,190,240,15,108,16,59,247,133,20,2,85,31,20,245,154,186,205,77,17,239,198,105,148,8,106,239,206,82,74,137,77,184,2,45,206,201,228,195,104,61,188,122,184,144,171,91,11,216,48,27,129,219,156,209,231,35,51,22,168,194,21,119,198,167,191,88,175,104,69,23,202,63,191,140,109,154,84,156,156,142,215,157,120,199,145,64,183,151,77,188,140,134,181,227,21,231,199,80,1,142,79,43,73,191,88,14,237,103,99,148,134,135,188,135,4,74,199,144,228,117,63,156,122,196,73,43,14,209,182,221,117,76,99,90,16,22,155,53,247,174,190,176,59,238,26,128,82,135,159,24,114,180,173,41,200,239,153,121,157,99,141,150,132,163,200,117,61,97,41,89,236,219,90,93,204,168,199,105,41,206,198,107,25,49,137,37,58,157,123,87,188,46,158,161,236,13,140,123,231,224,205,219,14,106,95,41,53,180,255,0,239,74,244,79,139,151,173,76,66,130,233,163,241,94,46,250,198,13,130,180,84,174,143,207,189,228,176,211,165,43,152,157,76,54,93,143,202,2,103,47,172,126,226,52,203,24,196,101,134,238,140,110,97,4,93,186,106,24,165,2,37,39,15,206,76,185,6,166,191,62,49,147,26,52,242,209,254,127,24,84,8,144,18,31,158,177,129,192,81,227,250,248,206,37,146,195,103,153,129,160,42,18,195,167,27,133,28,221,111,11,32,173,168,253,96,138,92,208,45,241,188,131,68,73,88,248,241,135,134,74,34,126,19,10,178,70,64,9,169,56,117,251,196,234,63,168,116,55,191,235,38,60,184,59,190,25,189,140,62,204,0,84,173,118,223,254,224,66,132,69,26,15,253,247,145,45,44,91,203,58,248,211,129,240,189,27,222,52,118,189,6,252,207,24,181,86,189,55,146,40,0,159,247,6,61,172,189,122,242,227,135,91,38,215,227,5,56,33,228,71,239,95,24,106,44,237,10,223,63,14,80,51,8,26,62,59,202,231,104,12,65,238,124,191,207,140,89,44,209,44,46,163,239,156,153,21,13,92,127,120,168,26,132,162,7,70,248,200,39,149,21,206,128,196,17,25,85,40,39,253,207,188,122,144,12,1,11,178,218,236,223,38,57,41,107,168,85,82,223,140,124,128,111,55,79,40,238,156,243,144,219,16,68,67,223,149,231,243,48,112,24,19,189,111,88,141,235,37,255,0,137,51,120,8,175,26,111,203,138,184,116,110,149,212,124,99,29,86,10,209,78,123,206,32,83,16,65,68,58,220,117,131,150,128,242,4,213,153,77,200,1,60,188,254,113,147,83,122,57,115,82,244,88,124,195,36,155,204,54,61,60,253,101,201,133,93,39,65,13,173,19,112,196,33,203,158,23,231,171,214,42,80,30,105,44,35,170,117,253,96,131,191,46,7,183,74,252,30,9,140,95,8,194,119,41,123,224,254,176,171,179,64,1,120,25,203,227,140,17,205,17,37,37,6,171,226,202,239,22,162,129,174,7,92,98,190,68,110,174,162,239,140,142,27,200,159,244,200,141,112,80,54,116,205,184,122,185,109,0,243,207,120,81,203,232,16,248,243,113,13,214,150,239,189,120,192,132,0,166,235,228,249,195,165,160,148,167,172,70,25,36,85,121,64,254,112,193,207,210,43,228,155,155,252,225,252,21,174,30,94,199,92,24,50,212,64,200,233,163,163,141,78,117,132,216,148,135,98,40,113,60,165,239,36,152,162,8,77,160,96,242,231,222,28,207,218,55,80,16,58,116,203,52,107,27,137,81,77,8,138,4,117,19,198,111,70,130,137,84,86,171,251,6,177,24,77,208,143,72,45,183,91,239,27,120,252,128,64,239,147,51,159,124,204,143,33,146,37,233,102,193,119,59,155,193,100,224,144,31,15,92,124,245,134,229,23,103,165,93,124,191,121,116,105,20,32,112,105,136,14,253,204,7,37,52,247,216,142,167,188,110,172,225,135,159,252,197,83,237,154,248,89,254,158,166,10,176,48,18,25,162,74,189,207,247,31,202,120,1,52,108,183,149,218,97,152,19,172,14,35,93,199,215,188,167,55,20,123,185,119,241,134,47,41,157,6,2,251,239,198,52,70,216,3,57,135,135,122,120,153,14,9,72,92,9,114,67,215,120,211,216,14,78,76,224,154,145,45,27,254,224,136,71,142,202,57,46,129,176,1,167,185,137,88,130,176,226,230,199,239,22,155,39,247,134,229,167,93,116,67,57,211,78,185,241,140,108,126,87,126,242,42,105,9,122,194,174,38,242,227,40,66,255,0,12,160,94,197,7,44,133,111,71,188,210,44,147,201,19,0,97,171,171,149,91,34,62,44,15,8,91,119,173,31,247,156,208,72,225,228,255,0,137,149,137,208,55,237,250,192,232,8,39,51,12,149,12,2,186,210,125,96,55,200,65,209,190,55,188,178,145,121,2,111,0,84,47,90,71,196,194,49,0,239,80,196,120,17,53,172,239,225,205,102,190,37,191,67,201,130,148,21,31,247,19,169,110,183,128,161,220,211,90,105,252,235,29,90,122,197,33,93,59,189,95,57,62,160,162,17,192,215,61,107,8,145,2,141,131,105,239,143,206,44,201,148,238,9,221,221,127,172,241,218,192,157,81,192,82,165,44,1,214,248,200,73,2,205,94,61,190,122,247,132,120,20,5,81,26,162,104,15,207,198,112,188,128,71,174,206,75,215,58,199,7,194,178,77,187,208,211,120,187,43,146,10,56,53,132,27,81,69,14,65,148,27,117,207,135,10,71,122,148,15,104,154,17,192,249,81,43,221,174,2,101,185,167,106,55,136,248,238,251,206,11,180,86,232,71,248,215,254,101,228,0,145,26,255,0,158,112,213,129,192,70,124,247,147,8,213,242,28,107,29,202,148,176,227,4,19,77,102,133,226,249,203,109,162,51,144,53,206,162,201,214,114,212,240,66,225,20,5,111,241,140,121,206,45,187,67,90,156,167,51,173,227,29,22,105,243,138,54,122,62,113,222,104,145,17,187,171,195,212,255,0,230,73,217,70,69,209,27,212,121,237,203,240,0,160,8,14,221,118,119,188,210,105,38,104,139,163,142,123,193,194,112,58,28,45,56,56,205,249,201,216,166,15,162,13,248,195,120,123,128,27,214,223,159,143,156,79,41,48,128,52,177,205,201,0,150,121,153,227,151,124,239,47,42,137,194,214,220,163,230,245,140,154,82,193,73,173,25,90,51,116,170,125,173,126,242,68,201,21,27,234,58,50,139,149,176,220,247,200,220,36,72,27,145,95,151,120,241,193,176,130,156,23,198,75,247,121,200,33,54,35,98,139,100,203,116,142,213,67,82,160,139,255,0,211,26,86,48,216,58,62,85,117,197,223,120,213,77,66,34,52,138,187,241,252,96,22,251,10,154,215,157,111,220,248,194,193,3,242,0,36,183,78,254,56,198,253,64,104,99,119,120,45,174,211,198,240,41,9,66,17,69,46,200,110,221,228,62,166,162,110,223,141,232,197,228,77,58,188,170,192,183,239,24,15,146,184,167,92,164,142,184,197,228,150,128,232,72,117,254,92,29,118,67,180,242,112,39,102,16,43,98,13,84,211,196,57,217,129,53,109,14,221,78,143,57,229,5,56,15,83,147,225,125,97,211,43,70,61,131,229,155,214,16,219,83,178,240,208,241,213,244,230,134,135,133,94,4,112,98,12,84,174,92,34,53,179,119,188,174,133,229,1,138,121,130,142,141,99,40,43,236,26,192,217,72,44,220,199,56,93,4,71,108,109,7,114,105,103,88,52,59,213,104,157,147,140,75,151,9,23,230,184,17,3,55,104,147,88,60,133,64,109,119,198,187,196,29,134,247,211,142,139,86,246,97,130,173,93,97,232,60,18,251,243,134,187,120,99,32,1,163,220,199,40,22,240,55,89,127,33,65,228,196,138,113,197,47,27,198,131,144,94,7,46,39,0,219,251,63,249,128,210,218,244,167,121,68,106,154,21,158,126,177,83,70,205,0,100,186,254,48,219,161,224,126,48,128,72,154,63,150,115,4,77,63,231,24,166,134,193,108,126,112,162,2,95,112,116,245,145,73,163,104,231,3,42,134,120,255,0,230,12,61,37,35,183,14,1,234,8,151,212,28,31,125,99,101,205,48,9,66,141,225,41,215,183,41,98,161,72,1,236,200,70,83,79,56,65,32,134,63,25,80,146,252,204,190,128,13,16,123,124,156,204,27,48,149,189,7,243,255,0,153,39,58,181,196,25,124,106,233,22,189,106,83,33,91,103,106,171,160,117,223,143,120,114,223,48,69,60,19,199,126,50,215,200,132,84,123,46,222,227,133,50,6,92,111,71,118,187,121,200,45,2,209,38,16,60,154,107,147,120,31,39,97,12,208,31,1,210,124,103,96,234,247,59,190,247,169,137,112,0,37,108,219,64,119,172,72,200,27,227,193,111,61,126,240,143,109,85,126,120,167,25,116,173,4,65,124,29,125,107,88,183,108,37,54,47,35,198,81,210,34,138,95,56,198,53,170,46,196,143,131,85,233,198,99,116,7,137,69,30,47,71,56,143,225,162,2,156,114,243,6,122,196,66,246,196,84,60,151,202,62,111,214,76,161,172,131,68,118,186,225,230,189,99,233,49,69,228,8,34,83,87,206,253,230,173,152,44,86,226,61,98,115,19,140,210,55,117,39,243,133,71,77,214,139,149,232,59,122,231,34,117,197,128,80,89,22,115,31,183,89,30,22,68,109,192,223,139,182,199,231,13,35,70,55,32,254,35,93,171,177,199,251,50,2,67,226,134,163,123,148,200,45,19,120,208,142,5,211,53,148,24,19,46,40,242,147,127,121,200,252,145,125,107,104,61,62,178,83,96,146,4,181,182,187,183,16,190,86,207,128,67,148,250,206,57,98,10,235,193,123,223,231,125,226,0,168,17,168,20,26,195,106,246,188,224,143,170,140,132,44,116,88,58,227,93,225,36,68,16,172,118,37,163,13,239,11,45,67,22,24,43,99,165,117,231,29,55,80,2,128,104,212,141,253,184,237,65,80,183,201,87,164,126,156,71,172,105,91,214,148,228,14,211,93,226,240,168,61,67,108,60,24,214,142,204,71,139,65,157,121,20,164,187,153,2,48,110,217,209,17,103,239,120,0,130,228,139,90,13,105,248,166,17,239,148,136,100,167,65,241,227,33,3,208,133,180,8,247,101,222,50,124,5,40,139,163,192,251,202,169,121,190,31,39,24,101,88,82,133,217,223,71,164,243,130,66,1,7,160,76,66,170,126,156,184,118,238,246,229,161,181,161,145,5,237,231,143,24,57,178,58,142,156,246,184,118,8,131,47,243,127,108,233,135,67,67,240,102,133,163,178,105,198,32,220,195,231,172,65,117,7,45,227,154,194,160,31,188,165,73,20,167,14,39,76,240,217,207,63,156,217,218,70,129,246,103,63,8,210,103,5,118,224,128,52,179,219,147,114,10,117,136,149,81,119,138,89,54,37,114,227,7,13,60,97,1,160,120,198,134,4,30,186,199,43,174,221,39,56,104,207,51,111,99,251,199,76,86,234,120,127,172,93,130,6,227,180,189,238,254,48,12,134,6,79,50,206,117,223,156,208,177,213,153,231,152,113,233,223,154,186,117,139,10,72,0,43,239,79,222,81,57,200,176,220,157,15,23,14,67,136,85,211,101,8,159,30,51,89,103,116,82,243,47,140,99,74,0,8,236,26,115,100,231,29,99,182,42,166,70,229,225,195,206,154,202,30,78,89,117,125,76,42,12,142,47,177,224,2,104,214,73,15,93,132,178,110,155,142,155,50,114,78,192,229,80,133,6,188,226,12,116,98,58,41,229,117,198,24,18,136,180,216,143,159,127,214,16,4,37,88,27,197,48,113,56,0,115,127,238,176,162,242,77,0,134,113,62,185,201,156,163,169,165,4,233,19,198,176,132,61,74,94,16,189,207,122,222,82,164,210,138,220,105,235,94,115,76,147,178,160,249,27,191,173,231,55,6,184,64,68,242,239,243,114,3,207,144,7,39,159,207,156,16,4,0,65,189,134,211,159,227,2,52,33,236,37,242,58,195,61,105,105,6,195,132,167,197,223,57,174,69,47,44,220,83,189,87,141,57,42,32,182,236,3,103,2,90,122,243,135,22,165,169,13,109,181,117,120,159,120,168,32,176,72,136,224,66,152,64,108,229,215,159,212,199,240,116,13,143,99,124,118,197,187,137,217,188,216,125,12,195,74,232,96,22,169,242,26,95,24,192,77,43,221,77,111,70,110,189,1,21,28,44,214,0,64,104,92,158,52,138,211,231,239,1,168,203,183,134,0,221,91,56,219,133,154,27,64,32,6,237,153,174,254,177,27,122,231,128,169,9,68,60,114,187,114,242,170,10,44,29,59,87,246,192,113,32,43,175,103,221,248,199,57,86,1,224,23,182,70,203,251,202,212,219,112,205,7,253,175,172,150,186,90,154,217,101,211,149,58,76,79,14,218,184,216,96,184,58,86,146,66,70,241,54,200,187,49,14,61,59,73,232,152,38,50,1,166,141,133,47,140,138,11,146,92,192,52,106,40,47,158,142,83,63,206,194,170,246,249,243,227,14,142,208,152,54,177,0,123,239,247,136,155,209,52,27,231,214,114,12,167,37,220,41,0,186,126,73,172,224,65,8,116,138,4,230,110,252,125,100,181,233,74,36,85,187,94,57,235,142,112,12,206,220,195,196,186,31,56,235,166,232,27,238,6,147,14,155,31,67,192,189,51,174,50,213,15,223,29,81,230,222,112,215,72,8,236,240,118,191,214,94,75,184,78,56,206,63,251,147,130,49,18,19,165,190,122,197,42,154,184,62,40,227,231,18,184,160,33,120,218,81,231,206,55,227,168,128,98,147,93,25,207,56,194,194,79,219,187,254,216,60,109,173,122,20,60,123,192,86,124,141,167,145,219,173,250,48,18,228,237,73,206,158,122,213,231,53,208,52,207,92,229,36,77,113,132,171,2,230,239,100,64,201,21,28,54,77,237,151,54,216,172,52,36,127,204,96,13,226,37,70,255,0,243,12,68,169,42,43,143,218,14,55,52,106,100,86,130,153,160,57,197,141,6,137,183,174,177,3,204,169,63,24,180,96,151,69,159,156,2,135,177,167,247,227,35,12,129,75,243,148,134,50,11,102,226,35,1,56,253,228,155,0,164,147,254,214,106,64,194,217,207,62,140,66,94,60,4,216,223,157,126,50,54,199,210,236,94,184,197,81,91,87,183,191,239,16,54,189,37,205,129,85,133,218,100,154,36,28,219,219,223,198,32,197,4,52,52,75,213,2,62,110,65,16,103,154,103,91,142,186,226,241,129,96,49,128,36,208,231,226,97,107,216,91,169,183,7,19,117,59,196,96,223,38,17,83,182,112,248,231,25,142,227,23,200,0,7,157,111,243,129,225,249,5,56,183,228,253,201,137,208,17,130,65,228,147,157,90,220,187,195,82,34,221,254,111,198,5,97,1,128,95,238,34,114,10,46,206,122,151,187,138,21,136,75,71,37,11,166,171,206,94,209,70,144,240,179,163,195,145,90,122,133,4,156,162,120,243,138,195,21,49,93,138,119,0,159,251,146,75,209,64,48,33,42,118,137,140,94,180,39,190,238,211,135,125,221,99,227,22,232,135,180,240,104,253,226,4,193,74,80,69,84,15,131,122,196,75,26,171,115,108,222,255,0,125,227,87,9,225,52,22,2,35,201,175,89,118,120,194,50,138,24,245,224,235,28,5,94,15,128,251,231,252,193,226,8,41,110,30,16,34,252,181,154,6,21,35,57,236,123,231,243,128,175,212,209,38,191,39,235,0,210,59,103,32,12,70,123,107,172,87,247,75,193,120,76,190,232,45,65,137,218,5,62,113,215,3,129,90,221,205,74,31,203,40,235,99,223,227,12,23,130,131,100,174,131,62,120,198,163,125,172,238,40,236,11,126,28,12,85,108,71,96,165,77,63,29,153,78,78,16,107,20,59,249,119,196,196,86,156,192,212,221,1,199,227,16,44,106,233,16,43,220,3,168,246,155,65,211,0,18,156,187,94,166,176,203,82,211,203,118,117,85,147,140,99,208,13,148,240,143,191,214,31,248,117,21,107,110,23,57,54,211,196,42,246,236,132,222,113,51,153,128,64,221,107,75,206,159,135,15,217,174,88,162,145,224,50,123,202,216,45,151,13,129,72,117,235,18,19,133,46,168,160,72,240,247,142,252,226,136,128,23,64,74,217,188,53,105,40,236,34,177,113,206,178,176,10,52,192,105,170,81,199,27,214,25,33,110,77,219,84,124,31,135,8,16,8,194,160,18,114,205,220,35,92,80,169,20,157,129,131,233,235,16,27,119,49,86,211,79,204,243,172,166,98,5,17,139,169,214,245,188,74,46,133,129,228,14,248,224,193,121,40,125,244,221,250,19,1,24,4,175,28,253,229,210,168,13,118,91,212,224,195,99,224,6,144,38,189,255,0,120,128,51,166,196,36,137,224,223,231,3,172,109,108,120,223,37,184,241,117,0,49,242,158,255,0,220,90,232,91,145,85,188,15,23,121,100,105,68,181,207,152,87,159,94,241,5,163,223,37,241,16,15,243,34,115,107,77,94,215,140,18,16,131,65,103,235,159,231,4,28,37,58,227,172,122,116,247,199,214,23,82,11,84,214,120,88,64,119,199,156,130,8,234,140,229,214,41,161,13,167,174,143,219,147,220,91,68,187,227,28,192,230,229,51,175,88,126,196,154,14,123,91,155,69,251,79,196,121,157,184,82,50,177,104,252,174,231,206,77,13,27,64,65,253,231,38,168,28,23,7,106,18,163,43,227,222,57,4,212,224,3,48,163,164,114,209,243,130,175,76,101,248,55,132,128,149,18,229,196,205,224,230,29,81,44,222,254,240,181,37,90,140,46,190,143,24,67,195,200,212,124,252,98,15,162,52,207,244,14,31,147,55,180,178,3,92,123,68,159,172,4,2,16,16,159,252,198,110,138,195,135,145,52,239,158,115,73,70,221,165,79,122,106,153,61,6,0,205,105,51,231,135,172,72,54,250,34,159,34,203,242,115,128,17,47,37,95,12,78,121,227,120,218,117,79,45,100,68,67,71,47,141,230,188,119,134,87,101,231,137,120,134,28,0,38,116,59,211,124,241,151,114,105,186,10,150,115,151,8,148,121,19,164,250,235,214,2,67,89,97,125,120,184,204,8,163,130,187,105,246,125,153,162,90,40,68,43,43,185,209,71,21,189,43,170,176,73,173,180,214,163,128,3,54,34,52,64,110,188,7,94,177,100,176,104,201,229,84,69,120,251,197,149,122,18,78,128,245,89,184,231,243,154,219,218,187,109,210,236,64,248,77,103,17,213,93,83,83,106,127,99,172,99,245,90,7,233,103,44,156,124,107,37,152,18,117,21,91,166,100,204,61,9,22,54,156,67,141,98,48,82,136,4,0,15,8,190,60,224,210,129,116,26,40,26,124,62,156,6,69,87,91,136,14,7,99,113,81,169,60,174,208,246,191,62,51,104,38,74,17,170,119,141,192,33,44,205,107,219,198,60,194,33,65,52,112,224,223,55,27,138,226,84,0,236,191,96,209,121,195,37,105,1,119,233,133,181,23,153,160,131,228,246,93,226,9,72,70,245,224,164,120,57,186,15,56,225,81,12,142,166,165,105,190,116,123,184,170,65,1,67,166,33,197,180,13,241,214,53,171,133,168,162,82,197,87,205,60,97,219,90,24,136,208,100,186,244,101,90,197,33,119,68,37,239,175,62,48,208,164,112,45,176,175,15,87,172,8,36,64,26,173,120,150,243,38,105,56,23,16,188,13,14,79,58,35,188,66,229,98,23,84,154,239,252,214,89,43,80,45,49,161,176,0,124,220,209,144,96,108,28,31,147,80,214,225,198,176,155,244,4,180,166,200,156,188,38,181,206,19,64,195,84,116,210,37,69,146,30,102,31,194,9,85,14,81,57,189,62,177,133,154,220,115,72,134,162,60,125,231,4,92,176,142,129,229,70,113,119,198,177,154,49,251,114,145,239,78,40,35,52,129,39,128,69,254,178,91,146,85,250,160,2,244,95,157,229,79,255,0,128,8,108,95,47,24,86,73,161,232,30,13,134,242,177,231,12,102,10,247,120,166,87,22,29,240,161,198,156,96,137,73,0,131,130,253,107,188,3,236,244,159,0,207,227,2,60,56,164,8,130,143,206,86,61,141,69,117,233,55,141,12,73,148,70,141,231,109,62,178,171,123,108,9,119,63,139,154,140,48,13,186,15,142,110,1,34,133,104,103,39,252,103,98,200,148,16,82,241,57,12,47,51,205,83,127,172,68,16,11,167,208,243,129,93,0,139,67,147,209,239,214,85,181,179,145,185,104,128,238,235,56,2,194,128,97,212,107,96,113,226,157,100,67,222,174,131,202,226,205,170,140,16,206,125,153,85,134,205,18,255,0,211,26,158,118,20,43,4,236,37,9,241,102,147,221,202,211,194,249,48,114,247,16,33,188,57,77,77,100,207,1,6,171,116,139,217,63,24,8,160,66,15,237,48,90,9,44,4,125,204,39,33,104,134,239,214,64,217,240,161,242,255,0,70,56,184,165,56,31,120,54,68,143,9,231,88,114,77,104,212,58,124,255,0,238,52,227,22,88,112,105,209,227,89,41,39,137,193,146,19,140,72,200,235,176,161,187,207,206,80,126,1,252,159,31,222,3,21,150,0,3,246,98,34,129,157,53,175,200,227,222,41,240,161,168,27,29,118,41,235,231,26,38,4,139,3,240,94,55,227,40,159,26,12,16,94,138,33,245,120,197,70,30,202,89,117,75,177,111,60,235,121,176,137,137,30,34,249,116,154,186,152,16,160,136,141,213,179,90,217,239,18,156,80,42,69,241,101,60,67,83,89,66,168,205,241,237,127,11,131,201,224,0,57,231,86,115,227,57,144,91,5,187,142,18,120,203,108,7,179,0,105,55,104,254,76,102,84,108,160,155,238,125,231,33,243,129,111,115,119,199,102,17,167,212,52,33,143,209,213,151,8,233,4,119,228,17,86,60,232,39,206,105,115,27,9,224,156,14,50,16,81,119,116,29,124,177,101,160,7,138,136,117,208,111,187,145,166,173,15,161,113,174,207,24,235,74,143,215,173,44,53,189,101,242,173,138,211,201,189,29,56,250,197,199,40,0,36,58,45,56,63,120,255,0,118,164,137,240,143,19,140,2,157,221,84,229,183,158,124,241,136,194,50,121,188,139,166,157,199,159,140,85,105,118,243,2,248,39,188,84,45,55,105,121,39,70,198,59,214,122,73,178,91,138,22,30,252,111,38,160,226,162,188,157,64,13,243,247,136,102,135,65,209,163,216,241,190,48,108,61,0,29,240,10,147,91,81,196,65,170,81,91,43,204,219,119,129,188,253,192,9,40,176,150,123,113,48,136,140,34,212,140,15,188,74,128,223,115,60,37,230,195,1,64,8,5,224,137,95,198,247,123,203,45,149,26,139,216,161,239,199,198,33,80,199,103,90,211,202,115,175,239,26,228,41,142,193,166,142,98,111,156,213,80,204,227,26,16,17,215,157,96,35,82,183,123,198,195,123,191,188,124,58,67,152,53,35,171,46,39,24,6,212,14,4,168,239,251,214,33,190,83,116,149,66,173,8,248,195,182,144,16,35,66,146,39,127,56,160,116,61,68,87,203,106,122,235,30,193,21,13,67,70,143,191,61,102,139,22,79,175,128,59,231,247,137,44,120,15,24,84,79,111,125,226,10,146,212,190,37,115,127,33,198,75,13,177,33,225,157,93,238,71,120,219,168,170,84,135,26,174,185,197,35,61,233,102,209,1,214,215,190,28,177,240,22,179,204,3,144,235,198,60,131,243,55,123,241,243,132,92,102,163,184,167,212,155,60,230,200,215,209,53,164,61,119,237,201,236,222,51,83,118,3,248,203,116,154,8,59,217,229,124,227,57,77,135,71,68,222,166,5,151,184,136,233,219,217,254,101,13,47,1,76,80,67,8,55,204,206,77,36,165,186,143,62,58,73,140,178,230,54,211,80,235,90,231,22,121,157,8,242,28,126,176,80,129,109,73,62,57,193,32,28,29,100,214,83,65,118,96,45,50,40,107,8,58,55,121,14,65,68,224,88,28,235,172,99,96,33,132,166,174,187,201,240,46,208,25,174,63,19,41,131,132,139,170,114,253,101,25,54,195,101,243,109,197,134,185,105,19,210,121,238,226,153,113,147,65,233,254,189,231,149,173,31,39,149,62,125,225,184,180,69,11,174,50,52,168,160,114,94,181,214,42,224,214,168,111,231,245,149,164,241,16,69,249,112,226,131,3,101,124,179,156,152,162,42,21,154,245,134,101,206,157,158,191,24,3,145,40,68,29,253,225,77,155,40,237,164,112,220,82,205,177,153,15,201,143,65,105,35,93,125,243,155,94,5,104,40,238,113,175,231,20,232,75,80,57,183,94,183,235,15,55,141,2,152,67,100,8,189,212,197,29,80,34,10,130,118,185,231,137,227,32,186,53,160,70,0,145,174,184,114,149,74,239,185,100,34,239,151,126,114,201,122,23,28,74,208,226,196,227,118,96,175,122,157,123,198,205,157,120,200,85,10,10,110,82,28,233,205,5,51,158,15,19,193,241,49,98,217,81,72,90,58,14,255,0,60,228,65,18,98,84,26,119,83,81,239,26,86,53,1,24,158,57,195,29,89,27,45,237,206,205,241,206,16,136,144,192,75,231,157,247,136,98,43,34,109,219,198,231,30,176,3,16,44,21,21,99,227,150,109,199,164,169,252,227,145,95,35,48,236,33,82,181,223,183,60,152,216,26,233,218,147,69,112,255,0,102,10,207,108,59,27,189,125,227,241,157,93,4,228,142,253,122,200,2,52,104,190,220,75,110,130,241,121,125,86,56,142,172,54,60,3,248,120,247,142,235,152,141,60,28,46,248,124,231,52,166,129,162,96,112,8,120,126,179,64,159,111,39,8,61,149,31,45,217,19,210,34,74,30,92,54,111,141,67,214,4,224,33,212,56,15,3,196,192,228,199,107,202,73,225,223,46,1,68,7,7,0,35,207,79,198,31,162,99,18,215,99,131,239,188,151,70,0,179,126,201,100,245,222,40,123,86,39,244,229,246,235,120,20,64,138,228,108,19,150,210,121,202,181,32,155,169,20,202,3,238,229,108,1,166,212,158,139,95,95,89,37,144,2,226,55,81,73,231,207,214,38,166,162,212,191,188,17,184,144,169,26,117,80,247,198,90,160,170,50,22,53,83,177,57,167,198,50,245,48,44,208,39,12,228,229,146,235,6,176,66,75,36,4,233,53,248,196,69,104,134,19,143,101,146,62,76,229,199,147,28,166,212,164,71,188,64,55,4,160,228,225,237,63,188,133,204,129,13,93,253,243,130,49,123,146,33,73,15,49,76,47,93,26,128,192,67,190,121,241,243,133,194,198,192,165,126,117,57,227,46,50,252,50,108,31,233,196,66,254,113,111,37,0,67,255,0,102,83,70,187,100,30,202,115,246,99,212,166,17,143,202,210,7,214,41,165,82,137,212,85,189,175,60,226,77,152,128,146,48,232,243,78,112,121,20,111,80,252,146,192,246,96,115,221,40,183,162,171,238,135,172,231,219,142,80,254,79,236,193,40,212,137,54,85,217,220,141,227,12,152,95,214,171,169,118,57,54,157,20,173,116,252,224,106,169,67,79,195,128,242,150,5,99,162,105,196,209,32,8,30,27,63,12,158,64,202,129,219,11,246,227,22,2,82,184,79,37,156,59,252,97,113,131,73,211,203,57,227,20,161,183,23,88,88,97,180,116,192,70,118,104,172,202,32,1,196,57,197,178,74,214,176,232,144,104,232,49,174,49,67,169,55,243,128,240,230,172,248,97,14,115,109,196,224,133,211,150,185,232,54,95,150,247,128,84,154,36,90,82,107,127,24,54,166,60,142,198,94,113,185,16,134,142,249,166,116,155,186,29,33,224,126,48,222,237,155,54,249,193,11,1,253,25,247,214,176,79,64,73,3,227,228,195,89,155,157,158,112,192,103,72,89,175,156,26,217,145,0,88,231,241,141,220,151,228,178,191,6,8,81,194,122,197,86,203,0,93,252,63,240,103,23,117,109,87,150,230,255,0,87,43,130,8,28,107,80,142,142,41,239,179,26,113,66,182,95,58,243,242,175,188,38,181,98,72,251,19,92,187,247,142,130,168,81,160,247,15,146,119,77,224,163,28,13,15,107,206,47,83,114,133,188,151,116,235,231,235,43,118,233,122,46,9,186,217,118,23,19,112,118,113,163,132,223,231,188,50,131,225,31,125,157,152,33,168,52,14,130,194,134,230,220,101,105,8,107,241,80,219,224,252,226,74,212,254,18,203,228,125,224,191,147,123,179,191,30,25,239,6,136,145,213,186,105,231,151,215,206,39,140,92,185,10,162,39,46,20,28,154,0,54,86,174,223,61,96,70,41,182,221,212,211,229,239,231,59,93,139,247,177,244,253,230,153,76,80,3,13,94,59,57,245,172,126,150,7,85,87,30,15,251,140,33,225,153,59,77,111,227,150,226,138,170,21,2,156,173,244,230,234,226,67,69,161,117,249,119,150,9,93,144,241,99,91,158,61,228,218,24,37,167,81,161,255,0,56,14,131,132,163,98,155,215,13,250,184,174,193,233,46,136,32,146,3,178,27,245,128,199,24,54,67,87,47,110,252,231,49,188,221,110,22,210,67,175,239,5,60,128,42,232,78,198,219,142,116,95,101,196,212,132,51,207,43,214,21,177,239,48,139,154,211,206,252,99,169,147,144,4,136,166,156,144,61,152,238,74,212,219,150,205,31,206,156,128,250,236,65,65,244,11,110,190,240,193,108,35,75,177,123,158,48,138,168,1,42,60,78,143,252,199,52,105,8,135,69,29,135,190,46,16,243,39,213,59,144,212,132,124,231,176,215,65,32,59,23,105,247,129,15,216,3,105,135,11,204,155,250,201,16,61,237,1,38,162,236,94,112,202,212,177,79,128,205,4,59,196,178,3,184,81,209,22,189,78,189,228,237,34,46,156,251,25,191,254,98,199,128,169,42,145,91,231,223,19,12,35,108,233,243,255,0,220,67,134,76,86,70,205,113,124,224,134,204,158,133,35,243,88,121,153,36,246,111,210,186,165,135,253,152,64,242,193,118,241,227,186,213,201,16,118,161,247,64,240,250,121,186,197,66,82,4,0,188,78,206,15,235,13,47,74,37,237,240,50,207,38,61,209,66,2,50,87,196,70,13,45,116,12,56,158,120,28,14,168,1,216,235,83,107,172,58,68,53,151,91,163,197,249,46,72,91,110,101,107,183,66,225,202,148,216,153,78,118,215,111,173,100,247,118,147,67,231,144,255,0,48,3,228,148,124,214,191,56,172,148,131,229,158,207,189,120,200,191,16,157,190,3,97,252,228,80,52,213,61,112,77,61,60,220,94,43,144,7,69,54,56,11,108,42,186,124,135,24,149,137,26,108,248,49,2,137,46,3,247,206,67,0,186,105,252,227,146,3,74,108,113,148,194,240,140,32,72,159,45,229,16,53,134,163,241,188,134,209,199,65,174,176,210,134,195,206,154,215,198,43,91,29,2,221,114,229,105,75,163,95,195,185,245,141,95,17,74,46,175,192,254,177,125,6,236,61,159,247,57,13,55,179,11,242,47,206,85,74,201,161,57,190,178,129,109,18,53,236,157,95,188,209,173,16,165,176,3,209,43,148,155,155,12,118,186,125,115,253,99,104,226,168,75,7,8,98,42,4,191,222,13,28,128,142,136,7,199,247,140,64,11,36,246,215,214,65,8,64,128,29,190,188,76,229,224,52,245,71,156,126,1,248,5,70,227,117,203,128,182,134,118,157,71,77,86,123,215,14,9,199,80,43,233,215,62,91,227,42,161,181,184,142,213,199,194,27,0,139,145,18,28,227,17,108,46,163,162,121,206,213,73,13,195,140,89,233,81,34,187,71,139,143,36,7,184,171,231,15,72,43,32,137,181,124,12,63,125,99,5,27,80,141,13,7,151,245,172,215,134,115,128,225,14,154,14,11,238,0,40,250,115,48,208,202,181,220,242,138,214,241,56,195,227,32,215,162,0,164,248,195,0,71,16,0,116,41,255,0,109,202,211,238,102,147,153,112,160,9,181,179,59,124,126,121,192,211,12,140,28,206,111,223,120,254,207,186,188,19,227,14,115,65,131,57,15,255,0,113,62,40,77,164,228,83,69,254,76,46,78,75,184,27,162,111,140,139,26,69,156,167,151,105,91,188,18,239,96,205,236,245,23,125,235,47,125,2,185,243,46,221,115,227,6,78,87,82,66,84,237,190,117,61,227,234,70,64,125,158,119,230,126,242,240,9,66,196,228,39,20,194,170,68,89,8,160,166,172,67,23,126,80,17,117,19,169,229,49,139,248,45,167,179,93,110,104,227,120,83,160,18,237,57,15,73,48,56,163,173,130,217,18,221,115,137,177,12,35,103,94,19,91,194,6,55,26,123,78,155,231,169,136,36,9,2,16,32,253,15,56,224,229,32,217,52,252,107,247,144,161,69,119,224,93,156,204,132,215,48,135,171,126,112,222,27,72,74,106,78,161,78,28,16,66,99,143,87,81,195,190,218,220,193,199,20,229,2,10,30,181,102,33,141,20,0,33,119,224,97,248,206,226,49,23,227,158,187,156,95,156,30,47,144,26,104,106,28,63,140,228,80,100,18,56,90,13,111,125,224,138,185,92,14,32,235,124,243,226,224,216,130,64,68,10,13,183,214,23,227,131,161,73,202,253,245,198,80,128,173,73,217,202,232,223,14,86,234,221,176,111,83,71,92,249,206,84,68,192,33,4,93,111,227,94,176,16,165,181,74,74,106,90,102,215,219,47,65,24,161,143,131,107,173,6,12,91,187,64,242,34,237,30,92,109,212,212,16,150,47,37,194,121,208,36,75,228,105,231,54,13,193,181,26,21,210,94,93,187,197,109,18,171,6,130,148,214,221,177,20,138,161,79,148,109,243,60,195,38,2,197,66,109,198,255,0,143,120,46,67,244,42,28,28,24,53,136,66,148,74,222,15,24,128,21,120,8,249,193,239,178,80,89,33,29,250,114,66,136,208,158,72,218,26,240,237,205,9,41,130,43,179,41,33,226,246,79,120,36,69,100,224,159,88,41,224,0,16,75,204,245,128,184,128,66,105,253,250,206,96,27,114,126,242,201,3,225,193,231,103,140,2,56,0,216,252,76,214,232,4,160,151,174,243,132,168,179,177,215,187,59,195,76,1,180,175,98,100,141,16,10,159,63,60,227,29,33,168,67,219,221,235,41,193,216,168,191,89,8,7,24,55,222,33,112,213,116,249,200,4,41,69,124,157,46,49,18,146,169,20,187,79,227,225,48,58,134,175,105,194,251,107,247,135,132,192,112,89,206,151,128,103,235,47,37,210,0,231,79,191,115,0,146,229,144,78,139,161,63,15,172,72,20,80,32,222,151,161,202,122,239,27,177,4,145,124,62,248,227,206,91,193,75,90,26,3,211,243,252,227,46,143,42,5,212,234,172,248,48,113,143,62,33,9,177,11,199,207,156,133,207,72,28,159,227,39,210,64,78,174,159,142,247,204,153,20,17,246,52,61,206,62,49,82,192,149,224,237,248,235,120,251,54,14,229,117,231,41,201,128,4,155,200,164,159,148,249,245,136,20,161,56,169,116,53,120,179,193,142,102,49,28,153,46,142,75,250,202,142,21,66,131,221,223,239,3,73,117,46,197,192,120,115,133,72,74,25,94,90,11,215,54,100,136,152,192,217,231,148,71,247,129,29,67,2,236,174,73,22,26,222,0,92,42,156,162,109,255,0,76,145,189,146,118,21,126,211,214,49,174,73,154,93,94,191,201,156,127,103,116,33,46,137,190,60,96,130,50,133,23,38,206,102,0,29,46,88,241,190,223,233,201,173,52,131,212,18,91,215,140,66,149,17,86,184,47,111,25,36,130,114,71,252,57,197,3,49,40,15,231,156,38,58,57,104,241,95,215,172,114,227,80,108,21,223,151,198,8,111,32,64,107,79,100,127,88,42,106,244,52,111,190,19,135,69,187,202,200,117,27,75,240,120,179,169,222,69,127,68,75,26,160,55,207,28,96,17,17,32,222,162,1,107,190,35,235,34,173,71,244,87,131,140,132,137,87,228,30,222,62,38,57,69,217,16,1,205,245,3,93,226,140,33,59,43,20,60,201,179,206,41,154,64,74,189,13,209,254,99,113,208,68,59,131,79,133,127,121,35,179,160,190,81,60,113,149,242,128,16,208,156,247,232,117,183,9,130,0,128,216,188,239,174,58,118,98,145,37,29,52,62,213,63,46,0,196,17,20,59,45,247,119,255,0,204,61,245,161,67,46,205,198,244,245,129,41,83,237,16,159,51,135,171,141,6,190,26,14,191,157,191,238,52,254,171,147,122,191,246,241,67,123,102,11,164,121,93,241,137,89,42,135,73,161,202,120,214,35,25,89,116,24,251,199,114,209,17,123,7,91,235,17,181,11,88,73,225,200,12,35,86,1,7,97,42,241,183,119,28,196,130,208,59,88,213,115,89,3,80,46,143,177,210,101,54,212,39,79,158,227,207,172,239,128,160,25,253,99,108,7,108,242,241,182,177,250,247,156,190,168,129,84,177,194,28,117,195,141,4,89,64,107,77,120,26,40,115,199,120,39,116,43,78,0,26,52,252,96,132,16,67,177,210,207,92,204,167,217,40,142,112,50,8,12,252,100,218,0,225,39,36,125,152,125,193,196,97,16,61,120,12,130,112,138,30,226,9,6,125,56,225,40,36,32,112,131,209,172,101,4,94,227,124,83,248,199,205,80,108,227,92,125,228,153,164,131,160,124,121,222,19,237,132,167,29,159,156,173,1,26,66,38,53,212,230,21,250,215,214,47,201,81,122,245,248,198,24,72,57,63,245,215,172,20,5,116,26,139,203,231,11,96,109,14,73,228,228,197,234,174,7,146,115,112,100,196,238,182,143,126,48,155,97,32,42,125,243,147,106,161,101,59,169,252,101,98,14,243,94,104,249,245,135,11,224,20,132,155,240,151,156,180,117,14,40,123,156,38,245,187,132,145,69,20,29,134,245,255,0,158,48,145,20,108,21,207,214,181,156,21,204,155,122,187,31,185,140,148,53,5,133,233,91,248,231,14,151,174,60,45,83,155,225,228,235,23,15,109,206,187,71,102,34,31,94,113,162,168,1,29,47,19,103,92,252,102,167,12,49,21,93,181,83,122,154,248,205,45,18,58,155,143,141,242,226,225,62,214,155,119,10,19,105,130,78,157,188,62,15,156,41,110,40,107,192,57,162,239,228,203,169,167,12,122,7,151,46,238,194,199,62,156,25,221,85,218,158,245,149,52,176,161,54,15,204,201,57,168,141,63,232,211,195,227,26,88,245,183,57,4,215,7,111,195,222,2,76,119,254,226,1,177,31,244,202,16,203,209,6,195,183,157,30,76,215,109,5,64,134,174,232,77,111,188,56,33,0,171,176,229,187,199,210,208,206,232,155,31,244,198,58,208,211,135,112,181,158,255,0,188,185,19,156,166,197,92,113,207,137,222,64,16,133,106,74,195,161,108,12,49,13,45,85,228,95,90,254,114,196,36,33,23,98,180,231,198,33,160,108,93,94,185,172,157,120,227,20,36,165,160,58,142,97,29,230,209,135,242,129,114,73,68,137,54,116,158,239,156,33,6,86,129,19,41,229,254,158,177,65,5,66,11,58,244,230,241,69,68,34,62,58,221,139,139,38,138,81,231,131,231,45,182,173,171,87,19,197,253,61,228,40,164,240,72,231,207,59,147,52,169,0,61,215,3,116,235,91,205,39,65,104,6,224,187,238,108,59,30,48,21,65,34,224,58,153,6,116,36,1,86,175,109,239,18,79,2,91,87,87,141,230,224,18,138,105,219,13,120,199,54,119,37,222,90,248,197,192,140,188,83,139,133,1,30,84,87,168,253,224,159,248,162,11,187,255,0,179,14,99,206,42,149,173,214,149,153,114,217,149,214,184,113,231,5,210,34,44,160,188,217,193,146,253,139,128,69,204,252,158,179,137,18,144,163,207,64,178,83,221,214,67,73,154,68,238,158,199,69,222,56,155,69,97,36,57,154,241,172,3,41,33,36,127,237,96,5,28,26,188,229,70,138,229,154,60,222,176,104,59,112,72,209,58,231,89,68,160,188,164,223,207,28,225,180,216,148,135,100,27,223,240,97,118,26,233,83,17,211,241,207,172,143,57,83,131,70,107,247,149,198,182,86,184,253,103,72,185,15,251,50,117,166,34,170,231,126,245,174,176,69,117,221,81,116,53,240,227,120,162,131,66,228,123,139,176,245,142,198,42,72,53,195,248,152,194,53,216,15,39,103,206,93,221,162,162,19,159,68,49,36,14,17,160,125,25,123,225,237,100,93,78,183,206,43,241,90,224,68,26,136,93,166,220,110,108,80,240,157,242,121,202,78,134,192,83,254,184,85,145,38,192,124,19,0,84,18,78,145,206,117,29,25,217,247,142,13,52,29,115,198,95,109,138,119,190,102,26,67,78,139,167,140,8,154,2,162,54,94,110,32,64,32,26,190,188,25,8,158,200,166,159,245,50,208,66,84,208,194,75,107,65,192,241,243,128,64,157,1,85,243,127,156,147,6,224,55,190,123,193,181,74,137,43,125,97,73,17,192,2,136,158,47,60,225,24,206,64,76,52,108,224,152,224,200,128,170,237,124,121,53,137,126,33,102,181,225,59,197,128,154,164,6,167,243,48,12,196,69,58,90,46,140,11,3,76,84,148,220,253,99,205,170,166,229,80,11,86,239,133,48,236,3,83,194,52,79,42,199,207,217,154,9,33,21,220,175,46,227,147,156,182,69,131,110,193,2,135,78,157,189,109,203,138,29,219,77,3,122,215,131,206,118,85,168,132,25,52,252,222,117,173,97,238,152,132,13,209,181,66,246,31,78,21,71,1,31,6,60,150,243,126,176,22,160,30,18,40,139,173,48,78,112,175,254,74,0,41,246,90,206,19,24,240,10,81,179,144,13,234,141,94,113,133,224,44,5,144,232,154,15,188,82,177,214,211,42,30,147,88,14,196,100,88,60,130,247,172,69,166,247,210,0,35,200,175,73,215,24,16,93,0,177,173,137,54,152,235,112,40,212,228,154,4,55,59,50,207,1,0,70,106,57,155,121,243,131,109,0,240,152,58,182,0,147,119,110,151,21,211,125,194,16,117,204,243,28,139,158,46,135,64,222,249,127,25,83,171,71,8,227,126,31,229,195,8,49,81,0,155,81,57,117,140,84,77,210,135,155,93,235,88,163,20,154,213,31,60,207,247,0,13,195,180,7,249,128,113,133,88,142,103,235,159,156,215,147,109,206,241,43,235,96,195,165,230,78,141,225,164,145,211,147,227,207,236,197,100,102,26,99,64,104,196,127,25,84,96,84,118,244,27,241,156,163,196,98,77,190,167,16,227,140,21,17,90,69,188,184,48,202,190,67,71,183,127,50,97,250,88,35,186,182,62,245,151,73,129,107,92,184,122,252,101,216,40,151,163,241,222,4,139,95,204,0,227,250,196,85,245,14,15,191,206,3,174,14,95,243,252,195,49,80,41,54,136,158,31,31,140,99,220,149,218,148,60,117,117,136,76,212,132,233,231,99,239,26,202,21,4,11,111,199,91,184,225,106,18,239,142,137,169,239,7,232,125,20,56,6,181,124,101,117,173,157,91,158,75,19,158,53,227,32,51,232,168,119,148,141,56,174,66,8,18,18,79,120,208,217,218,27,28,30,156,162,90,20,30,203,15,206,183,206,55,32,112,196,173,34,4,39,222,243,90,220,197,180,232,158,195,126,112,229,84,11,76,31,192,215,120,164,40,130,14,133,216,127,121,103,75,25,146,116,14,33,157,126,29,157,39,120,150,42,9,164,250,175,23,29,130,228,232,18,181,224,234,15,56,193,103,4,51,229,247,102,83,89,165,164,46,121,147,157,147,16,134,47,160,107,24,120,63,108,214,34,128,232,34,181,244,235,232,203,149,173,10,28,140,53,229,158,177,120,44,27,65,20,188,60,143,195,5,220,195,107,92,180,212,55,240,245,155,62,196,208,139,161,246,29,91,129,68,36,199,104,213,157,159,214,14,160,57,205,130,121,202,113,6,163,203,163,38,165,24,125,190,46,3,160,239,237,190,63,247,16,143,96,149,28,220,198,137,225,245,134,215,24,171,205,71,71,169,131,139,169,249,79,14,38,209,162,128,241,231,198,12,68,187,188,48,188,129,160,156,251,63,56,21,158,7,111,249,206,17,22,178,7,215,247,140,183,87,40,30,55,230,249,199,158,152,138,130,232,127,220,55,138,62,13,243,190,112,26,80,113,75,183,142,176,236,28,147,175,251,250,200,1,28,150,217,225,239,255,0,114,124,20,135,190,178,61,82,142,66,154,36,52,61,191,238,49,92,26,20,136,188,146,126,92,69,142,237,186,74,121,237,62,28,47,202,48,128,134,236,252,204,10,8,130,81,72,127,75,175,24,48,44,65,58,17,248,44,76,11,12,162,192,31,202,79,120,109,242,78,144,181,92,74,240,246,225,103,104,11,161,166,253,241,128,27,113,81,169,103,8,235,87,181,195,230,226,105,21,145,227,232,193,158,26,3,226,111,85,215,95,19,43,31,67,119,19,181,223,231,199,222,13,247,161,17,93,29,143,199,156,53,210,210,34,118,29,252,107,57,120,93,80,121,85,156,189,223,25,89,198,132,26,174,163,213,219,174,241,40,24,217,90,229,131,163,88,6,0,72,41,215,111,157,207,198,94,141,192,44,93,1,231,250,193,32,240,29,28,213,40,121,95,172,12,87,154,55,63,38,252,83,140,133,204,45,20,235,71,31,94,241,230,228,21,5,211,94,62,178,57,88,129,211,109,12,215,31,156,54,198,138,112,21,223,31,88,92,195,212,241,169,150,160,70,7,31,140,96,171,35,95,195,222,106,182,7,85,247,246,107,1,43,21,7,202,115,48,230,71,194,61,137,222,0,241,173,37,238,47,127,253,195,5,146,232,73,171,203,215,82,154,203,37,65,10,191,135,93,112,226,230,151,80,64,142,131,116,186,14,49,116,167,0,208,35,185,163,83,79,120,1,36,16,152,166,235,228,219,222,241,0,220,44,3,122,214,238,13,168,90,98,239,204,62,17,227,140,76,8,164,185,124,97,3,81,80,120,79,49,251,193,83,170,183,143,159,56,189,6,189,160,239,157,255,0,218,196,129,88,83,209,78,122,202,22,108,85,231,116,175,140,30,112,120,81,208,120,62,115,144,69,205,54,195,122,30,242,94,61,80,245,66,236,113,247,141,40,252,10,13,40,219,20,223,135,28,216,142,159,115,2,75,176,129,191,156,34,35,216,165,216,83,84,189,224,206,201,56,54,104,121,234,117,238,230,218,218,29,1,208,247,221,51,122,28,66,202,172,140,180,219,134,36,41,246,82,148,222,160,23,2,192,34,52,47,30,71,214,49,148,187,27,29,146,126,48,82,13,198,131,165,240,154,222,184,199,230,149,40,158,204,70,98,132,115,78,254,54,224,135,40,26,170,33,100,227,93,24,132,93,43,33,172,171,203,172,176,104,13,16,26,240,24,137,130,34,165,147,206,211,140,40,78,162,162,118,42,205,107,89,183,164,232,139,165,163,79,59,194,210,33,96,129,177,78,233,71,54,231,57,13,29,42,109,63,95,121,171,189,9,164,54,78,15,4,222,26,49,95,49,70,206,238,142,187,205,74,9,220,246,117,142,174,171,237,51,163,206,4,82,39,92,60,241,214,88,228,184,104,57,56,140,10,163,207,241,145,223,120,13,192,237,138,29,16,81,57,142,114,124,25,188,237,77,243,138,53,192,89,209,134,140,29,133,212,243,128,38,5,53,162,229,240,34,217,98,192,158,132,48,141,33,175,227,31,38,27,80,174,169,33,164,241,144,224,63,159,63,56,115,213,14,213,207,206,186,102,14,2,2,53,81,183,223,88,98,55,194,132,248,57,193,136,16,6,132,235,193,254,227,207,96,161,11,227,229,63,188,100,89,170,32,8,35,195,110,75,234,10,218,206,103,205,200,204,84,184,211,177,235,88,198,182,208,77,150,28,43,153,215,25,98,19,186,161,55,71,143,240,76,15,83,248,100,94,23,211,241,198,3,91,236,230,252,83,247,128,171,128,223,255,0,76,87,97,239,171,199,253,227,13,61,22,18,172,137,236,53,19,13,227,198,42,78,211,114,200,113,148,74,53,227,12,88,46,154,123,196,214,173,12,58,234,49,127,56,144,196,174,244,56,157,107,113,239,20,132,129,116,40,111,182,44,68,218,81,241,95,51,156,164,9,17,16,103,61,240,98,183,160,243,77,132,189,239,125,99,162,70,30,169,164,118,122,50,251,39,109,79,132,120,227,152,4,152,4,36,141,1,233,79,86,79,57,184,192,42,110,60,161,87,207,214,2,196,123,20,169,225,55,203,136,145,65,14,38,54,118,33,183,141,246,31,156,218,8,21,83,78,189,14,76,69,90,109,127,212,193,162,213,107,58,254,241,17,33,56,149,186,135,127,57,81,20,41,75,168,157,95,219,130,128,107,109,24,176,79,163,92,247,236,222,45,65,2,2,196,222,253,97,111,195,72,209,157,125,119,150,64,132,235,122,158,238,27,143,84,32,112,249,27,232,203,53,241,133,186,220,128,58,134,27,177,122,14,186,215,51,17,44,193,107,71,159,188,87,90,81,77,85,126,6,223,214,70,183,129,78,254,127,220,103,41,88,186,230,192,205,196,21,52,133,214,184,112,4,192,34,214,158,239,101,205,4,133,171,196,245,255,0,184,30,140,232,233,62,92,240,159,253,198,180,99,102,195,219,127,237,226,26,137,9,33,187,235,239,9,26,44,246,58,19,125,26,60,239,24,240,18,25,94,14,128,58,156,202,204,166,0,177,138,32,117,6,223,167,47,170,5,149,58,25,173,239,227,89,110,34,141,20,242,108,27,231,245,51,105,40,0,46,180,230,223,173,226,71,147,81,234,218,182,67,235,55,76,80,1,72,161,119,108,46,247,122,198,221,11,112,39,184,231,221,51,72,230,148,105,221,239,239,231,53,202,68,118,162,171,245,241,156,193,244,106,169,172,221,183,145,215,103,227,1,109,101,10,177,136,214,84,225,152,204,229,168,107,0,116,187,244,204,0,9,243,217,206,229,214,164,253,224,100,78,166,156,95,111,56,95,76,169,161,121,83,128,120,95,70,108,21,194,98,30,23,141,183,79,121,50,56,88,112,120,169,90,222,106,187,11,202,187,11,212,63,56,165,72,40,73,17,186,119,183,4,42,39,96,255,0,1,78,126,112,111,76,55,107,103,179,75,167,34,202,141,130,124,97,9,34,252,59,253,57,216,10,52,142,25,143,217,27,62,252,229,147,47,27,41,198,255,0,140,80,146,16,71,81,247,138,64,132,249,30,126,242,42,0,104,205,124,98,150,0,28,205,167,156,153,170,35,229,233,196,41,95,14,0,151,175,229,199,110,67,119,47,193,214,92,131,145,102,245,254,204,208,61,99,115,99,54,98,19,29,155,205,39,63,24,55,95,70,145,131,159,170,95,120,146,40,188,167,77,248,214,76,133,181,131,160,231,235,159,198,30,104,186,132,191,31,172,88,95,215,94,180,215,140,212,67,211,59,120,47,163,121,40,98,12,223,161,227,215,214,22,202,27,144,119,231,140,110,161,206,129,189,69,249,195,83,192,84,118,169,95,62,242,197,201,213,0,114,149,122,48,118,203,151,18,156,129,217,247,129,54,217,9,68,128,116,120,247,146,237,64,74,60,33,227,175,206,5,127,9,87,213,93,29,178,242,241,130,85,214,72,9,192,248,147,172,10,48,7,66,146,15,215,28,243,130,44,164,20,148,190,92,184,49,60,192,59,162,223,143,207,57,181,199,84,86,28,132,77,252,254,50,65,250,138,160,243,183,53,250,198,29,96,74,107,78,181,255,0,204,31,149,221,190,93,183,124,107,158,49,61,152,20,18,89,46,135,199,183,24,218,146,95,30,249,231,164,232,195,117,236,76,23,60,39,35,148,164,82,205,185,30,207,121,1,164,34,7,99,159,252,201,131,6,134,178,104,164,227,127,67,0,20,136,89,79,26,80,167,243,136,169,92,167,160,158,15,172,106,160,133,197,247,126,240,218,168,154,8,238,30,48,170,85,104,161,201,187,248,199,48,130,42,223,154,243,231,1,83,26,8,114,81,97,23,187,131,203,92,146,41,148,15,62,255,0,24,248,140,41,13,156,135,246,98,224,106,20,55,185,29,189,255,0,247,4,134,167,54,62,23,165,56,113,146,69,181,166,117,224,241,141,182,20,50,239,175,131,19,197,45,246,249,223,172,140,210,232,163,207,76,4,16,148,105,171,198,177,88,66,108,186,122,247,146,25,208,165,232,123,63,24,239,177,29,17,57,62,49,147,183,179,101,255,0,220,216,33,240,188,110,0,126,48,44,8,8,74,127,14,82,9,90,61,250,244,229,156,216,104,153,219,202,19,92,228,212,88,33,173,13,137,224,220,238,119,139,221,81,11,200,219,33,94,30,50,45,142,220,94,5,78,130,205,153,5,49,181,160,236,7,71,51,227,47,21,100,138,183,100,112,174,240,59,10,112,121,231,251,205,157,26,171,240,107,126,113,248,6,33,45,60,191,56,144,72,172,3,183,88,242,158,36,188,186,195,119,74,134,248,55,227,35,228,142,164,173,230,83,159,4,48,169,128,88,17,135,18,118,108,112,103,25,43,212,215,10,67,205,197,142,9,48,7,21,42,163,124,108,184,127,49,100,161,225,14,249,111,60,30,241,65,173,90,31,68,10,20,135,218,228,180,221,73,186,144,125,250,60,111,26,155,18,140,47,212,112,155,164,105,226,118,151,71,189,126,49,8,209,115,94,192,240,39,143,11,145,144,201,47,0,94,200,254,178,77,109,5,91,138,77,47,31,198,8,215,81,70,230,119,199,140,243,129,163,23,150,130,32,207,178,242,226,131,99,186,55,214,21,210,181,176,47,239,143,227,21,28,167,176,249,255,0,238,26,138,20,230,24,11,193,99,190,205,250,51,161,138,57,30,96,206,113,50,155,13,90,158,49,34,65,17,178,119,248,113,150,145,8,254,103,245,144,128,224,85,185,116,172,48,232,23,79,188,20,27,119,0,27,127,121,49,35,185,88,56,245,49,157,240,41,213,240,120,249,197,108,8,182,52,114,79,23,245,112,75,17,123,193,204,83,120,74,204,90,161,122,24,251,71,117,71,160,232,253,98,101,184,128,37,60,136,97,77,214,68,36,235,85,55,57,248,153,174,67,104,167,128,34,236,153,160,34,22,242,117,90,203,61,156,167,147,79,24,157,36,29,143,17,223,6,231,206,11,142,131,116,77,94,137,162,124,98,61,251,87,193,53,228,59,201,88,77,69,108,103,22,31,119,0,82,212,85,41,116,207,60,206,248,196,80,252,108,16,218,113,207,19,198,10,152,192,167,116,19,173,232,48,226,221,129,83,154,71,4,150,169,217,62,144,2,188,30,140,15,192,0,224,91,179,190,158,49,161,36,67,183,195,160,158,156,216,106,133,18,11,178,104,125,121,51,152,99,49,30,54,117,189,228,97,114,192,135,122,37,121,243,147,72,40,17,178,68,233,49,156,0,62,173,213,121,223,220,197,156,213,26,141,235,138,142,177,214,153,0,162,238,109,23,188,89,200,92,64,78,142,13,223,24,94,71,133,90,78,189,78,124,165,198,59,80,160,181,106,239,79,24,192,43,179,163,57,143,26,29,100,232,219,85,185,196,248,197,45,166,13,132,79,227,222,19,66,4,210,157,23,188,72,102,31,46,110,117,255,0,56,232,202,186,162,249,47,88,214,41,236,100,58,135,251,254,96,64,214,189,24,82,247,230,224,94,18,137,11,123,223,142,50,123,148,13,109,191,127,121,66,68,181,209,75,254,224,106,77,240,119,235,14,128,100,0,226,99,206,28,116,24,119,235,120,171,24,22,46,254,241,116,40,21,161,252,63,28,120,192,70,3,96,1,249,127,140,236,156,83,47,209,130,24,8,229,239,14,139,224,10,78,103,231,37,180,103,96,43,201,243,55,227,40,27,1,68,49,129,230,77,191,24,122,24,21,144,85,131,6,156,233,57,249,193,64,85,137,241,19,189,115,240,100,8,126,136,222,79,65,120,15,56,194,130,179,192,86,49,231,126,38,9,2,68,223,43,67,76,226,115,175,27,97,238,232,41,123,4,136,107,11,192,47,81,130,144,118,239,157,195,10,44,130,133,221,30,108,117,57,185,64,182,60,235,175,11,47,255,0,114,245,17,106,217,169,187,174,240,48,202,195,218,240,94,247,110,108,191,100,147,173,214,141,235,120,204,153,164,219,56,29,11,201,183,88,83,201,184,198,225,22,10,157,109,59,206,218,153,130,249,142,240,14,218,203,38,161,8,164,208,133,55,47,121,117,40,11,53,214,193,103,159,231,188,51,192,146,34,90,180,212,151,254,48,136,85,64,34,142,190,47,235,3,109,204,10,19,106,110,196,159,121,175,128,5,30,202,52,248,79,140,117,112,196,124,176,123,66,115,196,205,196,58,12,33,141,30,29,48,55,49,5,143,114,129,235,231,25,29,70,152,185,171,211,136,221,24,191,42,156,227,222,65,0,83,141,9,198,41,162,8,74,221,43,57,245,136,64,180,134,182,35,217,211,131,1,96,68,233,229,159,7,24,13,36,85,128,223,35,233,48,137,53,160,40,189,113,251,192,5,238,65,252,143,245,151,169,17,202,30,254,241,86,155,106,245,241,235,4,212,224,42,71,140,28,53,98,106,123,113,66,67,146,104,190,122,197,246,215,67,71,223,156,1,114,69,154,205,87,72,172,61,33,205,96,174,216,90,118,63,29,56,143,204,183,13,57,125,49,156,161,218,159,5,231,141,227,112,65,77,222,252,206,61,224,129,169,192,8,132,7,231,44,46,232,65,173,174,126,114,164,35,37,0,120,136,110,153,162,116,253,27,215,1,189,124,96,109,21,84,111,194,239,89,191,86,174,248,80,190,143,7,151,222,54,12,84,40,186,95,6,251,254,240,211,44,26,197,22,21,233,145,98,37,38,7,145,179,126,50,132,15,145,15,142,182,235,206,177,91,131,54,71,178,239,127,244,199,23,89,194,17,133,212,25,239,172,98,10,201,39,107,167,34,175,94,114,82,16,41,65,226,174,247,179,188,91,177,44,206,117,28,237,215,140,208,99,127,191,135,255,0,12,149,12,37,71,53,187,98,187,202,55,97,178,211,124,56,60,226,108,40,181,61,168,238,91,206,40,26,52,3,1,246,68,249,235,53,146,145,30,216,183,210,234,118,120,195,216,54,198,134,156,26,215,223,172,89,11,16,40,82,113,199,156,167,2,162,202,56,147,79,119,214,11,218,17,110,94,68,227,189,152,7,146,167,232,119,231,26,207,115,13,159,239,121,18,33,28,86,253,188,243,151,78,19,165,165,13,53,55,222,163,133,56,170,141,223,253,255,0,185,207,168,30,118,121,243,255,0,220,217,64,26,169,7,173,233,24,96,160,150,44,169,239,94,92,85,128,85,107,126,61,99,73,1,161,250,167,214,49,7,25,195,148,35,4,34,186,224,249,193,154,30,69,209,116,226,28,210,70,201,60,223,187,140,52,10,35,4,191,59,201,48,161,52,101,151,66,232,139,247,214,5,154,27,167,94,204,221,201,221,65,197,73,13,244,246,82,105,58,192,2,72,147,252,29,92,188,38,37,208,108,71,20,156,247,138,194,162,75,229,240,29,245,130,146,144,96,99,54,110,223,133,214,49,212,91,16,28,166,220,6,243,172,57,29,205,65,16,243,231,231,2,163,41,231,188,83,95,156,109,102,4,33,105,202,112,31,196,205,134,210,193,242,15,137,169,162,101,201,247,130,1,29,181,167,115,140,18,241,85,170,144,21,117,89,198,3,4,208,128,81,200,181,215,171,198,70,235,13,130,26,154,240,52,231,53,238,42,113,222,141,193,253,243,117,156,157,133,104,9,29,104,116,198,9,168,73,241,7,227,242,185,112,37,228,5,221,131,57,157,92,55,32,178,104,210,175,46,144,152,66,34,9,105,103,9,84,28,61,129,78,245,198,204,119,174,127,140,76,24,232,78,82,210,59,137,197,201,119,88,60,62,225,223,245,128,123,154,60,201,70,156,114,127,24,132,18,214,197,174,159,43,142,145,232,106,253,57,72,195,200,195,227,33,152,165,107,99,237,199,240,128,167,85,130,37,104,99,123,117,30,48,124,73,58,8,229,59,127,188,34,193,208,143,36,187,196,169,136,3,71,91,113,214,112,165,137,55,26,225,239,88,249,181,17,43,23,217,148,168,25,84,58,188,96,12,35,183,10,250,199,231,71,182,166,6,34,246,183,94,49,48,173,175,45,246,224,189,104,143,15,3,136,93,240,254,103,156,27,131,205,90,111,167,25,173,235,180,145,211,71,100,56,243,154,189,16,180,139,187,231,89,84,126,20,143,225,241,214,43,105,160,118,15,39,207,247,139,133,169,135,125,4,215,255,0,124,224,131,164,90,217,179,124,124,241,140,201,44,98,175,35,169,190,177,178,10,16,104,245,206,252,127,24,36,110,196,15,210,107,91,110,12,137,64,81,55,192,79,92,111,156,155,22,217,133,220,38,143,243,23,221,216,136,157,79,198,250,227,6,80,41,255,0,13,97,8,160,18,124,11,215,140,184,132,32,85,52,245,171,129,86,22,190,238,153,223,122,110,6,9,118,13,63,161,110,72,96,210,144,118,167,148,242,101,216,202,21,186,19,247,243,128,139,90,61,207,162,254,113,42,98,1,215,193,79,29,243,142,70,74,72,135,2,241,128,160,208,5,35,201,59,108,222,84,107,160,170,212,217,47,235,28,169,160,200,7,29,207,249,206,64,220,27,47,135,83,165,233,207,86,220,83,217,47,57,9,3,194,154,121,253,231,12,76,73,129,216,75,126,125,204,217,39,77,138,172,183,231,190,49,133,3,35,83,57,72,246,109,237,205,218,138,194,144,229,243,146,132,139,129,29,248,242,250,196,152,47,1,55,161,188,24,78,5,55,36,151,103,86,254,253,98,177,99,64,20,255,0,247,9,26,128,224,222,10,186,167,241,136,46,216,175,7,147,239,6,81,180,69,75,251,79,206,9,79,77,40,173,230,247,172,79,173,58,145,184,66,238,255,0,88,71,146,18,133,231,159,121,230,181,144,20,233,31,159,227,0,88,80,28,58,236,229,240,224,73,88,53,200,116,1,42,54,23,151,14,192,22,213,80,216,233,66,252,101,48,146,152,7,33,125,215,236,50,156,67,16,138,239,216,233,195,137,80,0,144,136,43,161,67,126,158,49,87,208,3,183,232,225,29,236,206,207,32,10,239,125,13,89,195,222,47,182,145,20,82,171,200,104,243,172,124,44,8,107,185,2,52,229,111,24,185,91,128,240,41,7,158,245,239,156,0,56,234,193,9,190,218,121,215,206,19,241,228,86,10,57,191,94,189,227,137,196,201,165,133,243,245,171,134,146,0,37,244,192,223,219,149,166,218,217,18,34,89,190,50,229,141,112,132,64,93,42,29,186,254,113,7,89,166,0,35,200,143,93,104,119,137,141,230,68,28,70,243,185,233,196,96,134,84,7,0,15,192,177,199,14,24,54,176,36,59,4,79,159,214,54,231,202,88,85,7,33,176,213,216,229,31,229,36,229,226,242,222,147,241,148,237,235,109,57,65,199,54,95,240,79,99,49,35,106,44,233,117,175,185,134,91,2,131,109,181,196,239,67,21,231,17,229,2,16,108,81,167,26,248,198,215,110,68,174,79,36,245,237,245,133,131,17,123,135,21,3,71,25,5,149,32,229,60,143,254,152,2,82,35,117,193,148,243,169,23,196,235,54,214,202,0,39,23,222,33,163,159,67,156,171,167,103,118,255,0,120,131,0,68,167,115,223,114,243,227,26,13,73,160,108,245,241,157,33,58,55,157,227,33,56,85,5,243,231,235,39,233,22,40,58,237,205,88,101,67,193,58,249,126,242,169,84,192,57,157,253,123,231,88,135,57,14,189,186,63,89,85,115,123,31,23,32,130,211,78,112,67,6,241,180,231,16,196,236,161,7,105,155,181,121,154,20,237,76,34,172,170,220,210,218,204,133,56,32,64,143,57,89,244,27,200,156,191,120,161,135,96,156,95,121,84,133,52,81,14,156,86,218,157,58,36,120,255,0,48,136,45,88,12,118,220,243,172,148,87,63,239,222,90,189,97,217,188,9,207,126,57,197,228,128,108,77,209,58,227,13,160,168,88,20,219,52,95,172,81,154,131,79,168,127,102,52,119,228,22,158,62,114,28,53,36,35,225,103,245,137,26,133,84,154,231,194,117,140,200,87,75,225,206,223,172,106,190,113,162,41,205,241,129,0,45,166,135,190,117,207,89,168,134,43,108,225,255,0,119,214,24,145,109,17,195,145,222,109,220,77,23,119,155,114,126,119,48,245,117,227,198,8,27,9,21,47,7,49,214,81,8,21,5,71,82,113,187,112,133,102,198,231,141,78,189,225,196,91,114,149,116,186,212,99,227,3,2,137,133,101,55,209,227,222,40,190,26,1,195,142,101,193,230,163,123,29,233,56,227,143,56,0,12,170,181,20,134,39,30,122,196,2,52,144,232,81,169,255,0,180,197,53,50,206,128,158,63,157,100,210,234,73,161,168,14,52,28,185,34,19,106,77,26,125,62,55,227,13,130,12,83,150,6,189,31,198,42,232,85,54,205,167,223,240,227,98,184,41,46,170,244,119,30,91,150,25,214,199,252,219,129,4,0,120,160,212,241,67,21,30,81,45,61,235,167,172,174,57,136,64,40,154,78,184,186,201,138,22,144,138,60,205,15,41,140,112,117,148,14,252,142,240,42,26,1,107,172,64,182,218,104,49,160,195,160,4,120,78,94,241,93,99,85,70,151,229,52,98,99,201,92,22,184,105,20,237,43,80,255,0,187,192,84,174,24,14,251,20,52,30,241,42,29,192,226,105,25,241,199,24,138,2,138,148,114,157,188,102,146,91,11,194,121,11,239,241,145,107,105,6,195,177,228,176,211,9,46,200,52,116,147,220,227,227,43,187,116,4,241,207,159,51,90,206,169,10,64,111,93,72,187,199,46,65,169,2,86,184,56,152,234,17,188,128,224,47,90,203,238,194,33,182,148,135,207,228,192,68,46,213,9,5,54,233,159,196,195,145,113,52,82,131,19,157,115,189,229,179,10,119,175,99,119,195,249,198,145,133,81,18,235,77,15,33,247,134,78,0,18,133,88,176,208,41,231,94,49,5,80,201,104,160,138,156,55,102,87,112,166,103,131,118,184,117,231,125,100,1,10,166,1,233,217,173,221,254,156,23,110,27,40,36,157,223,13,191,217,102,155,18,86,202,244,235,22,5,37,140,5,87,142,11,223,172,14,216,30,250,110,60,139,59,152,98,203,100,144,136,5,232,231,235,22,0,202,129,30,219,229,119,246,228,161,59,56,55,130,97,150,4,19,142,55,142,210,142,79,35,54,168,80,84,20,127,142,92,35,11,26,86,243,245,136,66,175,37,242,187,194,10,136,237,228,229,250,192,48,206,96,211,50,131,115,144,65,248,55,134,218,11,20,83,225,217,134,226,244,52,40,127,68,196,84,78,49,230,248,112,232,66,168,69,61,96,42,121,137,107,252,224,164,35,107,193,190,61,184,40,51,2,94,15,24,195,29,11,123,31,24,209,125,128,67,199,206,8,173,11,37,68,117,138,8,14,1,175,172,38,147,202,182,117,143,2,52,95,241,151,89,218,109,199,172,3,229,9,28,64,226,150,192,55,119,40,253,227,75,70,93,148,56,111,46,39,32,75,194,199,23,180,145,225,55,56,63,247,46,64,220,57,158,253,100,165,9,192,67,200,78,176,20,89,154,98,27,30,24,121,231,46,0,203,124,58,4,237,243,121,200,66,77,0,248,72,210,115,238,56,119,1,236,43,204,191,158,176,51,87,93,145,195,197,88,250,159,120,22,48,64,251,72,224,40,91,25,208,94,131,15,18,40,43,115,116,151,121,20,210,188,211,139,235,214,8,145,193,65,106,251,233,227,230,230,141,234,82,222,157,220,124,18,104,39,124,122,184,22,109,192,32,206,95,37,235,3,168,32,0,9,212,235,41,153,79,114,122,175,102,44,16,212,134,87,134,90,240,228,184,16,65,66,187,58,155,225,222,9,145,98,133,57,85,201,199,25,65,161,55,51,181,15,27,180,195,133,164,40,8,142,244,117,143,115,156,57,28,79,31,24,151,9,29,3,164,126,78,127,251,129,58,49,180,17,160,79,126,188,99,150,46,12,13,240,114,241,49,201,38,164,212,218,166,58,87,157,102,212,207,167,6,197,224,52,167,143,110,39,96,0,205,28,184,245,56,138,46,224,62,220,34,164,27,131,191,25,220,84,226,239,129,60,56,83,47,29,118,73,60,63,30,247,141,140,235,88,59,215,155,241,247,143,197,130,5,147,185,172,185,137,68,231,51,64,227,239,172,9,199,216,157,28,60,172,214,181,214,16,130,4,39,53,225,87,142,61,225,187,10,169,41,180,25,201,253,247,133,145,113,241,212,14,196,241,204,205,37,238,213,209,180,229,255,0,223,88,2,73,80,28,185,165,81,78,186,152,60,230,65,48,225,189,142,30,38,14,191,84,42,115,225,64,140,199,244,76,98,121,60,44,211,199,231,24,166,169,16,29,131,106,184,137,24,160,9,162,83,174,31,156,140,88,3,36,119,172,136,214,160,212,83,243,205,198,229,224,74,24,80,56,94,65,120,112,12,110,197,208,8,244,66,58,112,13,162,161,84,238,32,179,207,28,248,199,192,0,209,220,4,84,19,82,235,243,30,231,29,130,26,12,16,83,254,153,110,51,200,139,180,46,129,250,158,48,127,146,21,39,132,187,99,207,58,12,70,136,25,176,187,60,108,156,56,190,88,20,64,74,61,142,30,241,74,148,45,96,168,105,45,219,240,239,28,41,175,1,80,147,103,168,24,150,128,199,65,183,103,52,44,230,63,24,217,106,160,174,188,70,188,55,142,43,1,91,158,32,177,101,159,63,88,36,234,229,135,75,28,111,120,70,128,193,159,156,99,69,55,156,6,161,217,207,25,180,12,89,94,48,170,59,67,31,183,26,8,233,216,250,192,94,184,83,214,216,144,42,58,71,178,184,168,52,72,104,14,51,105,184,41,220,211,140,52,65,105,174,119,141,37,255,0,46,0,0,108,83,235,55,91,59,231,231,0,50,31,253,230,128,232,92,50,244,45,23,157,184,202,17,90,28,59,198,230,118,78,125,228,90,167,116,183,0,0,13,241,158,37,167,143,156,228,79,46,253,96,14,64,138,59,187,192,39,102,221,249,140,121,184,16,71,134,108,206,211,155,243,138,144,82,219,245,145,255,0,5,141,160,154,245,240,96,33,90,237,221,219,141,218,105,19,227,140,27,5,52,125,184,40,4,84,143,24,212,89,219,207,179,16,192,192,169,255,0,120,48,68,4,90,27,227,37,140,156,12,235,18,153,86,236,28,226,137,33,52,109,193,204,52,239,20,170,52,91,213,112,21,2,149,123,235,12,98,4,106,250,196,146,83,111,229,198,51,69,154,214,36,25,93,151,46,156,67,146,168,93,58,101,68,64,87,130,24,82,18,61,78,249,49,140,214,18,98,75,248,205,196,192,43,82,137,60,104,203,205,201,35,102,244,227,80,105,223,95,44,1,210,200,216,116,207,20,219,143,158,16,196,19,173,121,196,181,110,220,103,72,128,69,242,224,50,61,66,28,189,99,81,8,41,190,49,83,40,209,135,62,49,160,11,5,175,188,16,193,0,32,188,56,137,101,204,51,122,95,156,83,131,102,158,83,155,143,211,151,41,179,30,144,183,99,152,165,192,128,152,17,222,247,250,49,20,107,125,183,163,26,149,176,253,249,192,24,168,74,232,113,227,8,97,138,139,10,87,188,49,16,42,42,225,211,52,13,3,78,53,5,103,6,12,132,74,27,239,60,6,150,252,105,248,175,231,19,42,202,31,46,207,56,164,130,170,163,203,172,72,25,54,239,156,181,187,97,23,173,56,222,91,220,13,156,220,5,102,211,237,71,56,148,149,144,158,161,130,49,101,13,178,202,250,198,209,212,235,190,204,45,107,129,14,60,98,64,20,40,215,193,132,41,73,164,53,196,236,48,163,225,187,152,215,237,241,57,53,190,115,255,217]},"availOutBefore":16384,"availInBefore":0,"inOff":52502,"flushFlag":0},"_outBuffer":{"type":"Buffer","data":[142,209,134,149,43,182,180,54,241,216,157,130,102,38,80,152,6,187,113,89,110,170,45,217,114,235,92,110,81,164,81,195,211,92,8,62,88,97,108,14,196,93,195,115,2,217,61,42,135,237,16,8,20,125,57,220,76,88,11,61,233,15,71,2,41,44,186,79,1,164,207,26,29,82,106,142,9,146,78,73,178,155,79,176,76,121,229,54,74,207,131,107,76,210,77,144,244,24,138,86,125,65,26,250,166,62,48,208,34,184,90,6,138,123,112,103,109,208,89,148,201,237,239,244,235,130,3,173,140,38,2,197,36,129,106,148,198,208,1,186,174,63,136,146,39,33,189,9,64,9,207,185,187,108,135,165,85,107,40,208,181,152,186,215,141,86,74,233,77,192,68,13,64,80,50,131,223,33,214,75,188,49,0,64,173,185,231,53,56,53,234,30,85,12,238,88,127,128,212,100,66,47,209,59,41,182,113,95,106,253,98,32,37,120,45,146,104,228,130,98,234,210,136,37,162,204,143,16,144,7,81,176,171,171,244,199,144,50,29,173,196,27,50,40,100,197,181,14,31,253,59,92,18,109,208,196,30,42,25,21,0,137,94,79,145,99,113,108,239,34,194,31,216,25,114,124,44,59,142,110,51,149,143,210,101,113,197,210,138,204,134,248,158,214,200,244,45,198,20,109,249,129,68,63,29,98,5,84,9,253,163,229,210,204,49,137,244,176,236,180,46,16,119,189,25,62,134,170,202,28,167,208,213,71,240,44,226,162,115,71,202,29,51,118,114,128,250,75,173,179,245,57,173,41,234,22,204,245,224,142,190,128,133,177,247,172,100,38,90,189,128,35,196,252,24,191,95,52,127,22,181,47,202,96,125,95,194,227,223,37,215,192,34,175,59,83,76,213,137,173,114,164,86,57,156,161,6,102,61,98,12,85,34,50,74,138,82,65,192,17,88,149,158,225,214,167,72,234,33,36,42,4,195,197,10,133,151,78,135,113,115,127,131,200,82,141,32,214,229,152,146,5,225,105,151,83,92,25,154,133,50,198,156,19,166,0,87,182,50,196,59,22,1,181,107,0,218,219,43,64,167,229,146,244,202,124,3,104,56,57,245,222,87,40,112,101,246,30,84,245,116,3,252,130,31,62,197,210,153,37,201,23,204,182,170,64,254,215,154,202,172,40,83,7,5,225,209,251,244,93,68,241,110,159,112,208,138,74,188,199,80,180,107,41,6,154,254,216,71,178,46,246,137,69,9,30,130,69,246,35,209,205,245,54,57,15,72,36,183,233,237,214,216,59,61,251,187,178,109,3,86,98,56,186,152,154,157,170,98,177,102,128,151,38,80,83,66,89,46,232,4,9,28,139,185,133,50,61,252,176,39,80,15,36,132,82,128,190,198,11,22,244,90,123,101,111,143,239,176,111,197,250,197,132,245,204,49,230,28,142,107,239,246,181,107,227,153,73,65,93,141,33,149,218,180,33,219,168,204,74,246,207,242,134,87,166,173,151,190,231,172,217,103,81,88,131,148,80,175,213,74,138,33,181,150,183,6,1,191,187,231,113,178,84,10,92,201,40,186,121,95,176,90,21,110,201,220,78,8,100,6,129,236,202,128,99,18,88,56,99,148,8,124,77,139,96,255,102,163,165,18,22,55,89,108,57,85,195,186,116,127,22,84,244,20,210,116,110,185,86,46,172,149,185,132,164,161,98,8,134,246,66,187,47,168,87,227,206,247,115,230,139,25,125,113,38,60,202,10,138,107,74,141,200,179,92,20,32,155,209,145,19,128,198,205,145,209,92,157,166,72,148,86,115,177,169,190,250,61,176,7,126,32,121,134,129,173,126,227,4,181,56,144,234,34,243,41,155,73,195,22,250,82,251,44,140,80,244,223,76,76,57,200,119,233,55,16,73,73,95,14,70,216,132,248,80,253,168,18,178,80,157,231,92,255,153,119,224,221,102,122,150,250,157,249,253,246,218,226,16,177,233,145,131,46,50,238,112,63,143,127,148,35,162,1,62,251,196,96,96,69,65,149,184,1,226,90,52,236,148,22,114,200,191,83,11,59,53,1,88,65,133,128,39,147,118,39,255,159,89,232,119,64,98,148,20,113,61,228,85,39,49,52,183,205,14,152,201,164,176,174,26,95,254,117,243,61,63,68,158,243,240,54,193,171,135,135,29,193,127,240,142,185,127,140,203,117,164,80,116,61,200,240,80,253,82,251,18,27,61,23,246,109,120,210,77,234,196,29,86,102,214,99,1,5,37,110,51,49,103,49,237,187,146,2,76,84,94,85,90,96,182,254,68,10,144,114,92,78,221,237,84,92,18,37,92,224,210,133,57,251,156,46,205,194,109,112,10,201,233,16,111,219,188,141,184,205,119,156,124,195,39,211,237,60,124,193,242,0,93,21,223,255,190,199,116,167,66,206,163,178,80,21,128,179,12,105,121,33,132,108,151,20,50,79,210,248,60,174,174,56,244,108,140,48,80,139,212,217,175,31,154,228,67,21,183,185,234,34,245,59,162,231,192,192,50,73,124,28,169,221,232,93,129,75,241,142,167,189,35,128,202,73,5,84,110,11,222,21,125,63,185,164,195,104,30,80,161,176,36,199,29,18,235,130,62,136,117,91,93,31,101,151,174,63,5,170,77,122,74,61,206,93,153,226,58,42,148,230,89,72,143,160,8,101,6,96,7,197,115,46,104,9,110,27,141,218,209,132,171,121,88,168,195,155,86,222,201,135,139,11,85,14,84,106,193,99,199,238,102,215,164,249,8,14,149,143,208,77,95,197,92,50,201,86,205,252,114,230,81,202,64,189,29,98,148,24,27,230,140,233,135,44,13,128,71,73,164,226,232,24,18,145,238,55,24,151,84,232,125,255,132,22,206,6,214,198,199,197,12,31,240,194,83,117,54,139,129,182,53,154,169,222,173,133,18,85,158,136,55,43,143,187,255,198,214,218,111,4,229,109,240,154,139,143,245,78,71,88,157,91,189,241,248,180,76,113,218,157,18,0,172,41,26,25,32,243,65,187,201,22,57,93,23,36,177,247,166,198,235,218,183,49,226,151,186,12,253,240,250,89,151,129,84,223,178,219,95,36,64,213,114,74,55,28,253,147,166,177,111,66,179,126,239,214,146,182,7,18,181,138,152,230,187,39,51,244,179,180,116,64,107,249,94,244,235,158,202,18,67,93,139,237,162,28,39,55,149,187,80,115,86,230,252,1,251,93,219,46,26,209,65,149,32,173,214,13,14,90,156,54,83,234,208,101,26,154,141,55,110,250,227,253,15,80,44,190,34,228,240,42,108,70,14,160,165,158,39,11,195,55,134,230,38,253,109,130,162,6,20,100,108,251,4,165,44,91,238,32,190,212,75,48,182,41,129,88,249,153,167,231,122,174,98,179,172,239,199,75,194,159,152,25,187,222,60,86,165,195,142,62,189,74,50,101,75,102,44,166,131,13,111,247,100,83,30,149,185,243,9,197,108,168,142,30,6,243,253,140,249,157,210,247,79,108,71,27,172,193,128,21,187,34,226,243,192,150,5,59,52,180,158,104,107,26,192,48,97,159,228,251,70,190,168,191,103,144,239,115,194,198,10,16,64,74,173,179,110,203,14,96,63,17,139,124,228,30,167,62,50,135,239,65,145,240,177,27,62,212,51,97,158,52,44,13,95,134,227,102,33,117,145,214,61,199,207,71,155,251,54,227,246,104,87,231,115,191,68,197,255,78,219,112,236,30,82,87,136,192,201,190,147,213,44,237,212,196,241,47,66,91,182,253,154,94,71,74,252,97,142,130,225,94,95,19,242,13,157,190,170,107,165,54,93,250,174,117,153,115,104,41,105,216,150,229,187,215,89,91,106,108,1,167,117,65,230,215,93,115,194,150,72,196,116,3,47,147,232,238,223,222,213,71,69,54,51,214,186,178,39,3,195,155,41,94,113,94,169,157,200,199,223,139,144,241,172,234,100,112,196,31,164,63,10,167,201,243,53,185,87,186,3,46,110,40,71,76,109,53,158,247,11,87,140,45,111,189,13,228,172,69,115,3,150,149,22,38,86,11,74,41,224,110,71,206,171,238,5,30,67,200,7,0,82,113,255,24,112,141,93,201,57,215,163,191,125,218,71,55,52,183,131,0,29,81,88,21,124,234,100,105,209,52,171,92,38,208,115,158,68,10,38,57,240,193,15,47,47,95,107,34,255,112,169,71,4,87,208,0,24,46,165,34,223,188,235,105,46,77,92,183,95,222,193,198,24,237,77,98,53,246,130,160,218,205,50,162,198,186,18,90,98,154,230,129,86,18,31,79,188,141,40,92,195,122,78,249,6,118,117,230,58,72,88,200,207,245,165,181,143,247,243,92,197,145,21,33,138,159,44,231,77,4,78,77,242,55,171,195,131,138,86,71,142,27,147,30,52,100,247,70,100,53,21,164,130,68,240,89,10,194,53,93,255,29,97,65,126,38,192,239,44,1,169,181,118,194,120,129,33,220,79,57,227,54,195,58,138,180,99,32,164,215,189,88,196,149,206,98,161,86,86,210,246,165,163,55,13,62,181,70,112,169,78,231,132,166,155,238,239,153,241,156,169,229,207,154,247,104,63,116,233,82,227,213,63,128,147,115,29,21,38,122,158,167,134,234,196,146,131,185,226,224,134,120,67,185,205,63,215,50,164,2,18,73,169,83,130,150,169,135,98,75,219,63,203,197,197,64,110,77,13,242,249,166,240,7,214,78,131,11,205,162,109,154,133,196,238,243,88,226,218,211,125,1,163,64,89,151,116,232,15,111,190,154,118,171,255,186,18,59,86,157,106,207,116,167,249,98,240,54,93,35,224,215,237,187,52,230,202,71,85,45,192,25,212,52,37,254,232,101,231,225,183,161,46,127,185,169,34,75,250,121,166,218,164,74,55,45,127,139,191,184,214,241,224,145,157,85,247,55,237,45,29,103,98,132,245,95,157,152,130,189,109,242,246,14,238,64,47,110,3,87,4,108,12,102,151,177,35,78,56,151,254,69,82,182,82,83,254,228,211,238,147,47,50,15,18,24,203,132,93,0,234,202,161,134,228,250,251,31,78,123,147,223,131,12,196,25,41,181,177,21,197,181,57,173,197,33,222,25,159,145,112,112,200,82,131,29,82,228,128,29,17,79,89,130,225,110,97,33,170,111,118,3,69,5,149,169,67,250,90,231,200,173,71,38,199,135,53,182,5,11,110,54,45,180,103,246,138,56,37,71,32,210,183,63,200,164,18,186,231,55,214,179,134,243,89,254,82,47,88,74,68,44,236,223,199,16,219,148,22,93,92,118,235,207,223,226,218,149,164,44,249,236,61,218,171,191,95,82,238,89,219,174,37,72,20,44,70,91,87,137,51,112,27,70,104,25,189,210,103,237,151,176,9,126,32,99,224,31,177,148,255,38,234,209,38,150,213,92,160,135,140,247,154,132,225,224,188,126,228,51,106,23,178,81,88,235,222,17,81,57,5,92,66,142,105,237,106,177,221,175,242,143,188,53,159,56,245,144,29,41,53,50,71,85,104,232,205,187,239,38,178,200,75,173,184,209,217,78,117,229,68,104,58,226,220,167,246,74,226,196,1,153,207,234,158,101,162,207,37,88,17,16,40,135,14,16,54,132,178,249,160,187,55,114,14,44,170,101,192,250,13,60,104,21,160,191,82,129,238,223,95,192,67,36,53,163,68,190,124,56,165,103,36,243,36,107,48,185,161,163,213,73,181,203,54,119,80,112,181,106,92,54,74,165,17,76,71,56,219,148,104,68,40,155,115,196,202,169,5,159,251,118,41,248,64,171,179,109,117,210,77,64,204,222,40,116,62,187,221,148,64,32,148,3,222,153,228,44,126,95,206,75,222,160,186,235,18,134,5,207,122,243,96,39,12,90,73,152,206,157,115,76,130,250,186,181,153,91,140,210,75,178,58,192,38,84,55,183,87,154,55,3,77,249,251,207,247,215,186,115,161,244,51,92,216,52,130,19,32,179,165,229,82,12,24,242,238,28,138,58,228,43,213,161,95,22,127,59,134,117,67,173,110,7,39,2,39,129,117,217,165,182,236,167,91,206,113,149,239,187,218,219,142,129,95,90,188,16,126,237,38,224,84,98,195,168,130,178,96,114,36,90,19,22,114,201,124,177,77,49,109,149,38,185,161,108,184,65,149,144,59,202,216,32,36,153,133,98,127,59,104,226,184,15,226,233,63,218,185,153,66,237,91,17,80,248,69,125,42,88,100,149,231,234,54,197,29,6,242,6,46,234,228,75,155,186,7,246,82,167,49,112,163,124,237,46,197,92,25,58,210,6,196,156,148,162,213,97,145,151,207,178,33,21,69,218,39,252,186,176,57,170,166,88,187,114,210,224,145,194,115,232,200,127,97,50,98,82,155,199,147,61,117,216,150,183,225,41,84,102,244,162,168,185,167,225,83,222,211,28,72,255,197,112,140,117,147,253,222,161,110,57,216,82,3,79,111,102,216,19,238,121,94,29,2,255,238,153,35,202,39,162,46,54,240,183,153,86,56,69,17,42,77,197,146,49,218,111,102,108,49,201,87,125,43,132,43,216,224,63,156,107,86,194,21,136,138,201,143,83,144,72,68,11,48,183,1,30,205,67,131,251,12,66,169,74,61,4,63,100,69,20,62,250,41,191,250,98,190,62,156,46,188,205,237,146,192,66,201,94,156,194,181,251,190,19,151,41,196,78,55,28,160,189,179,166,63,123,29,224,117,188,19,56,205,105,215,229,171,70,72,155,120,127,234,76,98,135,85,191,67,113,3,93,147,3,206,107,190,160,205,164,113,189,2,70,3,243,139,219,38,102,26,17,196,169,250,21,5,75,20,123,157,0,48,181,79,23,168,134,245,135,11,30,218,82,184,82,19,205,191,83,168,115,155,1,78,129,248,144,173,80,90,210,166,30,182,183,144,11,122,230,107,44,107,123,144,226,135,218,226,61,3,22,103,146,225,199,41,185,175,67,87,184,55,164,104,140,65,205,218,99,4,35,226,239,176,229,163,155,32,155,88,177,186,11,45,175,78,250,154,8,36,102,110,64,35,219,92,16,206,21,191,48,156,115,24,10,184,167,198,54,53,27,125,209,194,199,30,20,36,39,246,203,23,141,117,207,203,147,198,120,95,160,47,250,172,245,225,4,168,84,192,164,71,14,55,63,81,80,252,218,174,3,12,138,35,60,160,252,82,218,234,127,175,182,187,196,23,60,230,76,224,145,4,6,109,59,46,7,79,69,180,18,12,179,137,126,150,108,233,194,211,138,156,42,161,142,247,100,56,174,71,154,82,117,142,135,178,192,145,76,98,204,107,178,169,17,73,41,98,7,157,75,217,160,137,159,54,234,53,223,127,133,60,204,107,229,111,152,48,212,208,194,179,146,81,48,54,100,5,127,30,21,55,192,167,189,69,62,33,248,213,244,217,102,228,72,222,225,38,40,152,10,198,200,50,202,209,238,68,80,133,227,47,73,58,108,116,103,162,201,37,85,227,41,132,5,193,249,52,172,179,143,64,124,182,205,54,93,10,46,238,217,116,39,159,126,27,243,0,91,173,144,0,111,186,174,154,86,223,38,28,21,168,214,197,187,237,216,124,167,17,90,152,57,212,92,151,240,6,205,32,203,163,216,242,153,173,69,76,37,146,193,4,188,131,40,107,48,173,18,144,223,20,255,9,21,150,134,152,29,214,165,48,69,119,63,244,224,4,233,223,235,238,180,169,140,65,147,19,165,146,70,34,3,103,123,87,51,210,155,7,182,76,99,210,63,59,211,123,81,5,3,229,203,194,90,23,130,168,119,44,173,62,240,125,62,118,164,55,146,224,230,242,53,36,162,135,167,185,65,149,35,81,65,212,208,187,70,242,246,225,226,187,12,79,231,132,45,204,59,57,157,47,207,172,19,215,216,76,201,105,106,200,140,100,120,126,208,13,241,143,138,29,0,91,62,167,34,70,52,9,57,88,112,181,66,10,186,112,191,33,125,60,145,117,38,32,51,204,54,43,90,44,254,177,12,31,174,104,157,125,210,78,203,145,76,52,205,236,128,31,69,113,150,108,144,106,90,163,238,102,249,197,59,174,28,49,226,137,48,135,70,72,32,166,227,198,31,46,252,55,147,82,206,157,127,137,208,182,52,134,231,57,94,182,81,233,211,143,25,122,129,66,73,69,217,18,177,26,24,129,119,184,85,222,33,34,81,66,34,238,91,235,157,16,173,157,172,126,146,161,116,170,181,21,199,213,213,41,89,127,191,13,9,81,178,252,92,229,138,149,1,21,143,163,107,134,219,237,192,202,2,32,251,80,14,128,35,122,95,2,93,54,50,0,53,160,102,30,173,129,102,80,192,23,90,166,60,127,226,28,107,212,85,21,39,217,121,150,109,178,32,234,189,166,37,203,187,209,133,238,46,32,177,233,19,255,178,11,21,193,109,95,20,251,178,13,45,157,157,198,241,189,214,28,32,238,188,44,208,189,192,30,89,206,175,189,210,62,250,220,87,154,54,9,188,5,4,188,181,242,114,193,179,44,75,199,135,187,164,139,111,59,18,85,86,249,82,19,219,141,28,214,20,184,214,23,97,184,64,66,52,218,131,212,43,123,72,43,57,210,167,88,10,69,205,155,109,227,186,201,181,122,129,101,103,133,181,165,132,176,144,236,181,45,45,131,147,161,105,213,110,110,197,73,244,47,145,82,188,79,214,176,51,187,215,220,89,79,103,233,96,233,69,249,39,208,213,134,250,163,62,182,217,40,239,173,85,24,45,172,169,59,148,214,205,1,135,243,209,103,155,110,2,252,31,99,101,7,247,9,129,228,230,36,209,69,213,99,222,232,191,140,140,92,246,238,63,122,213,3,71,44,5,30,69,194,148,103,98,166,218,188,231,57,147,202,28,36,204,77,150,56,98,162,111,239,24,156,105,165,94,156,24,134,139,150,115,101,21,213,30,231,52,110,221,42,119,47,3,39,165,32,150,114,0,235,79,134,35,200,26,46,3,137,161,250,125,244,100,84,23,62,250,111,108,75,154,210,221,176,8,186,2,93,32,93,213,195,3,83,205,26,139,154,80,175,218,229,241,50,120,212,228,188,237,30,160,227,104,136,156,88,183,4,153,93,156,24,86,246,160,156,72,75,84,157,250,65,34,32,180,102,197,251,237,189,200,64,140,78,206,68,173,249,165,237,154,60,243,219,50,159,238,137,43,212,16,180,79,208,88,61,231,87,54,104,227,246,214,109,164,2,225,185,163,16,241,150,222,187,181,121,20,164,222,30,226,149,206,182,21,215,46,172,246,235,201,93,167,60,20,172,131,187,49,212,215,12,79,140,151,28,7,133,76,180,205,236,222,253,217,139,206,177,31,187,141,156,173,81,177,98,104,241,144,232,230,210,92,132,144,32,194,22,154,134,250,100,135,105,109,83,194,195,132,25,84,226,102,63,24,10,91,113,18,125,5,150,185,68,33,181,134,69,41,18,20,0,183,140,133,239,186,133,21,231,210,55,0,155,227,124,111,76,237,185,216,3,154,250,132,9,251,188,33,242,174,161,51,71,228,198,71,174,106,163,66,203,62,66,255,190,189,109,118,79,232,148,163,245,162,212,179,49,174,129,233,203,169,16,39,95,134,151,101,174,144,219,163,105,202,103,249,103,143,237,126,24,202,103,124,101,215,156,206,89,232,81,127,60,105,248,225,32,97,18,27,178,249,95,71,50,253,152,99,43,19,157,46,47,25,252,206,100,45,0,116,50,254,67,224,195,147,94,155,0,166,242,211,57,180,72,169,171,245,185,63,35,37,3,104,203,168,237,174,198,102,168,169,180,148,221,97,255,23,205,238,138,106,255,199,203,226,2,82,9,125,189,31,75,153,78,200,44,53,170,154,121,124,139,182,43,56,213,103,68,25,191,222,59,255,49,221,110,164,109,169,208,133,119,239,2,105,188,43,56,210,63,101,186,202,197,216,93,46,176,119,86,14,75,129,189,55,239,123,88,207,41,230,98,11,118,132,159,139,13,172,72,233,2,59,143,123,76,143,61,185,173,196,169,177,200,124,136,248,87,130,143,14,18,126,191,91,71,25,254,139,102,134,193,130,128,167,58,241,20,167,129,218,60,169,38,12,239,190,88,111,30,122,140,31,20,103,58,217,134,49,185,87,125,93,209,251,5,136,178,181,119,100,21,79,234,57,137,194,200,95,23,141,92,134,254,201,63,13,241,93,217,90,191,196,102,92,107,77,131,138,98,15,97,40,16,73,198,74,171,136,75,20,227,250,253,168,223,57,57,75,73,196,26,207,140,11,132,241,113,189,110,0,153,225,150,164,208,156,98,165,109,100,254,228,181,10,7,221,222,57,11,163,219,239,99,171,138,184,121,163,235,53,72,128,126,159,169,213,51,8,233,8,125,162,49,151,89,23,63,107,51,76,255,32,239,144,13,35,109,144,131,86,127,24,240,103,30,124,9,148,172,28,168,5,16,27,70,82,184,118,135,28,199,241,99,24,163,141,101,56,181,79,123,78,137,15,145,164,205,153,151,209,216,153,186,21,38,155,14,81,186,93,63,153,94,242,161,186,66,126,78,205,75,89,251,160,167,128,79,237,187,157,39,212,199,45,38,104,33,204,143,39,65,121,144,22,226,149,119,12,39,252,246,82,211,226,102,249,149,250,151,197,179,219,194,188,93,184,156,203,82,254,34,184,228,180,227,125,196,128,209,243,188,50,106,11,35,143,252,21,126,152,129,225,3,109,94,255,52,143,138,5,30,99,229,26,51,23,211,200,99,179,134,126,69,138,73,43,248,208,130,223,113,55,184,219,104,24,157,141,66,122,180,129,210,226,115,247,208,211,43,187,212,45,29,189,24,52,51,138,112,252,29,77,191,54,233,158,90,180,109,84,210,14,223,228,112,141,117,232,205,101,152,12,66,183,102,82,76,233,177,16,56,233,25,211,115,47,124,191,105,151,54,147,138,90,40,239,1,138,179,156,51,95,118,229,231,4,182,171,164,170,187,92,172,245,49,78,88,114,192,0,113,42,99,219,217,231,250,137,7,201,115,209,194,30,66,232,46,42,226,221,255,196,100,135,185,219,161,254,158,118,1,23,199,251,25,73,168,5,207,19,129,199,82,17,150,177,168,8,114,186,212,224,253,148,175,100,84,53,85,181,155,184,221,28,69,175,100,13,60,20,48,57,98,113,14,102,178,153,166,37,172,51,163,118,14,239,94,34,61,32,134,207,245,99,163,177,243,57,46,191,109,217,234,194,36,169,12,32,43,196,169,44,165,199,58,101,2,132,80,13,124,40,140,47,176,166,201,229,140,163,90,79,166,121,87,197,199,54,129,209,246,123,25,242,130,95,244,160,115,107,156,202,116,75,3,65,45,26,250,124,192,40,29,68,219,113,207,12,143,242,6,232,3,127,118,167,129,171,19,140,111,79,207,129,150,50,234,7,63,171,1,163,54,151,64,86,142,45,128,202,245,183,86,0,104,157,247,168,191,49,83,69,194,253,202,208,238,206,86,191,44,134,197,127,68,97,21,0,33,97,240,169,245,171,244,214,113,253,14,253,94,106,39,228,245,156,225,73,75,92,238,224,5,68,33,229,244,211,96,80,177,143,14,128,222,180,53,145,2,133,203,46,146,179,232,221,217,182,106,213,212,34,175,202,188,178,228,211,45,204,229,45,118,204,9,198,150,188,43,200,148,185,141,252,110,37,47,99,89,162,69,157,254,70,114,232,98,231,125,139,157,0,4,227,214,52,111,118,140,51,89,103,24,198,226,194,71,6,179,208,210,42,186,56,90,72,131,42,128,67,163,109,192,25,217,83,131,157,97,119,21,235,50,94,147,13,106,117,209,70,146,165,47,253,26,202,213,10,48,21,46,161,138,168,13,229,31,110,32,47,145,247,129,202,124,26,191,140,92,32,173,124,93,178,93,22,153,123,217,145,16,198,190,104,185,225,136,60,190,222,70,8,40,218,149,55,122,27,86,85,19,80,154,200,179,116,82,223,72,127,224,61,222,139,15,146,253,212,74,150,184,236,7,125,30,27,229,66,136,39,108,177,161,52,76,168,191,141,86,13,133,233,77,66,97,229,29,28,60,18,26,5,108,71,153,129,119,119,47,59,84,8,163,187,150,186,80,140,94,97,144,95,174,94,105,33,210,85,131,255,9,246,67,162,94,179,234,112,43,30,106,161,234,232,109,66,163,83,117,101,132,114,250,182,38,71,126,25,51,48,247,20,177,192,252,10,80,164,252,216,161,229,0,157,10,4,203,157,30,170,249,77,34,160,144,118,214,139,225,238,84,229,36,206,87,245,7,178,20,180,197,138,92,154,80,39,230,7,238,217,92,23,73,154,53,65,117,168,26,204,215,249,231,72,228,79,104,198,70,195,195,254,141,90,132,225,43,4,146,97,171,0,111,130,164,113,109,135,81,24,225,96,192,190,70,169,19,112,88,0,233,135,232,37,229,100,80,200,28,126,69,155,157,229,240,44,114,192,84,206,133,35,10,223,132,139,231,175,130,241,12,212,12,157,189,102,176,96,78,39,74,185,40,238,253,245,135,88,208,90,136,52,141,2,0,112,18,183,232,152,11,208,251,144,152,160,236,138,25,244,217,67,125,101,209,149,98,75,21,18,112,161,33,202,95,189,240,66,156,5,70,186,220,0,6,64,249,191,111,143,39,233,142,169,213,74,69,85,43,163,234,28,159,128,228,184,243,209,224,156,4,109,199,166,120,92,22,134,197,149,30,88,47,224,98,50,77,23,175,210,193,192,82,235,26,128,49,119,90,236,160,30,89,48,163,76,3,136,111,117,49,233,19,159,66,1,56,85,111,160,215,88,27,70,185,214,128,8,175,133,196,164,103,244,67,43,90,187,156,154,49,117,255,97,77,167,150,79,141,251,139,51,8,223,226,61,174,54,64,109,74,104,163,108,145,143,155,101,135,30,95,155,131,28,29,217,12,79,164,149,174,87,97,74,198,100,7,2,254,30,121,166,9,226,103,172,237,169,187,151,136,38,220,84,182,186,154,226,2,183,200,236,199,21,40,63,57,25,239,119,31,212,6,139,78,56,103,90,4,1,14,133,169,61,62,49,164,220,234,0,65,167,101,143,104,184,93,198,124,111,92,63,23,75,234,137,226,13,55,171,45,240,40,166,106,226,117,37,155,188,195,236,155,20,6,187,194,230,99,76,16,28,30,149,240,244,40,77,174,20,200,192,104,72,186,208,14,204,9,72,142,213,36,252,60,208,145,82,84,83,22,167,21,50,81,70,156,242,58,8,95,150,206,181,32,15,119,235,229,144,107,194,27,157,190,38,13,225,171,135,215,66,18,190,227,109,210,185,220,125,14,169,139,122,224,215,122,214,138,109,251,14,122,238,137,229,138,138,207,64,90,204,133,171,75,68,229,129,214,100,24,107,61,134,197,137,184,69,12,243,32,212,248,71,103,107,253,145,115,108,94,234,246,125,161,199,233,207,26,100,165,233,98,213,94,248,63,167,113,131,3,30,55,194,238,252,188,140,49,217,116,171,24,136,86,205,92,129,116,220,238,52,189,209,0,126,135,157,114,20,71,23,198,107,183,23,160,102,129,196,222,218,84,248,211,190,6,17,194,248,157,187,72,206,217,159,5,72,13,168,138,230,97,0,64,126,254,87,112,34,196,41,63,244,43,179,165,31,190,46,245,200,103,54,245,239,236,15,72,161,121,103,19,164,34,194,0,114,129,131,5,218,231,165,47,198,42,194,14,193,33,92,191,240,41,227,207,236,75,85,161,29,95,39,6,175,131,79,250,236,181,161,14,79,227,16,31,118,199,3,94,139,71,218,101,59,129,167,59,183,184,147,183,63,30,173,163,44,65,232,61,74,20,147,186,48,87,89,69,22,223,56,26,33,171,252,68,90,139,188,132,204,14,44,120,0,162,54,133,79,249,169,252,184,231,185,120,136,15,29,134,138,91,235,60,107,252,13,160,85,193,127,201,119,119,52,238,27,192,45,207,59,248,189,175,119,85,127,137,185,247,135,177,153,195,2,224,41,31,179,73,49,194,66,57,10,57,9,232,234,248,209,95,35,188,118,169,39,254,113,32,93,103,44,0,47,188,198,224,6,57,52,41,19,176,173,178,222,52,214,33,147,158,69,95,129,168,31,187,0,217,38,252,147,120,127,220,69,114,103,69,242,61,3,59,125,232,43,61,83,53,244,48,101,99,127,17,31,251,174,72,202,24,187,167,169,104,46,246,172,165,118,11,134,233,216,225,77,237,6,4,20,145,195,176,43,96,245,196,255,80,17,58,216,10,173,190,23,90,121,193,2,106,170,92,47,102,182,225,140,144,161,66,163,65,98,24,139,132,245,91,70,67,231,12,249,35,127,248,29,199,20,135,151,75,164,191,54,70,208,186,229,140,114,31,114,11,169,125,61,54,190,65,221,76,74,17,100,16,227,200,61,96,194,147,42,19,22,237,160,102,85,180,53,244,155,56,228,77,196,125,101,147,211,105,217,183,112,131,189,70,145,144,216,67,10,214,197,199,69,81,190,243,181,8,61,112,124,188,30,28,213,40,40,168,112,71,61,97,197,180,136,140,33,14,137,116,211,207,5,18,71,205,216,33,65,94,134,195,234,7,30,141,8,212,225,169,174,246,27,16,137,152,174,199,87,14,5,75,21,22,242,214,88,3,6,198,176,64,85,32,161,134,208,110,176,253,69,132,129,250,123,100,54,73,77,151,35,0,128,142,8,232,110,236,19,76,125,102,3,8,171,184,184,240,82,7,174,140,37,168,180,83,81,248,53,99,20,242,159,31,89,137,158,128,56,113,40,67,1,126,249,224,106,238,201,74,138,222,9,167,161,62,97,0,27,238,18,108,224,86,138,147,159,62,14,240,135,107,14,184,118,3,55,123,173,38,238,114,18,27,79,115,237,243,45,0,38,171,117,162,17,226,244,183,80,148,67,248,213,42,74,110,171,74,189,6,234,215,142,57,32,49,179,211,193,213,44,238,230,128,239,150,124,121,89,229,210,189,45,15,203,19,237,105,217,80,66,176,150,122,24,125,158,127,63,70,223,187,147,180,39,159,82,17,48,185,238,173,186,88,90,252,63,138,209,152,55,52,24,128,126,48,6,150,166,153,192,48,229,231,155,154,249,149,57,98,218,135,215,117,225,62,76,133,15,209,128,247,104,244,143,133,232,75,134,229,1,55,68,244,105,133,61,94,254,88,194,95,178,88,67,234,172,7,187,214,237,186,70,174,215,229,195,82,137,150,109,153,235,183,147,242,178,46,8,171,157,144,167,217,16,10,160,96,234,180,100,104,94,179,79,61,250,130,223,224,194,97,125,185,22,58,199,205,5,205,151,140,216,244,61,28,132,55,187,230,229,48,47,177,129,180,151,128,130,150,76,9,91,146,34,211,94,175,188,141,39,67,101,28,30,60,217,10,24,60,2,61,165,252,186,3,66,229,129,188,182,162,68,174,196,94,48,35,64,171,118,3,247,121,19,71,42,99,188,177,231,60,114,198,209,63,14,177,137,32,183,153,25,167,249,57,134,222,181,177,85,243,175,137,116,243,48,64,111,141,183,143,191,194,108,248,97,87,159,194,219,100,118,153,46,154,253,204,208,155,232,243,27,57,150,62,97,244,165,22,109,250,233,15,208,54,204,17,232,228,5,208,91,213,75,113,139,217,111,134,189,22,194,103,71,241,246,227,12,163,130,242,40,40,248,166,33,154,193,59,232,45,173,120,92,212,148,168,59,122,203,151,72,142,54,170,55,141,71,247,167,86,138,169,106,56,143,170,234,219,82,247,47,117,51,104,121,33,189,91,77,103,186,165,254,34,100,27,231,7,60,122,44,147,169,252,232,242,46,107,67,54,187,116,255,12,151,70,27,142,117,68,101,43,219,229,211,73,234,150,221,18,185,123,28,158,252,211,107,184,201,236,83,123,66,144,9,65,189,93,13,105,20,53,145,255,185,185,241,229,114,97,238,217,203,185,61,250,55,250,107,55,22,37,169,78,24,177,61,182,171,15,61,47,97,73,210,36,9,226,64,148,195,171,119,54,118,156,33,37,117,194,250,157,188,134,74,119,112,91,67,244,41,137,100,187,247,158,159,108,90,68,91,113,94,162,22,172,2,39,217,149,242,95,70,129,171,245,84,6,183,202,33,135,186,126,81,232,138,133,136,227,41,115,145,44,244,154,80,126,11,206,230,13,130,153,236,4,49,202,33,79,207,36,6,199,188,5,177,201,50,41,143,169,222,69,121,11,243,248,113,25,182,25,227,221,229,23,240,145,233,135,201,236,199,40,217,185,234,166,235,88,236,55,69,126,162,233,249,249,89,34,58,30,206,115,185,5,1,175,16,228,146,163,169,17,172,83,202,114,75,181,192,208,115,153,183,121,44,60,177,123,215,202,139,149,43,187,26,228,135,41,233,137,35,71,234,121,201,34,85,233,144,252,109,127,156,116,49,119,32,171,133,137,16,185,201,104,100,119,177,37,46,217,184,8,159,127,254,196,195,21,243,18,62,51,44,60,219,236,161,253,129,8,154,180,69,44,79,97,82,114,219,30,143,144,174,28,144,238,133,205,6,157,69,174,66,44,209,59,117,151,39,116,12,132,66,151,2,238,7,117,33,53,159,119,48,65,216,97,248,138,143,18,50,119,33,151,253,94,154,48,100,154,186,70,130,55,16,188,208,177,94,9,21,95,56,36,234,254,53,252,95,170,166,117,94,197,153,166,165,120,85,255,134,173,180,106,93,237,60,99,177,51,242,36,99,142,2,1,228,69,241,59,163,221,113,147,36,154,99,148,35,205,34,248,32,99,41,40,164,233,76,94,190,212,64,225,72,193,183,219,134,116,108,89,51,167,204,29,25,24,230,161,231,94,245,70,173,34,132,64,220,220,83,17,241,200,100,40,252,9,20,114,60,150,23,152,152,227,37,184,66,3,59,189,39,165,75,218,177,141,206,244,100,101,159,35,16,114,117,213,202,33,144,136,32,32,28,207,101,8,83,174,12,197,160,158,245,162,25,55,240,157,48,133,166,115,199,70,111,14,215,20,232,11,204,183,176,120,58,81,28,183,183,224,207,28,48,71,155,218,91,161,187,40,100,0,215,62,31,184,220,145,208,118,36,205,219,211,142,94,247,251,62,69,217,42,215,44,71,11,51,91,32,80,49,202,151,115,207,144,130,168,225,9,173,104,252,76,226,56,167,170,249,251,28,12,252,225,148,52,106,61,21,166,225,48,141,34,143,112,132,88,76,42,146,97,17,221,32,182,94,5,184,243,208,197,245,12,216,246,188,110,216,134,86,130,172,153,162,226,148,14,16,240,191,171,75,183,137,175,5,115,147,196,163,94,128,178,76,203,43,114,111,89,15,80,219,179,0,235,169,203,191,40,86,98,200,73,16,132,63,209,13,120,173,24,114,157,53,65,157,25,131,6,247,238,204,195,253,131,219,51,26,100,205,135,115,110,49,240,193,79,208,197,86,165,16,182,245,162,71,215,178,231,176,120,195,146,223,160,37,11,142,34,97,129,181,158,232,59,70,134,245,15,128,0,0,0,0,0,0,0,0,0,33,17,69,0,20,80,1,71,0,0,244,124,65,236,17,127,155,173,40,129,72,126,201,131,9,250,214,114,113,116,202,234,15,33,38,144,175,90,255,158,16,247,108,7,186,255,230,73,68,238,154,58,214,220,239,71,46,125,9,241,216,226,43,195,180,81,185,127,105,35,115,79,125,110,165,135,97,27,130,86,238,82,178,71,19,112,237,201,97,129,135,220,161,108,62,217,185,90,37,53,99,10,108,148,253,235,220,80,95,71,4,254,156,173,241,148,150,149,76,176,89,246,45,153,12,202,214,145,225,50,110,10,130,193,1,99,89,10,85,102,54,247,95,247,7,46,5,106,33,95,89,133,230,212,111,11,69,117,71,120,44,136,56,5,175,168,18,237,46,170,206,232,187,213,220,58,140,184,131,77,56,170,2,7,62,200,47,229,248,197,216,68,57,202,235,190,160,37,109,235,172,192,226,239,3,182,158,229,230,104,208,136,214,142,120,13,243,63,183,12,44,136,248,175,171,83,168,144,139,128,11,41,20,162,48,196,82,27,150,133,7,132,65,27,122,88,64,244,164,141,159,63,175,113,161,182,254,27,244,2,211,97,35,29,215,253,57,40,137,234,195,245,10,76,42,187,131,145,124,221,209,233,191,189,178,223,255,171,120,253,29,63,170,195,12,149,20,169,253,242,141,144,244,137,223,60,220,51,87,95,191,17,152,101,205,74,208,254,144,137,56,171,152,198,164,233,234,233,190,194,238,187,84,175,198,214,53,1,2,227,84,128,107,7,191,222,69,114,171,191,31,138,189,87,201,185,138,206,237,233,103,118,179,37,163,178,174,94,42,155,132,56,4,159,13,184,222,54,22,102,116,238,22,105,250,31,117,212,21,147,66,97,151,224,122,29,34,108,176,115,179,90,104,108,34,9,198,45,202,91,184,254,82,130,196,68,213,54,63,5,126,6,9,94,175,189,178,182,25,150,134,88,66,58,197,115,163,223,163,198,123,183,240,192,95,206,87,221,68,246,21,237,207,150,227,235,42,33,110,0,175,249,144,239,13,155,77,172,108,80,225,132,251,171,199,14,188,165,158,14,21,142,130,130,133,154,217,187,207,236,211,16,93,22,127,24,66,3,165,17,228,48,109,9,64,23,92,42,53,230,4,129,25,188,123,194,189,87,65,165,36,206,246,154,169,76,62,69,212,162,46,137,109,182,224,162,245,10,191,230,204,218,237,130,93,148,96,117,59,164,128,214,19,66,16,232,111,232,183,107,219,218,175,62,204,93,124,168,183,90,226,25,80,241,170,15,35,129,224,192,51,139,20,144,223,105,156,200,12,113,62,61,213,234,90,206,19,68,2,118,65,90,79,215,169,67,31,97,111,239,179,59,206,223,134,123,63,161,111,252,120,151,29,217,86,171,69,36,93,241,87,167,195,68,172,64,198,176,57,199,81,110,239,91,174,159,63,16,57,245,134,197,3,81,8,167,63,107,229,165,47,100,185,107,239,227,4,49,131,182,219,55,80,191,78,27,187,185,109,242,86,62,27,217,205,17,59,252,18,23,25,24,24,42,236,253,85,205,28,26,222,242,154,135,90,178,188,253,144,134,218,67,83,51,64,246,47,255,108,209,212,53,188,178,133,77,54,211,116,79,81,235,166,204,235,227,152,97,178,26,137,147,212,117,219,254,222,32,155,245,63,250,106,52,84,129,133,53,108,103,218,243,1,210,176,153,113,177,181,103,25,11,113,159,220,110,84,1,137,0,37,242,145,185,191,2,62,17,128,133,223,246,67,50,165,139,248,53,248,223,190,102,177,49,229,127,31,42,226,170,214,217,141,21,164,137,182,242,164,34,223,195,238,2,85,239,131,181,77,186,242,44,70,214,71,71,75,202,104,157,56,78,173,11,51,130,175,45,155,19,106,223,249,28,119,255,47,247,86,244,208,126,22,200,130,208,9,99,38,55,59,71,209,254,242,128,220,178,84,32,56,129,195,25,81,101,228,30,103,144,97,173,232,102,12,55,223,98,232,45,111,160,187,102,14,40,78,171,255,147,179,30,230,6,112,123,99,107,58,108,250,108,142,125,223,185,154,204,163,7,222,193,161,29,232,68,45,69,97,53,176,25,158,216,150,64,240,247,65,173,200,175,209,197,148,180,21,64,246,69,186,134,37,155,226,139,75,89,100,211,63,144,97,156,174,128,77,9,108,126,94,122,192,25,195,202,80,198,54,59,188,215,106,66,192,185,17,192,163,83,97,49,39,142,93,38,232,169,138,89,48,39,229,218,248,74,189,18,59,241,123,205,180,31,59,98,227,207,219,154,171,31,24,85,240,12,214,167,238,66,65,132,87,230,84,72,221,80,95,163,155,201,24,176,54,124,230,44,227,142,247,68,53,77,143,78,112,2,222,232,155,20,138,38,0,111,68,40,111,239,231,68,27,123,245,52,109,236,76,3,213,44,249,155,211,43,61,144,35,207,105,82,213,107,178,102,55,24,217,56,103,187,107,195,1,89,46,144,41,146,6,149,56,129,1,219,71,83,64,33,137,165,100,104,250,137,214,194,40,96,192,22,73,163,100,249,25,37,191,142,193,24,151,195,57,192,70,96,30,19,27,185,86,125,252,201,160,13,183,75,121,24,151,53,77,202,100,164,154,146,165,76,113,11,42,188,22,237,246,48,83,173,61,187,81,0,156,239,28,126,141,113,241,105,103,219,158,77,93,24,255,44,204,56,107,102,147,125,159,178,48,46,2,110,195,223,55,130,215,55,208,170,26,175,108,242,168,22,215,169,213,109,138,176,161,61,208,77,144,111,84,86,7,87,227,171,126,203,240,124,195,163,245,192,158,113,56,4,226,64,173,224,37,148,30,194,136,59,17,85,78,171,12,245,237,155,145,221,24,48,247,88,215,201,232,44,247,93,84,49,128,33,173,62,73,149,216,78,67,75,199,14,147,123,44,38,111,124,156,250,15,44,243,232,225,192,21,247,152,5,232,158,87,180,18,128,140,226,32,2,252,43,81,219,10,150,160,227,41,171,146,32,38,81,164,211,213,0,149,56,148,147,169,253,162,143,164,1,128,152,77,119,39,208,45,187,15,224,33,132,18,180,82,218,131,166,153,229,38,69,243,98,27,244,26,101,129,221,236,68,47,60,46,167,136,46,206,30,75,195,195,242,3,215,204,46,182,80,93,59,238,77,81,131,75,71,228,216,165,123,214,31,120,41,0,205,69,136,94,0,221,244,130,109,95,90,0,67,13,0,47,17,52,6,0,158,83,163,61,16,115,71,102,196,44,168,36,229,209,143,219,59,214,4,11,12,29,99,119,205,51,84,179,11,135,134,5,246,104,24,246,57,88,117,50,106,191,83,124,140,203,61,134,17,78,155,213,155,16,193,57,42,60,161,151,163,64,223,70,171,1,26,171,140,239,117,185,51,169,73,212,91,232,65,176,216,123,18,9,129,138,12,238,18,255,199,177,140,114,36,98,74,197,25,60,115,252,220,100,96,189,32,174,203,117,12,24,188,130,142,82,54,104,210,234,76,233,231,132,201,183,13,176,231,27,144,54,252,91,241,61,220,166,48,105,195,226,129,44,215,159,24,12,150,232,30,157,219,126,96,224,39,96,16,228,224,165,143,187,134,245,85,215,92,152,127,71,78,103,5,222,220,60,192,49,170,220,159,130,99,233,166,141,195,91,11,203,19,21,153,100,141,170,247,150,226,71,98,84,151,2,69,212,106,196,63,215,207,217,244,13,129,82,43,9,160,190,12,5,150,109,166,25,246,127,222,68,62,5,114,186,231,202,52,217,156,44,137,2,174,38,34,113,137,193,202,132,31,80,170,69,129,48,176,136,33,107,75,72,0,134,100,180,113,230,95,232,79,227,20,50,157,185,71,56,21,122,130,34,206,26,142,248,125,17,106,211,179,79,144,209,50,197,208,19,240,222,107,45,187,233,75,95,249,131,52,103,78,21,90,170,98,163,157,102,72,144,190,172,31,144,40,186,215,112,134,37,135,222,253,77,212,153,186,93,40,102,243,205,104,216,75,115,137,90,219,189,179,13,109,97,166,79,136,249,56,190,237,246,139,236,120,11,212,62,13,161,226,90,126,131,49,203,173,113,113,78,95,129,228,190,9,87,7,55,194,173,9,44,233,197,118,108,210,228,61,64,98,55,44,49,191,20,90,225,74,170,252,134,88,93,233,202,133,252,54,200,238,42,114,201,77,3,23,175,182,60,199,206,187,79,210,179,218,110,56,255,204,196,3,59,81,50,207,93,114,6,20,87,64,168,146,29,226,74,93,153,132,30,85,188,201,25,163,53,103,218,109,68,128,167,163,60,21,222,96,16,93,103,3,232,132,173,126,81,47,115,32,196,211,85,89,49,244,0,149,228,254,128,92,192,61,220,181,26,124,37,136,204,188,80,149,195,250,217,79,97,7,136,81,189,155,177,148,46,150,227,160,78,58,166,150,40,172,117,151,235,152,10,107,14,218,138,109,227,80,35,247,159,60,223,168,251,29,10,117,218,4,2,144,39,87,232,243,192,156,155,38,161,101,91,211,240,124,175,123,67,79,153,198,47,244,12,184,131,32,15,58,107,8,202,125,96,13,69,24,186,175,177,115,119,111,23,213,85,220,5,93,75,25,13,144,7,49,132,56,94,124,114,243,74,143,26,35,102,152,232,248,106,117,115,245,245,167,153,133,111,154,58,215,225,120,74,57,91,114,212,22,115,128,79,177,144,47,52,99,183,170,198,108,108,163,206,228,231,249,107,217,60,188,12,202,37,31,8,101,71,96,18,198,12,100,38,160,217,176,18,241,37,103,22,123,110,107,255,137,189,96,140,76,226,224,87,41,165,199,44,27,128,44,36,165,157,44,20,255,147,151,148,93,199,229,199,217,230,143,225,223,197,202,150,221,152,46,5,128,100,95,215,255,15,97,76,149,82,190,83,219,247,177,159,51,11,69,184,150,114,247,37,110,110,117,197,242,169,240,14,253,90,253,196,243,31,89,233,2,56,126,69,103,1,77,133,245,199,160,70,248,102,124,98,231,118,59,23,18,7,128,71,87,181,179,171,96,104,121,238,77,143,228,235,156,92,111,91,81,89,86,76,5,204,41,147,129,145,36,28,42,226,135,3,220,64,79,187,52,145,193,121,177,190,140,194,96,67,207,59,188,84,220,20,75,93,27,122,201,205,226,43,219,97,3,23,115,42,204,41,172,40,174,248,24,196,151,227,47,111,114,73,181,157,59,106,206,73,224,86,155,25,98,194,231,53,140,57,97,202,114,130,142,190,95,126,156,201,110,96,193,137,72,168,104,211,214,183,188,183,249,173,22,141,81,97,19,84,211,152,94,229,23,10,55,188,180,142,148,17,116,111,219,32,152,203,48,227,159,69,165,170,183,95,239,149,250,38,91,29,159,42,85,183,213,165,58,118,61,149,164,242,7,36,205,40,172,231,67,39,111,243,228,146,192,215,59,49,217,246,198,28,20,92,160,218,194,227,239,133,215,110,40,180,18,28,88,124,135,12,172,199,128,89,115,15,201,45,2,2,84,9,30,181,224,216,66,202,138,58,134,55,175,211,148,208,40,66,112,41,40,211,111,90,104,24,174,42,178,120,185,34,175,211,144,233,250,80,104,79,216,248,236,218,6,77,151,83,27,91,201,26,165,240,128,255,151,161,227,60,84,142,102,2,215,169,89,108,118,242,109,230,225,113,165,94,190,120,209,76,45,16,63,119,167,51,125,70,140,208,50,252,109,251,229,133,145,125,132,229,162,187,13,96,41,185,194,151,247,57,12,137,197,22,193,156,193,102,245,160,133,122,86,61,208,213,3,124,3,32,105,233,188,43,30,146,14,111,241,91,206,88,219,5,115,122,127,233,164,38,160,18,115,79,164,167,236,142,20,142,166,2,118,58,155,28,221,72,192,135,161,197,123,42,91,45,131,99,73,248,203,121,181,137,161,61,5,232,15,30,20,236,21,5,46,223,237,194,161,254,110,235,50,84,220,0,10,29,163,185,75,57,129,158,214,72,11,242,210,125,228,199,126,44,162,219,63,222,163,242,192,104,24,234,20,15,144,167,0,87,241,71,19,211,52,233,200,187,208,94,40,224,184,44,101,227,156,102,95,99,234,30,159,145,119,187,243,204,128,228,161,137,228,8,147,38,67,68,29,54,225,201,212,228,194,255,129,17,212,152,45,233,38,138,192,67,243,71,33,139,44,163,29,72,234,71,136,1,193,133,220,226,177,170,86,60,61,27,129,62,121,115,219,61,157,211,203,23,179,111,210,54,208,27,246,60,144,181,191,50,147,64,80,216,173,92,66,26,134,139,81,100,147,15,113,0,75,21,247,104,29,0,77,36,184,244,168,124,152,182,108,19,100,5,252,118,132,183,117,6,233,24,125,176,148,80,44,70,193,71,253,8,144,99,72,57,203,165,247,25,120,2,236,17,150,193,213,133,22,25,74,240,140,67,46,154,4,11,223,153,88,29,132,136,169,101,149,230,46,232,143,53,180,27,47,132,251,20,10,148,143,49,139,175,51,34,97,168,79,156,174,35,253,229,30,24,43,124,245,248,13,49,247,28,244,80,123,87,104,44,168,226,44,136,83,18,81,146,57,243,91,185,1,207,50,205,187,192,193,31,53,245,145,183,167,60,5,253,67,196,249,213,219,78,133,165,132,182,121,172,232,212,171,205,120,94,26,171,6,51,69,214,56,151,133,50,135,117,30,12,237,183,58,99,56,136,93,237,21,137,223,228,2,27,35,230,90,46,244,72,156,9,42,11,150,238,71,110,3,166,166,12,171,212,253,39,194,97,141,119,153,72,147,105,227,138,30,200,182,2,9,143,174,8,137,40,37,63,27,99,164,190,177,10,30,68,52,215,251,88,18,152,4,167,67,80,52,184,113,244,140,49,33,162,255,176,106,32,82,96,238,39,101,228,32,191,47,105,244,215,119,35,84,39,193,28,230,102,54,137,105,113,125,180,232,251,108,27,165,246,30,141,209,77,138,61,125,83,198,179,176,20,227,214,79,26,75,13,136,252,243,215,171,247,149,205,43,98,80,86,123,118,24,122,192,243,50,164,35,44,223,228,45,215,134,81,185,197,140,192,68,40,76,122,12,176,84,197,194,161,141,161,93,186,164,225,33,83,202,111,166,199,59,210,205,158,63,208,148,94,20,79,126,66,187,208,176,178,130,247,128,41,146,7,139,75,69,4,226,103,6,193,110,80,199,124,175,152,218,119,106,82,205,25,195,63,220,32,125,205,253,35,108,185,193,75,231,104,148,27,132,11,18,105,193,170,80,196,247,88,226,213,100,53,101,117,113,16,45,109,38,18,196,171,93,89,57,127,9,136,54,95,126,117,90,8,70,30,219,172,254,203,189,74,202,202,1,134,201,200,221,186,233,55,110,128,18,115,204,157,67,218,176,204,0,7,38,196,43,146,57,240,180,187,224,41,7,195,200,125,57,36,66,214,70,3,155,21,190,248,237,246,185,16,150,25,148,89,122,252,192,62,104,171,89,103,124,56,187,176,176,229,190,114,233,170,27,254,230,107,95,151,90,169,108,54,85,123,150,7,78,192,251,139,52,45,131,198,211,99,85,211,140,130,16,148,68,202,54,74,190,167,164,10,252,72,24,150,171,135,162,8,29,230,243,48,171,129,109,133,132,121,231,242,60,85,129,87,232,67,26,29,222,78,48,219,175,46,156,22,99,31,231,254,113,188,231,80,136,115,76,232,224,126,90,40,166,96,25,73,77,164,139,207,236,169,181,157,219,140,44,75,51,161,162,175,14,199,202,250,255,210,53,229,192,40,231,45,22,48,36,229,13,119,191,118,99,216,97,105,74,206,162,192,201,65,231,59,77,16,170,64,214,248,46,158,9,205,97,63,96,94,236,169,231,141,236,252,221,184,164,76,192,141,144,114,222,248,194,40,77,151,206,164,196,115,214,180,220,14,5,198,166,1,207,194,55,137,94,85,207,184,127,236,241,1,18,222,43,86,199,180,212,5,172,16,220,42,154,168,42,113,250,36,161,158,151,240,239,206,195,132,97,18,227,162,208,190,191,137,29,149,57,17,252,250,168,93,36,220,141,196,153,204,216,207,125,234,147,221,11,167,19,16,166,211,253,118,151,195,72,158,103,213,148,84,110,54,34,181,144,219,173,137,176,52,129,12,172,91,78,58,45,158,140,167,96,241,123,190,181,159,99,36,172,151,135,87,118,151,226,248,32,63,41,52,157,241,135,55,85,81,184,166,91,187,167,47,236,122,4,136,167,150,79,75,155,246,201,228,116,6,2,30,93,95,231,173,45,163,200,85,142,76,173,44,35,59,112,25,205,63,231,240,195,83,190,29,57,224,219,130,20,234,214,159,223,156,65,30,159,64,209,196,129,118,183,251,66,58,175,67,60,15,186,212,56,124,193,13,234,56,27,204,97,38,153,0,18,154,7,138,88,224,201,150,119,47,213,21,33,183,249,170,234,40,7,69,97,182,147,97,6,21,154,64,228,98,109,160,77,62,151,226,106,167,236,63,137,42,105,184,222,66,62,31,206,201,12,32,64,198,83,165,146,25,189,22,171,123,53,1,209,114,207,174,254,177,108,61,170,180,151,110,141,117,136,130,75,99,183,68,57,192,1,215,75,108,151,238,1,130,248,114,120,179,253,183,108,15,88,43,230,33,190,138,224,63,54,110,23,93,234,223,130,61,170,15,233,57,107,179,195,152,10,192,191,94,164,195,252,153,80,233,111,192,170,110,96,246,247,191,241,42,81,41,116,84,122,254,255,29,136,67,110,217,45,210,142,209,107,71,252,65,138,51,210,102,0,70,209,117,163,117,248,34,124,118,187,63,219,100,226,50,88,162,240,94,98,121,222,146,52,226,217,149,147,227,185,207,77,182,41,35,238,104,100,186,251,113,37,153,41,190,76,160,36,72,178,48,29,85,104,155,176,73,16,124,2,91,167,59,177,241,96,2,14,182,226,3,53,153,184,82,50,77,38,180,116,37,133,131,87,227,92,31,35,202,30,109,242,162,75,208,5,109,182,206,88,147,227,182,142,35,135,149,229,252,92,155,129,44,108,251,212,55,158,112,5,25,140,30,71,226,100,107,143,195,1,0,235,9,24,31,74,165,202,196,216,50,206,105,8,50,158,1,177,159,122,142,81,176,230,252,107,252,117,119,137,61,131,53,130,219,59,211,106,216,193,52,84,4,170,15,166,201,121,232,15,1,27,195,61,192,97,253,94,171,44,9,151,114,31,193,168,102,117,84,244,88,132,236,33,187,93,30,136,124,148,26,0,201,125,105,4,147,203,230,78,24,50,145,5,185,176,0,111,83,149,253,254,50,203,113,26,25,74,161,108,5,220,214,151,176,67,153,71,221,228,254,129,37,248,73,248,119,91,255,252,250,14,130,30,136,86,0,124,205,252,131,229,102,11,66,121,202,59,181,243,162,76,138,39,22,212,172,156,81,148,70,134,148,135,99,42,215,107,57,116,19,105,75,172,169,223,71,159,74,213,105,95,40,194,101,44,169,9,39,200,247,255,223,186,41,95,228,14,34,154,122,164,22,151,90,7,252,38,206,65,192,167,216,200,234,126,68,170,212,252,169,234,49,98,247,138,237,164,220,130,41,198,15,60,205,93,248,123,159,229,233,58,191,179,57,58,1,88,24,80,110,68,105,41,156,27,19,210,253,95,19,177,108,6,160,223,118,108,198,71,57,149,203,182,80,86,172,64,126,98,30,132,155,243,148,93,235,148,204,222,114,73,47,39,251,205,207,80,237,63,15,126,213,235,27,151,253,22,19,254,195,23,154,139,144,207,96,13,57,6,193,81,175,221,184,246,150,245,39,63,48,193,245,198,52,30,238,175,207,146,15,58,93,28,72,154,45,133,247,85,169,5,233,136,95,240,66,68,171,220,8,124,234,209,70,19,160,55,228,34,55,83,97,5,229,249,241,168,58,160,140,232,233,85,255,30,106,207,14,98,92,110,241,67,208,110,19,58,221,172,7,82,27,61,244,183,1,74,13,192,146,6,190,204,148,179,57,227,51,42,158,184,7,78,187,244,144,193,197,206,177,138,60,63,76,28,59,83,4,96,116,50,133,206,212,142,188,146,43,11,162,109,242,72,62,142,166,247,156,49,138,150,220,55,122,22,47,74,226,9,199,73,212,72,215,112,30,221,18,36,97,53,203,51,119,203,11,183,238,157,127,251,192,183,144,170,123,79,239,235,125,80,216,74,215,5,11,198,222,236,243,71,191,39,5,136,251,49,251,165,120,49,8,166,77,78,211,194,112,120,68,243,2,252,85,123,254,47,161,64,63,44,154,206,37,34,128,121,29,226,182,23,17,239,142,201,215,154,154,14,4,141,81,177,219,221,141,36,192,185,253,91,145,17,3,21,92,78,54,65,0,176,204,251,65,242,72,174,113,243,205,191,40,90,50,105,42,2,204,216,119,29,162,86,182,151,182,55,30,117,119,3,10,117,178,79,204,241,211,107,97,160,231,94,33,177,93,19,215,76,50,203,225,59,234,156,99,242,42,106,29,208,216,164,97,39,153,48,83,16,91,96,196,101,103,78,201,203,148,245,234,127,76,36,223,44,251,194,191,80,55,37,187,27,157,33,175,178,59,249,77,72,26,72,206,145,48,196,85,251,61,42,63,189,5,37,175,156,16,50,227,207,142,240,28,129,166,8,211,159,21,111,249,163,27,204,249,39,154,51,221,11,3,49,222,225,11,39,126,153,110,226,161,86,132,162,3,84,176,219,154,238,125,25,245,243,199,135,44,255,39,213,252,133,11,165,114,173,146,255,15,82,239,141,132,224,205,30,31,27,214,172,254,30,51,249,126,59,184,209,252,74,121,187,158,80,81,142,122,33,205,54,168,53,2,105,225,106,143,17,34,46,104,223,120,15,82,134,186,5,117,49,33,46,31,136,134,193,164,107,48,135,225,76,87,225,155,163,27,52,251,21,181,145,119,50,129,26,42,119,149,116,235,227,185,226,171,140,170,158,63,162,39,133,94,223,177,72,138,121,3,125,45,180,149,89,56,30,157,223,8,242,49,36,142,92,208,4,10,86,229,131,49,1,44,233,247,28,48,77,6,88,35,47,172,106,138,235,46,237,105,172,152,124,207,42,49,237,9,184,171,22,255,90,157,165,59,219,207,186,103,93,52,108,202,240,120,140,49,142,184,17,186,99,199,41,168,232,178,127,220,47,226,0,144,208,40,224,163,25,36,177,186,64,86,91,120,235,5,225,156,82,163,237,107,86,209,30,197,151,66,78,166,138,166,115,64,224,199,246,7,233,1,147,247,180,87,243,25,0,190,113,93,196,195,232,255,143,105,253,171,96,124,85,134,253,160,225,147,42,119,247,113,195,13,204,105,195,106,94,66,209,98,252,240,129,83,111,215,50,254,180,126,106,209,249,162,22,221,106,150,200,120,52,171,149,163,54,123,251,17,227,121,194,126,95,36,4,0,47,89,137,156,11,30,45,198,206,102,31,177,82,119,234,97,183,69,10,96,128,79,93,152,239,119,10,114,131,147,128,22,252,100,99,94,125,194,113,214,20,199,62,95,132,235,23,234,218,250,235,59,18,137,32,4,72,145,26,239,39,26,167,140,171,37,169,26,243,220,116,200,105,33,208,7,121,165,223,193,205,158,94,199,195,182,149,48,212,152,85,233,239,165,140,14,47,197,255,136,124,225,6,237,245,201,221,46,182,150,77,217,187,126,230,170,216,178,43,69,45,227,105,95,163,192,58,209,58,39,243,147,175,1,135,76,233,4,237,187,199,1,133,94,202,173,192,105,97,47,217,53,205,131,146,167,171,245,71,22,45,8,51,127,111,241,201,6,131,31,249,22,253,37,243,194,232,252,101,128,41,205,122,144,82,199,176,170,215,240,24,23,75,218,188,9,254,228,161,25,183,140,26,109,235,6,38,88,27,18,245,244,40,250,110,30,88,225,220,4,33,141,69,249,137,213,186,236,233,198,90,191,15,210,161,37,65,158,243,40,60,93,226,205,111,46,243,168,184,63,76,189,188,186,6,87,96,228,96,247,181,117,38,185,75,119,252,125,119,255,119,104,135,35,189,145,209,208,174,107,27,143,248,0,176,4,254,125,121,220,113,108,81,188,178,145,7,106,128,242,194,17,200,99,227,129,93,177,133,219,112,81,252,57,95,20,154,196,6,174,170,217,247,54,51,178,6,163,190,113,24,211,110,125,122,69,46,161,8,7,221,145,44,124,236,113,152,93,157,171,48,17,170,37,21,86,215,210,125,153,116,163,171,7,166,6,122,138,169,12,231,200,228,115,251,183,51,204,3,145,92,134,14,142,193,201,129,39,122,181,208,52,122,110,47,103,19,168,214,220,91,82,55,61,41,231,122,159,220,60,199,17,239,49,215,58,145,31,253,243,203,205,162,144,54,19,49,55,134,196,229,224,36,204,55,106,219,194,14,207,114,104,142,24,128,35,208,9,188,191,158,208,227,47,62,119,109,176,7,9,72,184,245,32,221,45,224,216,229,254,62,242,175,201,96,154,36,19,140,57,191,140,168,18,245,231,30,55,165,143,157,198,85,160,188,128,63,58,41,19,124,232,99,254,163,173,68,157,0,163,86,224,112,136,104,204,28,137,145,41,123,163,233,179,192,29,87,255,36,215,52,55,163,57,109,251,116,195,46,207,198,17,42,31,92,136,91,77,134,134,144,9,1,145,4,57,156,244,189,208,190,181,107,183,19,129,80,163,201,211,14,154,29,19,245,228,103,13,24,220,133,63,17,221,242,39,60,197,82,49,120,248,24,2,55,208,119,128,224,34,196,223,134,109,152,204,35,149,64,253,178,209,56,239,97,14,68,118,222,5,174,139,146,181,50,160,168,190,194,70,206,45,114,17,49,140,109,192,42,45,115,68,188,73,13,7,63,172,253,147,59,91,95,0,166,209,0,109,30,255,107,144,157,147,227,12,221,72,103,86,192,119,233,229,20,37,166,130,19,83,188,45,12,189,168,72,50,104,100,232,76,194,177,131,184,31,52,31,211,206,198,21,32,214,108,228,66,70,195,44,131,50,182,52,178,169,1,110,117,40,127,6,230,181,193,103,181,249,163,236,181,89,10,119,195,120,95,59,35,113,176,161,169,64,201,252,63,105,33,164,66,138,90,119,42,57,136,65,253,175,182,91,25,165,135,150,179,199,90,198,239,30,177,145,41,161,217,162,153,194,148,33,127,211,158,76,218,63,41,244,160,33,188,207,68,25,19,197,82,74,41,103,22,142,202,42,47,18,65,169,237,59,155,208,69,62,128,189,191,154,231,144,45,187,255,99,122,225,15,255,240,123,76,69,184,148,155,122,248,144,254,155,83,198,29,148,166,76,205,3,27,15,81,163,135,112,213,207,161,75,245,66,106,104,3,69,4,97,43,58,218,122,252,91,220,165,193,223,133,132,219,51,134,0,236,45,78,90,151,201,19,240,11,238,196,73,130,71,220,151,150,55,187,97,90,11,174,114,231,149,217,92,229,136,179,102,141,53,109,163,142,149,197,76,163,245,188,85,30,116,150,126,140,71,157,236,103,212,136,141,196,203,128,209,43,141,126,35,118,28,60,35,219,204,162,32,106,3,216,38,40,10,33,21,189,243,186,91,13,42,63,239,194,60,91,181,153,112,54,159,148,79,122,177,159,180,87,151,26,100,245,91,202,217,68,175,89,198,127,130,212,41,175,84,78,107,239,141,161,227,194,107,208,81,113,232,48,29,123,68,211,215,173,140,32,17,44,124,63,191,108,180,237,8,192,13,186,109,161,141,165,202,50,148,138,25,27,234,27,125,16,99,32,51,238,63,108,0,0,3,3,50,174,224,93,172,8,98,240,107,166,29,74,53,125,73,133,226,179,132,206,55,42,238,169,25,96,191,187,71,79,86,52,168,146,202,227,174,248,146,192,89,90,114,61,223,180,53,88,151,158,183,95,99,163,216,246,43,23,236,216,205,129,33,212,28,89,89,167,127,66,58,241,48,184,185,103,71,11,134,108,40,231,181,44,187,242,5,97,228,6,137,175,111,77,59,118,176,69,113,151,38,192,163,72,64,54,34,84,167,243,87,181,101,195,241,224,249,27,215,145,133,46,172,207,143,36,249,80,190,124,42,250,81,110,6,79,122,124,99,151,122,14,28,163,232,75,49,142,116,47,143,221,205,238,199,142,87,190,232,142,45,25,67,16,225,118,112,99,56,212,140,65,182,165,189,229,216,228,190,139,221,187,85,249,151,86,12,116,219,187,103,145,56,204,83,123,155,219,76,64,15,14,102,235,52,22,67,97,122,149,222,200,17,73,31,178,195,166,72,107,255,94,114,219,126,97,169,170,160,167,150,113,49,148,255,221,176,162,103,193,141,233,171,40,201,143,247,117,17,235,241,102,52,180,126,152,254,212,50,250,160,198,13,192,132,9,249,68,240,223,241,168,197,1,163,82,216,107,85,206,126,29,93,176,95,255,243,96,155,139,171,130,39,125,195,91,190,43,208,206,79,167,223,125,208,33,124,238,173,32,190,113,159,112,8,178,137,205,192,190,227,2,204,149,138,113,14,185,16,61,9,224,151,233,98,70,190,102,220,210,107,166,110,60,67,131,25,227,119,44,223,81,122,181,179,247,78,58,160,61,171,145,189,126,215,238,134,190,197,105,39,224,129,141,61,56,172,134,112,189,172,251,10,213,134,175,34,170,234,126,70,245,26,238,208,137,47,243,202,104,160,111,106,159,72,37,48,177,248,114,76,74,180,167,230,67,214,71,231,109,57,87,85,185,213,220,216,170,224,178,205,119,134,114,181,218,86,221,24,102,202,247,29,214,0,82,195,159,156,178,222,153,236,125,23,179,244,106,47,211,60,157,155,150,148,136,195,233,70,226,190,175,134,195,70,206,44,84,167,28,255,6,198,143,162,0,79,199,10,4,223,240,24,113,250,195,52,66,81,22,90,205,140,67,205,98,68,101,63,124,116,79,123,152,221,162,2,175,172,113,3,223,211,196,31,208,133,181,67,115,211,54,72,159,47,23,141,244,65,138,28,4,106,60,139,144,183,227,212,131,67,206,146,221,218,31,0,61,54,152,186,186,137,188,198,115,245,174,177,188,121,120,88,91,67,144,95,28,73,93,204,100,210,77,37,128,117,250,182,57,200,205,31,232,225,194,254,21,187,37,111,231,173,121,214,193,222,26,12,11,200,78,8,68,160,247,199,34,149,117,234,71,162,139,149,53,187,20,161,102,154,180,241,231,87,25,90,111,163,0,7,136,41,15,123,0,32,114,21,28,177,165,236,214,193,225,12,204,250,228,143,142,111,194,59,112,72,182,135,67,44,36,197,120,25,240,110,46,53,116,193,220,56,103,122,47,215,87,32,130,55,98,116,178,40,185,184,97,187,202,2,199,235,193,157,134,59,115,136,175,1,28,61,138,76,124,51,70,130,83,208,126,110,227,40,187,8,238,37,138,175,84,229,87,4,239,150,63,251,51,10,200,167,108,119,68,130,240,251,110,99,19,6,204,115,226,190,241,208,29,30,27,51,120,195,136,168,68,195,71,96,163,121,22,163,176,74,237,147,63,83,94,64,239,160,74,183,86,193,23,148,136,222,5,154,244,104,85,99,252,132,86,252,173,159,104,154,195,65,189,190,77,119,110,188,111,73,246,100,219,208,70,92,232,182,78,159,25,253,177,136,19,106,93,3,233,218,199,81,13,57,164,168,80,74,2,131,64,109,14,140,33,130,104,226,200,239,255,82,222,149,47,118,239,186,27,174,151,168,68,94,226,88,120,194,13,112,165,160,186,55,47,20,87,91,81,39,74,98,93,24,146,218,113,165,148,44,120,68,14,246,154,12,141,7,175,89,99,188,79,157,110,124,45,132,113,57,19,200,77,65,255,13,29,201,43,50,14,252,41,192,10,154,8,156,93,132,243,74,148,27,234,71,159,56,29,255,25,85,0,109,239,199,51,252,64,242,230,77,190,125,176,227,10,76,48,210,35,0,143,4,201,176,79,228,235,94,234,200,181,4,130,109,82,11,142,160,14,26,134,217,137,51,43,143,52,126,147,132,54,25,101,106,17,179,242,4,127,203,236,80,225,180,7,81,126,255,186,7,46,89,68,91,170,233,252,176,240,135,53,131,89,18,200,129,89,183,2,213,223,99,228,195,50,147,80,62,196,203,207,152,124,60,173,246,225,73,198,216,98,248,202,11,247,40,249,96,201,150,227,124,21,66,203,69,39,97,247,214,13,165,11,26,53,114,138,98,98,32,12,206,1,173,166,66,153,58,8,74,75,215,115,155,170,183,0,113,128,45,241,6,78,24,194,162,133,98,145,152,141,38,194,94,191,163,231,141,209,175,96,94,163,240,114,173,154,246,15,60,180,64,254,120,157,33,135,155,203,18,48,20,60,194,195,103,0,75,45,14,127,23,121,100,74,232,115,67,245,136,37,127,22,78,73,45,221,157,59,78,193,99,214,156,251,240,57,137,229,74,193,140,107,68,48,11,142,56,21,129,48,237,102,15,234,213,254,99,100,180,140,129,148,177,56,67,116,36,29,185,92,15,163,140,235,167,247,85,81,47,217,69,163,94,190,220,113,45,146,211,74,215,229,134,12,102,159,27,98,99,142,250,81,4,132,245,96,108,18,215,204,248,238,101,125,192,193,122,56,78,97,94,200,155,118,226,196,32,30,204,39,46,84,66,75,196,168,236,6,10,8,52,8,139,215,215,50,89,69,108,8,226,32,169,136,197,59,151,239,213,213,54,35,190,42,10,33,63,229,175,239,200,138,240,149,106,86,192,206,137,220,135,114,115,84,160,21,151,233,241,202,235,216,22,208,232,160,241,123,24,22,138,207,93,2,243,9,61,176,34,216,3,2,0,103,251,79,252,240,191,128,228,120,51,186,224,134,205,147,130,13,176,91,66,90,205,82,168,90,219,28,186,70,244,142,243,205,35,177,89,220,213,52,206,57,93,193,206,11,211,207,201,19,32,86,78,84,4,32,42,155,20,33,173,237,95,196,225,141,175,20,52,131,211,72,24,55,194,139,212,222,63,212,114,78,116,64,212,36,222,140,95,184,49,66,194,30,55,171,94,164,9,97,104,213,118,198,217,121,136,84,185,202,228,193,154,210,115,216,65,195,171,38,66,117,217,244,208,59,215,169,120,195,196,200,63,236,181,88,59,211,91,177,14,102,241,249,206,61,191,14,233,18,241,122,25,143,154,248,68,71,126,54,172,105,42,62,150,122,221,228,27,33,95,251,148,71,98,54,79,197,206,226,139,228,86,124,102,212,17,57,121,29,247,208,169,222,54,140,0,236,133,177,247,77,148,180,122,124,184,115,56,152,186,218,100,37,209,162,198,86,46,32,196,208,83,203,29,150,78,109,47,75,26,32,174,175,130,44,2,51,49,101,137,46,158,7,64,117,224,235,20,89,21,178,189,41,189,207,156,103,209,240,208,80,60,187,38,42,145,159,24,61,166,227,91,154,152,171,68,26,249,119,44,194,28,111,106,99,65,72,15,105,66,118,177,200,157,219,17,121,218,18,58,122,53,217,211,148,177,64,250,79,45,4,238,179,48,103,11,34,60,192,24,209,48,138,215,148,182,70,233,242,183,196,97,228,29,109,1,135,30,120,157,19,143,207,212,24,13,198,191,168,84,243,250,235,176,239,89,91,240,134,7,74,114,59,214,13,29,32,186,51,73,67,54,56,196,188,152,169,59,59,64,68,143,182,231,161,223,101,119,10,212,138,139,242,131,207,29,22,165,60,98,0,176,69,148,217,123,132,159,106,19,184,247,178,78,57,120,252,13,181,229,46,40,119,116,77,102,43,133,21,218,86,84,175,200,165,72,132,147,250,205,117,32,193,219,166,5,175,21,105,126,75,3,211,156,189,220,201,115,173,20,253,133,130,212,106,45,168,209,42,203,203,244,202,26,248,223,198,56,186,71,87,139,229,61,77,139,111,113,111,140,57,81,103,159,251,75,223,241,19,129,121,74,159,42,245,219,84,200,168,31,146,26,245,84,210,228,188,144,250,215,105,128,188,236,67,217,57,223,173,73,229,124,109,119,183,135,211,207,89,206,95,49,176,218,53,199,104,110,150,160,116,198,72,0,95,136,12,245,125,88,31,216,193,194,143,227,156,85,134,230,212,16,37,34,171,52,130,105,82,119,221,68,56,192,180,53,171,245,131,76,143,115,2,134,199,236,4,224,92,252,198,203,245,20,63,10,212,12,176,148,220,184,250,161,238,106,243,249,211,205,19,223,110,108,205,193,96,11,90,190,232,114,93,107,58,117,70,249,66,58,179,254,230,208,149,239,155,15,121,101,231,7,69,22,40,195,154,164,194,56,75,32,89,183,60,170,193,177,131,43,86,74,247,141,170,246,232,78,231,223,169,33,65,217,88,221,185,135,122,211,155,143,26,8,188,118,29,2,111,81,154,100,148,197,20,248,165,147,59,100,74,143,142,77,238,113,97,186,238,22,245,61,98,95,202,8,7,223,106,98,160,37,152,173,33,134,169,7,85,140,119,57,62,198,112,110,133,89,97,3,227,148,204,87,203,151,79,127,223,246,157,144,53,123,70,25,3,59,205,231,252,109,167,103,26,243,188,13,65,30,42,3,117,161,163,168,196,137,250,202,216,170,173,40,244,126,46,65,143,73,171,54,127,147,160,189,149,24,39,41,133,205,140,98,39,178,139,101,33,231,0,36,25,26,15,127,99,225,46,213,127,222,93,171,199,205,67,79,97,201,94,109,190,128,23,169,201,165,183,195,15,191,62,187,73,60,214,194,122,195,129,145,28,15,65,36,87,118,16,4,192,185,25,135,132,95,235,152,96,82,241,157,96,179,90,52,172,176,204,248,57,92,140,104,89,0,41,125,238,149,93,58,120,4,136,189,70,7,163,206,234,30,228,197,26,253,120,164,254,225,239,34,29,124,132,70,23,78,13,103,18,123,252,135,31,55,225,135,10,195,172,52,139,245,184,7,186,62,84,167,254,227,241,115,166,60,201,158,101,130,73,90,159,107,227,26,166]},"_outOffset":0,"_chunkSize":16384,"_defaultFlushFlag":0,"_finishFlushFlag":4,"_defaultFullFlushFlag":3,"_maxOutputLength":9007199254740991,"_rejectGarbageAfterEnd":false,"_level":9,"_strategy":0,"_mode":3}}): FetchError: request to https://upload-firebasehosting.googleapis.com/upload/sites/heritage-35f8a/versions/ad45a5e75656e34f/files/ec9ac65dc5c0271482df1fb4c174fad0e1ef3604f65cb2b932ae092e56f03db6 failed, reason: write ECONNRESET
[debug] [2026-01-30T13:52:26.279Z] <<< [apiv2][status] POST https://upload-firebasehosting.googleapis.com/upload/sites/heritage-35f8a/versions/ad45a5e75656e34f/files/ecc3c9d5e255728171b491f7031daae96e8b593432cdad29c4be495935f3c7c3 200
[debug] [2026-01-30T13:52:26.280Z] <<< [apiv2][body] POST https://upload-firebasehosting.googleapis.com/upload/sites/heritage-35f8a/versions/ad45a5e75656e34f/files/ecc3c9d5e255728171b491f7031daae96e8b593432cdad29c4be495935f3c7c3 [stream]
[debug] [2026-01-30T13:52:26.441Z] [uploadQueue] Retrying task ec9ac65dc5c0271482df1fb4c174fad0e1ef3604f65cb2b932ae092e56f03db6
[debug] [2026-01-30T13:52:26.442Z] Checked if tokens are valid: true, expires at: 1769784714805
[debug] [2026-01-30T13:52:26.442Z] Checked if tokens are valid: true, expires at: 1769784714805
[debug] [2026-01-30T13:52:26.442Z] >>> [apiv2][query] POST https://upload-firebasehosting.googleapis.com/upload/sites/heritage-35f8a/versions/ad45a5e75656e34f/files/ec9ac65dc5c0271482df1fb4c174fad0e1ef3604f65cb2b932ae092e56f03db6 [none]
[debug] [2026-01-30T13:52:26.443Z] >>> [apiv2][body] POST https://upload-firebasehosting.googleapis.com/upload/sites/heritage-35f8a/versions/ad45a5e75656e34f/files/ec9ac65dc5c0271482df1fb4c174fad0e1ef3604f65cb2b932ae092e56f03db6 [stream]
[debug] [2026-01-30T13:52:26.471Z] <<< [apiv2][status] POST https://upload-firebasehosting.googleapis.com/upload/sites/heritage-35f8a/versions/ad45a5e75656e34f/files/1cb4be4e01e7016e5a2a81852fe16dc73730f4f7f55fe3ad0157822316643470 200
[debug] [2026-01-30T13:52:26.471Z] <<< [apiv2][body] POST https://upload-firebasehosting.googleapis.com/upload/sites/heritage-35f8a/versions/ad45a5e75656e34f/files/1cb4be4e01e7016e5a2a81852fe16dc73730f4f7f55fe3ad0157822316643470 [stream]
[debug] [2026-01-30T13:52:27.039Z] <<< [apiv2][status] POST https://upload-firebasehosting.googleapis.com/upload/sites/heritage-35f8a/versions/ad45a5e75656e34f/files/e0d8e9b91c9041911ce27fdccbf40e30e4c52cdcf4d83c9f9f2cc83f9251462e 200
[debug] [2026-01-30T13:52:27.039Z] <<< [apiv2][body] POST https://upload-firebasehosting.googleapis.com/upload/sites/heritage-35f8a/versions/ad45a5e75656e34f/files/e0d8e9b91c9041911ce27fdccbf40e30e4c52cdcf4d83c9f9f2cc83f9251462e [stream]
[debug] [2026-01-30T13:52:31.820Z] <<< [apiv2][status] POST https://upload-firebasehosting.googleapis.com/upload/sites/heritage-35f8a/versions/ad45a5e75656e34f/files/1424ab48678db111fe596b90910230041d75e0fbe3ce3d812ba8bc868ae088fb 200
[debug] [2026-01-30T13:52:31.821Z] <<< [apiv2][body] POST https://upload-firebasehosting.googleapis.com/upload/sites/heritage-35f8a/versions/ad45a5e75656e34f/files/1424ab48678db111fe596b90910230041d75e0fbe3ce3d812ba8bc868ae088fb [stream]
[debug] [2026-01-30T13:52:32.127Z] <<< [apiv2][status] POST https://upload-firebasehosting.googleapis.com/upload/sites/heritage-35f8a/versions/ad45a5e75656e34f/files/ddb2060372d87381f71521b924ee887b4df36855d06b06a003cc0f39074c99da 200
[debug] [2026-01-30T13:52:32.127Z] <<< [apiv2][body] POST https://upload-firebasehosting.googleapis.com/upload/sites/heritage-35f8a/versions/ad45a5e75656e34f/files/ddb2060372d87381f71521b924ee887b4df36855d06b06a003cc0f39074c99da [stream]
[debug] [2026-01-30T13:52:32.149Z] <<< [apiv2][status] POST https://upload-firebasehosting.googleapis.com/upload/sites/heritage-35f8a/versions/ad45a5e75656e34f/files/f10f9f350628d1ef4a3155108b648a647cc0fc0872a05325ba934e29244da857 200
[debug] [2026-01-30T13:52:32.150Z] <<< [apiv2][body] POST https://upload-firebasehosting.googleapis.com/upload/sites/heritage-35f8a/versions/ad45a5e75656e34f/files/f10f9f350628d1ef4a3155108b648a647cc0fc0872a05325ba934e29244da857 [stream]
[debug] [2026-01-30T13:52:32.317Z] <<< [apiv2][status] POST https://upload-firebasehosting.googleapis.com/upload/sites/heritage-35f8a/versions/ad45a5e75656e34f/files/22d6c001628a0f17e99a9e38ff4bb83a1159e73be30b507bc112709eec2fa0b6 200
[debug] [2026-01-30T13:52:32.317Z] <<< [apiv2][body] POST https://upload-firebasehosting.googleapis.com/upload/sites/heritage-35f8a/versions/ad45a5e75656e34f/files/22d6c001628a0f17e99a9e38ff4bb83a1159e73be30b507bc112709eec2fa0b6 [stream]
[debug] [2026-01-30T13:52:32.922Z] <<< [apiv2][status] POST https://upload-firebasehosting.googleapis.com/upload/sites/heritage-35f8a/versions/ad45a5e75656e34f/files/4aba719cba7858e30f9ad97e7c94a705151761f321148a64bc979403fe93eacd 200
[debug] [2026-01-30T13:52:32.922Z] <<< [apiv2][body] POST https://upload-firebasehosting.googleapis.com/upload/sites/heritage-35f8a/versions/ad45a5e75656e34f/files/4aba719cba7858e30f9ad97e7c94a705151761f321148a64bc979403fe93eacd [stream]
[debug] [2026-01-30T13:52:33.622Z] <<< [apiv2][status] POST https://upload-firebasehosting.googleapis.com/upload/sites/heritage-35f8a/versions/ad45a5e75656e34f/files/ec9ac65dc5c0271482df1fb4c174fad0e1ef3604f65cb2b932ae092e56f03db6 200
[debug] [2026-01-30T13:52:33.622Z] <<< [apiv2][body] POST https://upload-firebasehosting.googleapis.com/upload/sites/heritage-35f8a/versions/ad45a5e75656e34f/files/ec9ac65dc5c0271482df1fb4c174fad0e1ef3604f65cb2b932ae092e56f03db6 [stream]
